#include <stdint.h>
#include "frontend/mic_default_sample.h"

const int16_t mic_default_sample[MIC_DEFAULT_SAMPLE_COUNT] = {
    0xc3d9, 0x5bb2, 0xb16d, 0xbc4e, 0xcbe3, 0x8f42, 0x663b, 0x17e5, 0x11a3, 0x60fa, 0x02a1, 0x1e8b, 0x388e, 0xd029, 0x4bc6, 0xb786,
    0x66e8, 0x55a3, 0x9455, 0x3357, 0x5172, 0x60b1, 0x659b, 0xf0d4, 0x6ba2, 0x66a4, 0x70b8, 0x2924, 0xa438, 0x4cd8, 0x70b1, 0xe9e6,
    0x966a, 0x754b, 0x24bf, 0xc608, 0x9794, 0x358f, 0x0b40, 0x4514, 0x894d, 0x0064, 0x0524, 0x98d5, 0xd834, 0x09ac, 0x89cc, 0xa1cc,
    0x8ef0, 0xad0c, 0x9377, 0xc9e4, 0xe5e9, 0x5ee8, 0xec24, 0xbdb5, 0x3773, 0x6fde, 0x0303, 0x8c51, 0xc071, 0x6ae6, 0xf25b, 0x358b,
    0x1589, 0x55c3, 0xdde7, 0x2ecd, 0xb4a5, 0x9c30, 0x51c6, 0xe649, 0x9b5a, 0xed30, 0xc9f1, 0xccc7, 0x495a, 0xd342, 0x0a0b, 0xedfc,
    0x17b1, 0x4ede, 0x6dd8, 0x9f40, 0x4c6f, 0x3b77, 0xda16, 0x4cea, 0xd2c8, 0xc707, 0x7600, 0xedf2, 0xffce, 0xc410, 0xd51b, 0x266e,
    0x4b7a, 0x1e36, 0xb9ac, 0xa02b, 0x666e, 0x393a, 0x1794, 0xa21e, 0x940f, 0x8279, 0x7fd1, 0x6dfc, 0xb141, 0xfd06, 0x9c49, 0x6caa,
    0xcf72, 0x102e, 0xe43f, 0xb102, 0xcc4c, 0x607b, 0x313a, 0xd8fe, 0xcdf5, 0xfb31, 0x5c7a, 0xd59b, 0x0b95, 0x9c73, 0x8cc2, 0xa115,
    0xca96, 0x57ac, 0x5ce8, 0x6bb5, 0xf836, 0x6aba, 0x8280, 0x471d, 0x47c5, 0x8348, 0x1d9a, 0xd7fa, 0x3d42, 0x3f07, 0x5854, 0x166e,
    0x0c7e, 0x2e0e, 0x7f7d, 0xa4b5, 0xb4d6, 0x1ffb, 0x3b62, 0xc48c, 0x4144, 0x036c, 0x1142, 0x72d5, 0x9522, 0x200f, 0xd52b, 0xb20f,
    0xad2d, 0xf334, 0x3462, 0x8af6, 0xbd54, 0x76c0, 0x0059, 0xcbd4, 0x12c9, 0x1ab1, 0x6218, 0x0e58, 0x22a7, 0x3951, 0x9e00, 0x0bcb,
    0xad31, 0x4d84, 0x906c, 0xc7e5, 0x5d5f, 0xb404, 0x8a62, 0x9a15, 0xcd0d, 0x3ec5, 0xb728, 0x9d3a, 0x55b8, 0x6309, 0xb211, 0x8df7,
    0x958c, 0x49e6, 0x74f0, 0x9f7f, 0x1117, 0x8b56, 0x46f4, 0x4edb, 0xd967, 0xdbc3, 0xd419, 0xbca6, 0x9ec1, 0x73fa, 0x1519, 0x955f,
    0x17d0, 0x7bb1, 0x2fcc, 0x1031, 0x2528, 0x3eba, 0xf7ff, 0x0c3c, 0x9994, 0x7453, 0x38fe, 0xd450, 0x0eb1, 0x615f, 0x6f54, 0x9156,
    0xae03, 0x1cc8, 0x1b5f, 0xf2e5, 0x56c8, 0xbe99, 0x5414, 0x16bb, 0x07f2, 0xc18f, 0xc26f, 0x3671, 0xf6e7, 0x5f07, 0xad74, 0x23b3,
    0x3aae, 0x2d98, 0x3e79, 0x1b1a, 0x7395, 0xca10, 0xa617, 0xf57e, 0x5739, 0xd31e, 0x4990, 0x3fae, 0x8958, 0xff25, 0xa0c3, 0x40b7,
    0xa8e7, 0x94ee, 0xec80, 0x76b6, 0xf9bc, 0x0e98, 0x6d8d, 0x920d, 0x92b6, 0x2f24, 0x43f2, 0x7745, 0x7868, 0x528b, 0x9ee6, 0x4f4b,
    0x8c28, 0x4042, 0x6545, 0x2e30, 0xb7ea, 0x482d, 0xfe6e, 0x587b, 0x3e3b, 0xf23f, 0x63ae, 0xaee3, 0x96fd, 0x0873, 0x2225, 0x48b5,
    0xc082, 0x436d, 0x7525, 0xc47a, 0x6d4b, 0x6154, 0x213a, 0x5753, 0xf612, 0xef8b, 0x376a, 0x22bb, 0x7887, 0x8ea2, 0x6931, 0xd8cb,
    0x0a7f, 0xf8cc, 0x14f9, 0x370d, 0x697b, 0x9318, 0xb2d9, 0x5fb7, 0x0ef7, 0xd0bb, 0xca2e, 0x997d, 0x10ef, 0x3156, 0x174b, 0x7dde,
    0xb726, 0x214a, 0x0a1c, 0x1dcd, 0x2cb5, 0x84ec, 0x44db, 0x252b, 0x3640, 0x35e5, 0x43a0, 0x845e, 0x54a1, 0x3b52, 0xd42c, 0xa8bb,
    0x3c03, 0x044a, 0x8663, 0xcb38, 0x0799, 0x6cde, 0xbd2f, 0x5dc5, 0x11b8, 0xd5a7, 0x87dd, 0x1f09, 0xd88a, 0x15d0, 0xec15, 0xdcb4,
    0xd724, 0x8f9f, 0xc835, 0x6c3b, 0xbb53, 0x2f6a, 0xf64f, 0xe218, 0xdfa2, 0x9d2e, 0xd772, 0x8fbc, 0x7205, 0x68a8, 0xefb0, 0xcfa2,
    0x2f0e, 0x77be, 0xba5f, 0x2845, 0x1992, 0x7f92, 0x5f38, 0xcd37, 0x16cc, 0xd018, 0x6f86, 0x0722, 0xd705, 0x3a0d, 0x543a, 0x89da,
    0xf2c9, 0x577e, 0x943c, 0x414f, 0xa477, 0xfede, 0x9b5c, 0x9cb5, 0x067e, 0x2886, 0x29aa, 0xe06d, 0x3df9, 0x0ec0, 0x1376, 0x8625,
    0x79e4, 0xd03f, 0x79b2, 0x33c4, 0x2eb2, 0x5d4a, 0x22bc, 0x50a4, 0x7685, 0xf71a, 0x1bfd, 0xc14d, 0xfdc6, 0x0a04, 0x4b9e, 0xd1d5,
    0x6469, 0xa9ea, 0x1b0b, 0xd69d, 0x7b6e, 0x7958, 0xe1d8, 0x8b8b, 0x472b, 0x42f2, 0x391a, 0xb9f3, 0x2dde, 0x0d99, 0xdf68, 0x2cc1,
    0x3ade, 0xf2e1, 0x552b, 0x7b49, 0xde4e, 0x800c, 0xd99c, 0xb28b, 0x1136, 0xe9b5, 0xf019, 0x6519, 0x461c, 0xd9cc, 0x1608, 0x293b,
    0x0e51, 0x1ffe, 0xd16a, 0x0db3, 0xdb88, 0x0ce5, 0xbf8f, 0x0d2f, 0xc5f2, 0xbf8a, 0xcc8c, 0x07f0, 0xbeef, 0x2d58, 0x3b42, 0x4c11,
    0x1849, 0x2caa, 0xa5a3, 0x3455, 0xc7be, 0x49ea, 0x9da2, 0xe587, 0x4f2a, 0xaf09, 0x169c, 0xb221, 0xb149, 0xe579, 0x3f50, 0x2c93,
    0x5ad5, 0xbac3, 0xf42e, 0x7025, 0x6814, 0x0fa0, 0x724f, 0xa82f, 0x2f25, 0xd95b, 0x72d7, 0x5de7, 0x768e, 0x1dfb, 0x56e1, 0x9498,
    0x4078, 0x32b0, 0x8be4, 0x3c8a, 0x923f, 0x04ff, 0xd095, 0x042d, 0x20b1, 0xb61d, 0x825b, 0x0fed, 0x48aa, 0x5118, 0x9b39, 0xa073,
    0x3c41, 0xe34f, 0x8820, 0x2f7d, 0xcc65, 0xbf8b, 0x7fee, 0x0b1a, 0xb715, 0x3375, 0x82c5, 0xf769, 0xe205, 0x7798, 0xaa0e, 0xdef4,
    0x69b8, 0x2205, 0xf0c0, 0x196e, 0xed2e, 0xe34f, 0x1c4f, 0x5107, 0xfe1d, 0xd601, 0xee2b, 0x8e11, 0x1d85, 0x28bd, 0x459b, 0x716f,
    0x2ce3, 0x6ab4, 0x5a16, 0x2555, 0xbbc6, 0x42c5, 0xb634, 0x0c82, 0x1a12, 0xd8e6, 0x1b2c, 0xb80d, 0x969e, 0xba41, 0xf49a, 0x2bb4,
    0xd251, 0x7fba, 0x8502, 0xf896, 0x8fd9, 0xfeeb, 0x729e, 0x36a1, 0xe7c1, 0x4dc5, 0xdcdd, 0xe414, 0x4935, 0x606e, 0xa248, 0xb40f,
    0x2f0e, 0x89f9, 0xfedd, 0xd333, 0xf18c, 0xa750, 0x2afb, 0xaaf2, 0x9c70, 0x3cbe, 0x22da, 0x2b5c, 0x31af, 0x4e08, 0x3e58, 0xa35d,
    0x40a2, 0x38d8, 0xc180, 0xaf92, 0x398f, 0x59e8, 0x0d51, 0x478a, 0x65ec, 0xc476, 0x993a, 0x7192, 0xed02, 0xd444, 0x5d0f, 0xa4e8,
    0xcd14, 0xe233, 0xd346, 0x62ad, 0x3105, 0xe341, 0x3c0e, 0x0d01, 0x0a77, 0x3a12, 0x489b, 0x84e8, 0x588c, 0x82f1, 0xd719, 0x9685,
    0x02f5, 0xa26d, 0xe70c, 0xbbea, 0xb19f, 0xde52, 0x6e3a, 0x3e5b, 0x88ea, 0x492b, 0x361a, 0x3e10, 0x3241, 0x484b, 0x69bd, 0xa885,
    0x1948, 0x7c72, 0xfc25, 0xa54a, 0x4583, 0xd4a7, 0x8f40, 0x8135, 0xb87f, 0x13e9, 0x0347, 0xa040, 0xb87f, 0x9119, 0x56aa, 0x7dc0,
    0xef96, 0x799a, 0xfe69, 0x433d, 0xc756, 0x5e41, 0x5f21, 0xfda1, 0xe90b, 0x52f0, 0x8e41, 0xf92b, 0x4a38, 0x689c, 0x041e, 0x4b7f,
    0xadf0, 0xc9c4, 0x6643, 0x14a7, 0x0250, 0x419b, 0x1258, 0x7e2f, 0x82d1, 0x755f, 0x91a3, 0x00fa, 0x06d6, 0x988f, 0x9cd4, 0xf99c,
    0x64d7, 0xe360, 0xd876, 0x1309, 0x5211, 0x93b5, 0xf1e1, 0x8fe8, 0xa6a4, 0xc0d3, 0x448c, 0xfa66, 0x6e41, 0xc93d, 0xb005, 0x4267,
    0xad5a, 0xa341, 0xc66f, 0xd24e, 0x42c2, 0xd820, 0xfb2e, 0xa26d, 0xcdc2, 0x717a, 0xfa8b, 0xd29f, 0x00e7, 0xa15b, 0xd177, 0xd2a2,
    0x4910, 0x6ccd, 0x0dff, 0xa0e6, 0x3112, 0x20ce, 0x8044, 0x27c6, 0x6a00, 0xd9eb, 0xc3c0, 0x4159, 0xdfaf, 0xe638, 0x3952, 0x69b8,
    0xc1e9, 0x49ec, 0x9983, 0xa7c8, 0xea2b, 0x2e4a, 0xc794, 0xb488, 0x85a0, 0x834a, 0x0cc9, 0xe8be, 0x6c04, 0x9b8e, 0x6458, 0xf96b,
    0x0a82, 0x0afa, 0xffd2, 0x0a67, 0x4bb3, 0x8f91, 0xac1d, 0x1fc2, 0x6374, 0x4d43, 0x3eb5, 0x7593, 0xe7c3, 0x23b2, 0xb3b7, 0xc61a,
    0x1dda, 0x66e0, 0x2447, 0x06b2, 0xe3d2, 0xc22e, 0x3d53, 0xa30f, 0x1ebb, 0x8de9, 0x5f2a, 0xbef0, 0x156d, 0x5f48, 0x0d42, 0x8686,
    0x9f86, 0x1af5, 0xd6bd, 0x151b, 0x9136, 0x521a, 0x5f35, 0xfa7a, 0x4b49, 0x31e9, 0xb037, 0xe69e, 0xd7de, 0xcda3, 0x7b23, 0x840b,
    0x7b8d, 0x0b23, 0x738e, 0x0894, 0x230f, 0xf9d7, 0x6a40, 0x8491, 0x9561, 0xdc63, 0x507e, 0x78c5, 0xd27f, 0xac88, 0xcc0f, 0xba81,
    0x866b, 0x61ce, 0x838f, 0x2e91, 0xf8fd, 0xc26a, 0xcb67, 0x626e, 0x61d7, 0x06f0, 0xdb17, 0x8c11, 0x0942, 0x1830, 0x334d, 0xf82c,
    0x1d43, 0xafcb, 0x5c27, 0x6f01, 0xa32a, 0x235a, 0xa424, 0x97a1, 0x6de6, 0x21c1, 0x0799, 0xe1c2, 0x8089, 0x2b61, 0xe88e, 0xfde7,
    0xc589, 0x0c8f, 0xbf21, 0x6c57, 0x8248, 0x22a0, 0x6a79, 0x2a3d, 0x6f66, 0xb36b, 0x4a26, 0x057a, 0xdd4a, 0x1f5a, 0xc814, 0x9f00,
    0xcd52, 0x35e9, 0x7ae6, 0xa381, 0x6781, 0x74bd, 0x88db, 0x42ca, 0xb49b, 0x7917, 0x7350, 0x6d7a, 0x04de, 0x6be5, 0xf28f, 0xe14e,
    0xeb21, 0xb04d, 0x0a3a, 0x8c00, 0x3471, 0x9cc0, 0xfe3f, 0x4c68, 0xc44f, 0x8661, 0x5036, 0x9a67, 0xbd3d, 0xe739, 0x6d40, 0x1d1e,
    0xde0b, 0xe68d, 0x3492, 0xb7af, 0x7b56, 0x0c1d, 0xfe27, 0x14a5, 0xfdc8, 0x6579, 0x4a69, 0x377f, 0x4ccc, 0xe621, 0xc1dc, 0x1d48,
    0x0d8d, 0x4a1b, 0xadaf, 0xf317, 0x1ec6, 0x42e2, 0x9088, 0xeb8c, 0x38d9, 0x36ef, 0x080e, 0x3a6c, 0x1a74, 0x5bd9, 0x9ea6, 0x3f13,
    0x29bc, 0x72c9, 0xb5ff, 0x6519, 0xf1fe, 0xef81, 0x31e4, 0xc3b3, 0x65c6, 0xd1ee, 0x0bb9, 0x0366, 0x4d9a, 0xfa2b, 0x764c, 0x925e,
    0xcb16, 0x3f06, 0xba4b, 0xaf32, 0x589a, 0x0f08, 0x732e, 0x5230, 0x2d57, 0xe41b, 0x5487, 0x7d17, 0x6e38, 0x514e, 0x2012, 0xf971,
    0x12b4, 0xf3a9, 0xf3fa, 0x0d53, 0xe6c1, 0x0d00, 0x99d8, 0x2e93, 0x90dd, 0x1190, 0xfe0e, 0x3cb9, 0x04a2, 0xf010, 0x77ac, 0x4925,
    0x4a15, 0x5c19, 0x08e6, 0x75e0, 0x0130, 0xe35a, 0x3fee, 0xf2ea, 0x8a1e, 0x14f5, 0xe06c, 0xa1f7, 0x39d6, 0x83a7, 0xfd54, 0x68ca,
    0x8344, 0xea3a, 0xab60, 0xb9d9, 0x7d06, 0x3a9e, 0xf3e1, 0x5bc8, 0xab65, 0xdf6a, 0x3038, 0xf70c, 0x7735, 0xf7db, 0x75ce, 0x722c,
    0x38d4, 0xd66d, 0x3a45, 0xa4af, 0x3fe5, 0x89d4, 0xd8a5, 0x6847, 0xbf7a, 0xb891, 0x1e92, 0x909e, 0x06a5, 0x96f0, 0x8a43, 0xd1a3,
    0xedc5, 0x3f8f, 0x60f7, 0x1c4d, 0xe008, 0x3674, 0x45c4, 0x79ef, 0x69a9, 0x5e8f, 0x7909, 0xedec, 0xb296, 0x29a6, 0x687b, 0x65ff,
    0xcda5, 0x4b06, 0xb746, 0x412a, 0x440d, 0xb48a, 0x6725, 0x74d4, 0xc5bd, 0x25fc, 0x49c8, 0xd896, 0x65fa, 0x1739, 0x62ad, 0xa093,
    0x4c7c, 0x44bb, 0x618f, 0x8e3b, 0x431c, 0xa695, 0xdd4b, 0xdf91, 0x07f7, 0x1a08, 0x7758, 0x84e2, 0xcc29, 0x8573, 0x8f8b, 0xa534,
    0xc6d2, 0xbf06, 0xb0a8, 0xf8f1, 0x44e5, 0xfd95, 0x5d36, 0x0329, 0x1d2e, 0x1c4b, 0x64d6, 0xb17b, 0xf114, 0x789d, 0x6a56, 0x6a35,
    0x21b7, 0xb2cc, 0xc1f6, 0x1135, 0xe193, 0x190b, 0x5055, 0x0b3d, 0x4aa5, 0x04eb, 0x91e4, 0xc78a, 0xe12e, 0xf365, 0x72c9, 0xd85e,
    0x6ab3, 0x9f6e, 0x1f4a, 0x2184, 0x81cc, 0xe6fb, 0x74a9, 0x25d3, 0xce29, 0xc288, 0x3a96, 0xfad0, 0x4957, 0x171a, 0xcd1f, 0xeb03,
    0x77d4, 0xaacc, 0x5f04, 0x4ec7, 0xfebd, 0x03e7, 0x7ca9, 0xa382, 0x7e02, 0x7a49, 0xf785, 0x6978, 0x16f8, 0x437d, 0xe20a, 0xcfff,
    0x8798, 0xc153, 0xc3f4, 0xb876, 0x4211, 0xdacf, 0xaf51, 0x175e, 0x68f9, 0xa7c4, 0x5dd7, 0x3c27, 0x1808, 0x36cc, 0xfecc, 0x07a1,
    0xe111, 0xb5da, 0xdd7e, 0x9882, 0xe5ea, 0xc53d, 0x8817, 0x76fa, 0x7658, 0x3d2f, 0x9f11, 0xc629, 0x9adb, 0x2dd0, 0xf51b, 0x84b2,
    0x73cd, 0x61c5, 0x277a, 0x6362, 0xd4fa, 0x2b27, 0x56fc, 0x3a5e, 0x05ed, 0xc317, 0x295d, 0xa51f, 0x0e6d, 0x03c7, 0xbb30, 0xcc91,
    0x77ce, 0xc4f7, 0xaa3e, 0xe7f9, 0xea6c, 0xa313, 0xe076, 0x7c26, 0x8ffc, 0x78a9, 0x4755, 0xe139, 0xa228, 0x526e, 0x0bcd, 0x1707,
    0x0da2, 0x25d0, 0x9aa9, 0x6fc7, 0x91e5, 0x1209, 0xfd7f, 0x195d, 0x4558, 0x7385, 0xc00b, 0x0d34, 0xe5eb, 0x920d, 0x061e, 0x6e6d,
    0xde51, 0x3139, 0xfa11, 0xdeb7, 0x6791, 0xcb83, 0x3b91, 0xd19a, 0xaf42, 0xbfcc, 0x771e, 0x663b, 0x6a28, 0x3966, 0xcdee, 0xcf88,
    0xbb6a, 0x1a89, 0x3657, 0xd33c, 0xd81b, 0xb186, 0x7ca6, 0x66f3, 0x4f87, 0x8026, 0x0ca0, 0xf402, 0x5fc8, 0xddb8, 0x2b68, 0x49bf,
    0x3eec, 0xbbaf, 0xc9c5, 0xc64f, 0xc0ab, 0x5499, 0x9736, 0xbdf1, 0x4073, 0x0dac, 0x7d3b, 0xa8b5, 0x3835, 0x52c6, 0x2b50, 0x1ecc,
    0x6b73, 0xb4ff, 0xdb48, 0x2b59, 0x0eeb, 0x13b7, 0xf63f, 0xfdaa, 0xd4ce, 0x1804, 0xc1f7, 0x8113, 0x4550, 0xcad7, 0xbed6, 0xe314,
    0x4bf5, 0x8d69, 0xde2d, 0x9052, 0x6105, 0x3c65, 0x393a, 0xafb2, 0x37df, 0xc553, 0x707c, 0xa442, 0x5992, 0xf6a7, 0x5bbd, 0x9d64,
    0x9402, 0xd24b, 0x324f, 0xbdac, 0xa5a0, 0x2aa9, 0xd41a, 0xe01a, 0x0d77, 0xd235, 0x5adf, 0x83f7, 0x67dd, 0x2576, 0x9c3e, 0xe703,
    0x3fb4, 0x377c, 0xc414, 0xd64f, 0xbbf0, 0x68fc, 0xaf62, 0x3d72, 0x11d7, 0xb1d2, 0x2fb9, 0xfc67, 0x239b, 0x650d, 0xdf0f, 0x0bd5,
    0x3382, 0xb768, 0xac4b, 0x77b7, 0x1397, 0xd066, 0xc808, 0x38cf, 0xb9ce, 0xadcd, 0x1a1d, 0x744b, 0xa0b3, 0xa1a8, 0xe76e, 0x2a1e,
    0xdc7c, 0xb2f0, 0xd04f, 0xd9d2, 0x4cc2, 0xa867, 0xcf8b, 0x25be, 0xd2ab, 0x063e, 0x61b5, 0xfcc0, 0xf399, 0xc60c, 0x7d12, 0x52b7,
    0xd02a, 0x1177, 0x81f9, 0xef1a, 0xd815, 0xc700, 0xcbe4, 0x5a4b, 0x2239, 0x11cb, 0x0a92, 0x718a, 0xd12c, 0xdb80, 0x0c31, 0xa8f0,
    0x6c9b, 0x60da, 0x1fab, 0x8472, 0x96c4, 0xb0b7, 0xb782, 0x4f20, 0x06b2, 0x5d9f, 0x754c, 0x98d3, 0x2edf, 0x29bc, 0x4593, 0x8294,
    0x785b, 0xf57b, 0xb43b, 0x6156, 0x7a77, 0xb887, 0x216f, 0xbf36, 0x16f0, 0xcd4f, 0xfefd, 0x4357, 0xe290, 0x570b, 0xbe62, 0x8804,
    0xc267, 0x0a46, 0x96fc, 0x67ba, 0x2550, 0x1ffc, 0xcd14, 0xc82f, 0xc232, 0xbb08, 0xa144, 0x6c38, 0x42b7, 0x8827, 0x905f, 0xd40b,
    0xc252, 0xe094, 0x0bcf, 0xb40a, 0x89fb, 0x3716, 0x5279, 0x0a13, 0xf04c, 0x1761, 0x923e, 0x5931, 0xc639, 0x8051, 0xf9ca, 0x13f4,
    0x382b, 0xe04a, 0xe30b, 0xbd3c, 0x8ba7, 0x7c4d, 0xbe11, 0xc77a, 0xa181, 0x8988, 0xe479, 0xba73, 0xa47e, 0xc156, 0xfd53, 0xa79b,
    0xcc70, 0xb7c7, 0x1991, 0x74bd, 0x9dff, 0xbcaa, 0x30db, 0x0574, 0x8e9d, 0x8f1a, 0x2716, 0xcab5, 0x756e, 0xab70, 0x0239, 0xc14b,
    0xb036, 0x7bf2, 0x78b1, 0x6687, 0x6527, 0x33b1, 0x804b, 0xab91, 0xc8ea, 0x9c38, 0x05ad, 0x6f26, 0xd173, 0x9d67, 0x7434, 0x85da,
    0x3d04, 0xc823, 0x364b, 0xd903, 0x55cd, 0xab5f, 0xd665, 0xa3e2, 0x5a3a, 0x3b7d, 0xe861, 0x576f, 0xf185, 0x146d, 0x6387, 0x2c97,
    0x94dd, 0xde4b, 0x94b2, 0xed31, 0x5514, 0x9c3f, 0x5191, 0xfb05, 0xe4c6, 0x2e15, 0x93c2, 0x1dc9, 0x4efe, 0xcc58, 0x24db, 0x1f58,
    0x4255, 0xc6c2, 0x82cd, 0xbe70, 0x58b2, 0x4d47, 0xa4db, 0xfffc, 0x4364, 0x8ba2, 0xc8e8, 0x66ee, 0x43c7, 0xdf61, 0xf176, 0x1a6b,
    0xd871, 0x706b, 0x3bef, 0x82bc, 0x06c7, 0xf403, 0xb7af, 0x6467, 0x2959, 0xe244, 0xe572, 0x0206, 0xaa4e, 0xe653, 0x8703, 0x4cb0,
    0x92af, 0xd0ae, 0xe7ec, 0xaa89, 0x5604, 0xd46a, 0x461b, 0x5c46, 0xc277, 0x5699, 0x837e, 0x08c1, 0x7d8a, 0x185a, 0xc7d9, 0x775e,
    0xf532, 0x0364, 0x3b26, 0x00c6, 0x2d90, 0x6109, 0x8083, 0xbe3c, 0x52fe, 0xc3c8, 0x19a0, 0xff58, 0x78d4, 0x6b48, 0x5aa0, 0x0e57,
    0x6c79, 0x6af2, 0x1675, 0xcae2, 0x0515, 0x5adc, 0xabec, 0x2355, 0xd7bc, 0xdb71, 0x9af1, 0xf47c, 0xb819, 0xb362, 0x4a8a, 0x57f4,
    0xed83, 0xd03b, 0x2732, 0xe8d6, 0x84bb, 0xf166, 0xc1d0, 0x071f, 0xa601, 0x45b3, 0x1712, 0xa15b, 0x57ca, 0xc363, 0xa75b, 0x8cfa,
    0x95e6, 0x82a6, 0x8732, 0xf514, 0x252c, 0xe2ad, 0x1023, 0xe7b6, 0x0b89, 0xc139, 0x5a12, 0x89ae, 0x14c9, 0x8c92, 0x254d, 0xf8c3,
    0x4bad, 0x780b, 0x5ce0, 0x6485, 0xcf93, 0x9b31, 0xd95f, 0x65a8, 0xeea7, 0x4321, 0x8c92, 0x1b9f, 0xec88, 0x3ea4, 0xbd21, 0x1916,
    0x5d60, 0x6cd2, 0x7b05, 0xa6a2, 0x7d9f, 0x55f0, 0xf48c, 0x63fa, 0x6e30, 0x16fd, 0xd3b6, 0xcfe1, 0xbce9, 0x67ec, 0x4c01, 0xbe55,
    0x2200, 0x03e1, 0x00fc, 0x455c, 0xd974, 0x3c6c, 0x6d15, 0x2853, 0x8152, 0xff0d, 0xf102, 0x49ad, 0xe45e, 0x1523, 0x33b0, 0x2b4a,
    0x991f, 0xe692, 0xfaa7, 0x0524, 0xddbf, 0x86a9, 0x22fc, 0x7ab6, 0x97f0, 0x53dd, 0xe29f, 0x76b1, 0xe1c8, 0xf18c, 0xfa68, 0x3542,
    0x0acd, 0xe4c7, 0x005f, 0x04eb, 0x75a9, 0x9b30, 0x6ab4, 0xc5bb, 0x3a49, 0x2494, 0x8325, 0xaf17, 0xf49a, 0x66ea, 0xeae2, 0x6417,
    0xa788, 0x14ea, 0xd6f6, 0xde28, 0x1cd8, 0x2efc, 0xad39, 0x3675, 0xa92a, 0x56d7, 0x29ac, 0xd5a0, 0xbcb5, 0xbd80, 0xb457, 0x1216,
    0x2863, 0xf3d4, 0x0fd1, 0xc4c4, 0x7f80, 0x6588, 0x0812, 0xdc69, 0x7de7, 0xc6bd, 0x49d5, 0x776f, 0xda90, 0x3c0c, 0x0a86, 0x8c12,
    0x6ee3, 0x84ec, 0xa8c2, 0xa73a, 0x1a41, 0xf0e2, 0xed26, 0xc9c0, 0x4a30, 0x66ff, 0x13a8, 0xec44, 0x8f04, 0x47d3, 0x45a4, 0x315f,
    0x2513, 0x7214, 0xac27, 0x4e77, 0xda48, 0x318a, 0xc2f6, 0x32fd, 0x3862, 0x60ac, 0x13cd, 0x764c, 0x5b87, 0x8499, 0x0265, 0x93d2,
    0x5d78, 0x2bb0, 0xd0d9, 0x7dee, 0xbd41, 0x567e, 0x847d, 0x8f36, 0xab42, 0x336b, 0xd35e, 0x6232, 0xa200, 0xf49e, 0xc211, 0x97b4,
    0x3328, 0x089a, 0x1a31, 0x1391, 0x7156, 0x7d42, 0x613a, 0xb7f8, 0xde22, 0xd55b, 0x77f4, 0x2731, 0x44d7, 0x18a4, 0x8a58, 0x93dd,
    0x69a6, 0x663b, 0x780b, 0x27d4, 0xf52e, 0xd1d6, 0x5d21, 0x095c, 0x84be, 0xd325, 0x63a6, 0x86f2, 0x46fb, 0x0fe8, 0x8579, 0x719f,
    0x0cfa, 0xc873, 0x66be, 0x2da7, 0x37f6, 0xaebd, 0xf0ab, 0x81ee, 0x6b70, 0x6fe5, 0xd512, 0xadad, 0x6bd7, 0xb830, 0xa22e, 0xccc7,
    0x11b2, 0xf9a5, 0x8f22, 0x127e, 0xb952, 0xbd00, 0xa8cf, 0xe2ca, 0x16ec, 0xc543, 0x8747, 0x521b, 0xd749, 0xcdc1, 0x33af, 0x13ae,
    0xf4d7, 0x2ab2, 0x669a, 0x5e49, 0x2975, 0x1416, 0xc712, 0xcf74, 0x6495, 0xe35a, 0x51f0, 0xd565, 0xadc0, 0x0b61, 0x91af, 0xa724,
    0x5bef, 0x12fc, 0xcef7, 0x5378, 0x0906, 0x5a04, 0xe16a, 0xee03, 0x2a26, 0xf0ce, 0xc91a, 0x633d, 0xb42c, 0x4a46, 0xb875, 0xfa7b,
    0xb506, 0x1066, 0xb695, 0x0eff, 0x4930, 0xe34b, 0x8251, 0x070b, 0xd5f0, 0x4abf, 0xdd6a, 0x11cf, 0xeff6, 0xa23a, 0xe8af, 0xb383,
    0xd6aa, 0x4751, 0xb856, 0xa851, 0xeb95, 0xd2f7, 0xc8b4, 0x25a8, 0x0eaf, 0xa4da, 0x7bed, 0x01dd, 0x4707, 0x8979, 0x47a3, 0xca8c,
    0x9fe3, 0xc29e, 0xbb88, 0x5164, 0xa265, 0x3a83, 0x081e, 0xb75c, 0x53bc, 0x2938, 0x2e45, 0x7e8d, 0x1fc6, 0xf4ca, 0x7f07, 0xaa6d,
    0x983a, 0x93b0, 0x940c, 0x76a3, 0x704d, 0x39eb, 0x6887, 0xac3b, 0x9cdf, 0x9878, 0xba8a, 0x1d93, 0x0122, 0x776d, 0x5d10, 0x5076,
    0x8fb7, 0xf26c, 0xa23a, 0xdefe, 0x4876, 0x1fb6, 0x8660, 0x96df, 0xfa60, 0x69c3, 0xc35a, 0xdf22, 0x3280, 0x6324, 0x747b, 0x6c78,
    0x3eea, 0x5d30, 0x72ee, 0xcbef, 0xae82, 0x88e9, 0x12ad, 0xcc53, 0x3508, 0xeab7, 0x67cc, 0x4def, 0x5bcb, 0xe831, 0xbc84, 0x80c1,
    0xe6dc, 0xb8d7, 0x5f85, 0x1962, 0x56a6, 0x8106, 0x72da, 0x8433, 0x6e18, 0x5f7d, 0xe371, 0x9f2b, 0x2569, 0x355d, 0x30de, 0x0230,
    0xf10c, 0x70d7, 0x2dcb, 0x5dd3, 0xc57d, 0xa20e, 0x60f0, 0xf884, 0xbf6e, 0x22a8, 0x2e73, 0xd284, 0xd84e, 0x97dc, 0x71cf, 0x780c,
    0x8f92, 0x96fd, 0xb029, 0x0a23, 0xf046, 0x347d, 0x8b62, 0x85df, 0xdb43, 0xc568, 0x9d61, 0xd230, 0xfddc, 0x9b7c, 0x6403, 0x9c2b,
    0x5cef, 0x03bb, 0x6575, 0x89ce, 0xdc9d, 0x4f58, 0x352f, 0xcb55, 0xac6b, 0x2f58, 0x815d, 0x92dc, 0x0005, 0x2a7a, 0xd0ba, 0x7ae3,
    0xfc2e, 0x75f0, 0x1900, 0x62cd, 0x40ad, 0xf828, 0xd5c7, 0xca77, 0xf62c, 0xbe9d, 0xc7fb, 0x33c0, 0xc92a, 0xad99, 0x05b7, 0x92f4,
    0xb8e3, 0xb2ed, 0x82b4, 0x5583, 0x2324, 0x42e5, 0xb930, 0x0756, 0xf454, 0x67d5, 0x9b56, 0x1e8c, 0x6438, 0x2c1c, 0x7525, 0xf5c6,
    0x270a, 0xa6ac, 0xe6d9, 0x7cf2, 0x7b26, 0x721b, 0x9fdb, 0xa888, 0xfb24, 0xd62b, 0x0206, 0x2773, 0x9c97, 0x6bc5, 0x55c7, 0x6723,
    0xc332, 0x837f, 0xb65a, 0x6e7e, 0xd05f, 0x16c5, 0x5ec1, 0x9722, 0x1769, 0x8b3a, 0x7f2b, 0xad20, 0x9e3b, 0x10cd, 0x42d6, 0x7d5a,
    0x9266, 0xe255, 0x2e84, 0x5a22, 0xdafb, 0x306a, 0x7f64, 0x9eac, 0xae73, 0xff24, 0xb257, 0xb8d0, 0x9581, 0xbe03, 0xdc0e, 0xc136,
    0xc23c, 0xe27a, 0xf941, 0x2a45, 0x23a9, 0x4d03, 0xdfba, 0x8d3c, 0x1e0a, 0xc08a, 0xf7ad, 0x1e2b, 0x4f5e, 0x34a2, 0x65a4, 0xce1b,
    0x48aa, 0x49e7, 0xccd8, 0xa3e4, 0xa38b, 0xa918, 0x523c, 0x5368, 0x5c73, 0x9494, 0x07c0, 0x9b69, 0xd932, 0x7470, 0x6852, 0x71d2,
    0x8443, 0xa4f2, 0x0c32, 0x8669, 0x6454, 0x4fab, 0x3de7, 0x243c, 0x987c, 0x96db, 0x97b1, 0xf937, 0x20f3, 0xdba7, 0x5158, 0xcca7,
    0xdc11, 0x6684, 0x669c, 0xabd4, 0x201d, 0x3a40, 0x3e2f, 0x954e, 0xd96d, 0x598d, 0xf910, 0x2ad4, 0x94fa, 0x4718, 0x1264, 0x717c,
    0x5f99, 0x07fd, 0x77f7, 0x2888, 0xe1a3, 0x70d3, 0xc317, 0xbeae, 0x9f14, 0x0543, 0xb9fc, 0x6de3, 0xc440, 0x31f6, 0xc1bd, 0x858f,
    0x66ef, 0x2935, 0x68a3, 0x6b79, 0xa407, 0x29e8, 0xb116, 0x5aeb, 0x81be, 0x7919, 0x4518, 0x6a99, 0xfe28, 0xd609, 0x3a17, 0xe0c4,
    0x328f, 0xb0a0, 0x8d68, 0x5e25, 0xf2ef, 0xea88, 0x011d, 0xe725, 0xd224, 0x6ac2, 0x816d, 0x53ab, 0xf2a1, 0x4b93, 0xbaae, 0x2d61,
    0x8b94, 0xeb0c, 0x07b7, 0x846b, 0x8a8f, 0xa62c, 0x60b2, 0xc2dd, 0x39a0, 0x8656, 0x72a2, 0x064d, 0x520f, 0xa956, 0x8739, 0x083d,
    0x637b, 0xabeb, 0x6558, 0x1cd1, 0xf786, 0xdee1, 0xd1c2, 0x5031, 0x59f6, 0x8e77, 0xd8ca, 0x2a2c, 0x6d60, 0x2493, 0x87f8, 0x20a8,
    0x7452, 0x6d1b, 0x40ac, 0x403c, 0x370a, 0xc517, 0x4adb, 0x13a9, 0x6d72, 0x7c4e, 0xd07b, 0x5184, 0xd5f5, 0x310f, 0xe9a2, 0x5871,
    0xe0aa, 0x6ef5, 0xe08e, 0x0221, 0x56ba, 0x57e5, 0x56e3, 0xd45c, 0xe6de, 0x9f6b, 0x72e5, 0x18f3, 0xfdcc, 0xa104, 0xbd6a, 0xe3f3,
    0xd37e, 0xd865, 0xd85a, 0x906c, 0x14cb, 0x84b7, 0xb55e, 0xbbdc, 0x1183, 0xbe05, 0x7589, 0x47bf, 0xd73c, 0xc53f, 0x9915, 0x69f9,
    0x2064, 0xd6cd, 0xa7df, 0x53a5, 0x7fd6, 0x47a9, 0xfa40, 0x7640, 0xb12a, 0x34b3, 0xca8c, 0xef91, 0x7539, 0x8cf9, 0x36d7, 0x23d7,
    0xe361, 0xbe0d, 0x5b81, 0x0ea4, 0x9716, 0xcb23, 0x2e10, 0x520f, 0xa221, 0x1699, 0x4087, 0x8c99, 0xab29, 0xa5f9, 0x156c, 0xfd5d,
    0x2106, 0x2881, 0x2c1c, 0xfee4, 0xea30, 0x8835, 0x6db8, 0x6066, 0x792c, 0x4d5b, 0x2293, 0x258f, 0xacf6, 0x9c80, 0x1807, 0xb4e8,
    0x664a, 0x171b, 0x1efe, 0xfc5f, 0x394b, 0x6663, 0x8abb, 0x94cb, 0x239c, 0xb912, 0xd84e, 0x6ba0, 0xaf10, 0xfb4c, 0x2673, 0xfb34,
    0x68d3, 0x1122, 0xa610, 0x9977, 0x1517, 0xdba5, 0xab12, 0xe55b, 0x8733, 0x5071, 0x85c6, 0xda86, 0x8652, 0x6bab, 0xccd5, 0x93a8,
    0xa691, 0x4492, 0x3fa3, 0x432f, 0x7eb4, 0x0c89, 0xe934, 0x6aa3, 0x2245, 0x408a, 0xaba3, 0xd86b, 0x4836, 0xd553, 0xdbf3, 0x740a,
    0x0621, 0xa5c1, 0x1691, 0x60ee, 0x87d4, 0xec03, 0xf423, 0x7fb8, 0xab8f, 0x0d09, 0xc6f6, 0xd606, 0xea9b, 0x7e89, 0x0907, 0xe4b2,
    0x7682, 0x0f92, 0xa235, 0x74a9, 0xf2a2, 0x5ba0, 0xaf4c, 0xe225, 0xb26b, 0xb004, 0xf164, 0x6e82, 0xe3f5, 0x2c11, 0x8dc7, 0xa071,
    0x8f3e, 0x636d, 0x466b, 0x3ad5, 0xd1c2, 0x4b60, 0xd2b4, 0xd207, 0x3e91, 0xba32, 0x80f6, 0x879a, 0xcb26, 0x4127, 0xc874, 0xf495,
    0x306a, 0xa929, 0xf38d, 0xca5e, 0x2862, 0xd9c2, 0x8ace, 0x31e7, 0x705b, 0x72a2, 0xa854, 0x717b, 0xf798, 0xdf97, 0xdbbe, 0xe0f6,
    0x2282, 0x2f35, 0xc66c, 0xb4c0, 0x8a23, 0x73d0, 0x1896, 0xa6da, 0x208b, 0xf6f5, 0x169a, 0x06d0, 0x213f, 0x079a, 0x4ee5, 0x37e1,
    0xb698, 0xaa63, 0xa873, 0x25dc, 0xbb45, 0xf4f8, 0x7190, 0xb86f, 0x806b, 0x5b5c, 0x9754, 0xccd6, 0x007c, 0xb7f4, 0xada6, 0xbe26,
    0x663b, 0x5625, 0xef6f, 0x0436, 0x505b, 0xc754, 0xdfa3, 0xf0bf, 0xb9c5, 0xca71, 0xb2a5, 0x133d, 0xee37, 0x0dec, 0x2834, 0x4b22,
    0x7365, 0x1454, 0xfdbc, 0x10ba, 0x4e93, 0x0360, 0xa152, 0xfc5b, 0x8ee5, 0xa555, 0x4d26, 0x1436, 0x83df, 0x6543, 0x3349, 0xe89d,
    0x88ac, 0x8d53, 0xe238, 0x06d3, 0xcba3, 0x9011, 0x899c, 0xca4f, 0xfa95, 0xa3ab, 0x47f4, 0x146e, 0x3b62, 0x7834, 0x2827, 0xf2ed,
    0x5918, 0x500b, 0xf837, 0xbc7d, 0x8dac, 0x42f3, 0x9ffb, 0xac2a, 0xd01e, 0xf396, 0x20a1, 0x831d, 0x0f21, 0x7f86, 0xe482, 0x38e2,
    0x402f, 0xf1d7, 0x8791, 0x4228, 0xab58, 0x0007, 0xc064, 0x760a, 0x5b4f, 0x59b5, 0x914c, 0x19f3, 0x1a0d, 0x5278, 0x6a99, 0x1bc9,
    0xe206, 0x2e91, 0x64b5, 0x02b9, 0x2bd7, 0xd9d1, 0x3b4e, 0x9e76, 0x006a, 0x512b, 0x3092, 0xfd26, 0x3786, 0x86d4, 0x8118, 0xaf83,
    0xcb17, 0x08ad, 0x9064, 0xe3b3, 0xa6cc, 0x3150, 0x75b9, 0x5e8e, 0xdc38, 0x2b9f, 0x1186, 0xdb64, 0xa37e, 0x90d8, 0x5348, 0xda55,
    0x107a, 0xe8fe, 0xd805, 0x64fe, 0xe466, 0xd602, 0x891c, 0xd1d3, 0x640c, 0x312f, 0x63c4, 0x0de0, 0x9a60, 0xe341, 0x10df, 0x7516,
    0xefb0, 0xbef3, 0x756a, 0xc115, 0x7d47, 0x25f6, 0xe371, 0x1662, 0x05a9, 0xc07c, 0x136a, 0xb84a, 0xf911, 0x0f57, 0x8e12, 0x6b1a,
    0x6ec6, 0x2063, 0xaef5, 0x0cde, 0x7aa8, 0x2d9b, 0xe739, 0x6cc8, 0xc75b, 0x6eab, 0x690c, 0xe8d7, 0xdd00, 0xe4d7, 0xe3a6, 0xda26,
    0xfc4c, 0x69b3, 0x777d, 0x57d7, 0xf623, 0xc807, 0x8b61, 0x581a, 0xe7ee, 0x2758, 0xa9ce, 0xb834, 0x4415, 0x9209, 0x0ec5, 0x32a5,
    0x0f39, 0xddcf, 0x0e56, 0xcbea, 0xb9e8, 0xbeae, 0xfb6f, 0xbde6, 0x7eac, 0x4cab, 0xb741, 0x6998, 0xacba, 0xc3a9, 0x9139, 0x574d,
    0xc731, 0xc604, 0x9f67, 0xcd8b, 0xe0a5, 0xe99b, 0x3753, 0x0649, 0x1b58, 0xd745, 0xaf7e, 0x8ab3, 0xb5d7, 0xc4fe, 0x1131, 0xbd83,
    0x8c2a, 0x9247, 0xe2ff, 0x1bac, 0x7584, 0x4f45, 0xb392, 0x3bc8, 0x6644, 0x764a, 0x8d21, 0x13bd, 0xbed7, 0x9fc7, 0xf96c, 0x8d11,
    0xaeba, 0xf8f4, 0xbdf7, 0xefc4, 0x1423, 0x44bb, 0xf91a, 0x2b7a, 0xc038, 0xaf53, 0xc74e, 0x8758, 0x87ab, 0x3c44, 0x1928, 0xc049,
    0x07e5, 0x16ea, 0xe1b5, 0x1db9, 0x88bc, 0x8d71, 0x4572, 0x84ed, 0xe27d, 0xfe8b, 0xf193, 0x12c6, 0xd0b2, 0x8139, 0x4417, 0x4400,
    0x9939, 0x8f88, 0x6c0c, 0x3408, 0x6ff2, 0x7b78, 0x2a89, 0xfa3d, 0x7edb, 0xf695, 0x5c0b, 0xadb3, 0xfadc, 0x73ed, 0xf278, 0x1787,
    0x2cbb, 0xacb9, 0x8751, 0x9b9f, 0xd6ea, 0x0f48, 0x2edc, 0x5ff4, 0xdfa2, 0x608b, 0xb353, 0x3a52, 0xa790, 0x581e, 0xe0fd, 0x6cb1,
    0xf4f6, 0x7ede, 0x0a66, 0xb7ee, 0xdb54, 0x17e6, 0x6d67, 0xcd22, 0x8797, 0x5c11, 0xa088, 0xa552, 0x58bd, 0xd008, 0xb0ed, 0xc7ca,
    0x2cf8, 0xfcd4, 0x189c, 0x06f3, 0x4b58, 0x52d5, 0x35a1, 0xbb61, 0xd203, 0x7f4f, 0x693f, 0x05ed, 0x10c5, 0xfc7b, 0x87f0, 0x1fb4,
    0xb843, 0x2400, 0xc1d8, 0x410d, 0x45a3, 0x8c13, 0xab87, 0x26c1, 0x92b4, 0xf6e4, 0x8f8f, 0xbdcb, 0xf299, 0x9ca9, 0xb054, 0xfdae,
    0xc2e9, 0x1845, 0xa269, 0x793a, 0xd95d, 0xbe25, 0x6794, 0xadcf, 0xb5f1, 0xa5ee, 0x721c, 0x9924, 0xe19f, 0x2e63, 0x38c7, 0x9d93,
    0x6174, 0x43ff, 0x8335, 0x3ce8, 0xa630, 0x320e, 0x16c0, 0xb19c, 0xe08b, 0x4610, 0xebfe, 0xeea1, 0x21cd, 0x0dd8, 0x948c, 0x0db4,
    0x30eb, 0x7817, 0xf98b, 0xb40c, 0x7c46, 0x9f4f, 0x1a86, 0x75c2, 0x0fc3, 0x876d, 0xf4c8, 0xbf83, 0xf777, 0x95df, 0x3b50, 0x4ee5,
    0xf6d1, 0x0bed, 0x0749, 0xc11a, 0xfc41, 0x4bed, 0x28d7, 0x4056, 0x3962, 0x30b4, 0x4092, 0xd775, 0x4798, 0x3faf, 0x4957, 0x7476,
    0x413c, 0xfd61, 0xbacc, 0x20fb, 0x375f, 0x2c5b, 0xec42, 0x79d5, 0xebbd, 0x3eef, 0xe001, 0xeca7, 0x3791, 0xc30d, 0x1f56, 0xc433,
    0x06b5, 0x10d3, 0xceec, 0x8b27, 0x4f37, 0x03b1, 0xa3ab, 0xcd65, 0xed95, 0x05d1, 0xe028, 0xbfcc, 0xcd54, 0x3637, 0x028c, 0xd677,
    0x4640, 0xf128, 0x4b04, 0xd191, 0x15fb, 0x8362, 0xc297, 0x4894, 0xde35, 0x4f78, 0xeaa2, 0x3c16, 0x8f45, 0x2df2, 0xbcad, 0xb614,
    0xa767, 0x4fc9, 0x22e8, 0x00a9, 0xae54, 0x6b75, 0x9102, 0x7b6d, 0xd56b, 0x7c83, 0xe58b, 0x9736, 0x2452, 0xdd7f, 0x3bfa, 0x0054,
    0x1a3a, 0x048a, 0xd6fb, 0x7f63, 0x2b6b, 0xaa6e, 0xcb5b, 0x988c, 0x0377, 0xa419, 0x9377, 0x7167, 0xf3de, 0x36a2, 0x3327, 0x0511,
    0x773f, 0x2dd5, 0x1412, 0x2f2a, 0x30ef, 0x7d4c, 0x42a8, 0x94fc, 0x512f, 0xb3d7, 0x338c, 0xf54a, 0xc5db, 0x0999, 0xb96e, 0xe699,
    0x1f7b, 0x5092, 0x5383, 0x8bfb, 0x92fd, 0x8f93, 0x7c5c, 0x4853, 0xffda, 0x8fdf, 0x2158, 0xf81f, 0x62b0, 0x252b, 0xea8d, 0xb9be,
    0x9c81, 0x7815, 0x7b31, 0xcc3f, 0xf650, 0x1b41, 0x5274, 0x8c9e, 0x493c, 0x32de, 0x74fa, 0x1994, 0x3346, 0x7699, 0x86bc, 0xa5d7,
    0x4056, 0x564c, 0x7d6d, 0x00f3, 0x7001, 0x08e2, 0x9362, 0x5e76, 0xffa7, 0xcde1, 0xa30d, 0xe3d5, 0xe107, 0x29a1, 0x92b5, 0x04ae,
    0xc588, 0x638e, 0xf91a, 0x3577, 0x25cd, 0x0f67, 0xa22f, 0xfce6, 0x2dde, 0xe89e, 0x1caa, 0xeb9c, 0xf5e1, 0xc886, 0xf7b7, 0x8296,
    0xef21, 0xfec4, 0xd98e, 0x8fc9, 0xedd0, 0xd45c, 0x164f, 0x0980, 0xb734, 0x812a, 0xef6a, 0xf01a, 0x7c37, 0x5c14, 0x236c, 0x3e6f,
    0x289e, 0x8d57, 0xf69e, 0x7061, 0xeeb4, 0x0bc8, 0x5bb7, 0xa85b, 0xf768, 0x2c35, 0x6561, 0xfb06, 0x9ef4, 0x8b7d, 0xa821, 0xe973,
    0x261d, 0x9b19, 0xb4ab, 0x9222, 0x3fac, 0x9821, 0x52e6, 0xa005, 0x62ce, 0x34d1, 0xa536, 0x8081, 0x498a, 0xbc8d, 0xdc85, 0xe789,
    0x8415, 0xfa7d, 0xa48a, 0x2a8b, 0x8857, 0xaa76, 0xf0d1, 0x7995, 0x2628, 0xbca7, 0x51fd, 0x7f4e, 0xc7dc, 0x3385, 0x7bd8, 0x6ef9,
    0x67a3, 0xe451, 0x239e, 0x0983, 0xa0eb, 0xe240, 0xdef5, 0xa09c, 0xc6c0, 0xdbde, 0x2b4c, 0xa094, 0x6659, 0x3324, 0x45cd, 0xa895,
    0x1e44, 0x1808, 0xfbb9, 0xb97f, 0x320b, 0x6d84, 0x1b4e, 0x8323, 0xc269, 0xc10d, 0xad42, 0x580c, 0x11e2, 0x1cb0, 0x9ea2, 0xcfb7,
    0xbdfe, 0xfb81, 0x032f, 0x9f7e, 0x54de, 0x28c7, 0x984e, 0xb1cd, 0x2f61, 0xd162, 0xb077, 0x03e3, 0xf7eb, 0x8fe4, 0x2f14, 0x5223,
    0xc56f, 0xbb14, 0xbce8, 0x1ae1, 0x3312, 0xbf05, 0xdcfa, 0xff9d, 0x5c7f, 0xc874, 0x0a0b, 0x0cca, 0x265e, 0x8b07, 0x845a, 0xf037,
    0xbb8a, 0x69b3, 0xf835, 0xa5a3, 0xa6d2, 0xc9c2, 0xa4c7, 0xa227, 0x7106, 0xd86d, 0x2b8c, 0x05fe, 0x2b99, 0x8ade, 0xb02d, 0xdcbd,
    0xcfe9, 0x20af, 0x70f8, 0xf42d, 0xdaca, 0xf0fe, 0x7fb2, 0x5183, 0x0cba, 0xc9ea, 0xc31e, 0xcd25, 0xb690, 0xaaa6, 0xe8c7, 0xdd13,
    0x7a8d, 0x1ff7, 0x6f80, 0x1579, 0xea21, 0x0b3e, 0x7231, 0x683f, 0xe7ee, 0x1c16, 0x5b54, 0xaa79, 0x36ac, 0xc421, 0x28e6, 0x68fd,
    0x1c04, 0xede8, 0x68ab, 0x92fe, 0x807b, 0x3d88, 0x953d, 0x0367, 0x7372, 0x247f, 0xfb53, 0x70a4, 0x7bd4, 0x8f97, 0xcfbd, 0xcad4,
    0x9d58, 0x7761, 0x9dda, 0x90a2, 0x7a0c, 0x1b58, 0xb64f, 0x229f, 0x787c, 0x2f61, 0xc6a5, 0x9cdf, 0x5674, 0xc3c5, 0x410d, 0x3f6a,
    0x1010, 0x2fcd, 0xbcd9, 0xece3, 0x8373, 0xc6b3, 0xf767, 0xc7e9, 0xb8e3, 0x9f4a, 0x9d70, 0x76d8, 0x377a, 0x35ea, 0x850b, 0x160f,
    0x4e3c, 0x3103, 0x8013, 0x60a6, 0xb9e9, 0x1018, 0x6eff, 0x17dc, 0x8ef3, 0x0d67, 0xbc49, 0x30c4, 0xd046, 0xf9cd, 0xe879, 0xd092,
    0x9a61, 0x5b6c, 0x4e57, 0x9f65, 0x4b0f, 0x9688, 0xc80b, 0x798a, 0x8d71, 0x6956, 0x5c4d, 0x0756, 0xb2c7, 0x81b2, 0x9c83, 0x434e,
    0x3f8a, 0x75e6, 0xdb01, 0x7711, 0x150b, 0xe78c, 0xe206, 0xb686, 0x1fa6, 0x1939, 0x5314, 0x61bc, 0xf16b, 0xbe55, 0x56ef, 0xb50e,
    0x3142, 0x4dd7, 0xc5eb, 0xf01a, 0x468f, 0x9f21, 0x70ed, 0x1ae2, 0x2962, 0x19ab, 0xb2be, 0xf1a0, 0xbf1f, 0x3ef7, 0xf1f4, 0xff24,
    0xab92, 0xd71c, 0x3b73, 0x6d73, 0xfec3, 0x87c5, 0x9d3d, 0x9528, 0xa6ea, 0x1ddc, 0x69d9, 0xd348, 0x0f3d, 0x5165, 0x0c4b, 0xad66,
    0xd307, 0x4c1c, 0x946c, 0xcc90, 0xed4b, 0xba89, 0xa3e3, 0xd67b, 0x4d09, 0xaf68, 0xe385, 0xad58, 0x35bc, 0x21d5, 0xa928, 0x1e28,
    0x54a2, 0x4dbc, 0xf632, 0x8563, 0xf258, 0xbedd, 0x766c, 0x725e, 0x290b, 0x4e6e, 0xa760, 0xd105, 0x8702, 0xdb10, 0xd04f, 0xa235,
    0x05f4, 0x0353, 0xf2a5, 0xca59, 0xbe92, 0xaacc, 0x5ac4, 0xfee8, 0x40b4, 0x9192, 0xf97d, 0x5a05, 0xf7fb, 0xc653, 0x2dfa, 0x9cdd,
    0x850c, 0x3ac8, 0x2820, 0xa862, 0x732b, 0x42d3, 0x8b69, 0x34aa, 0x3255, 0x45f7, 0x7a7d, 0x4e81, 0xbe12, 0x6b63, 0xb2dc, 0xa3f9,
    0xd86c, 0x8881, 0xe16c, 0x2700, 0x41bb, 0x19fc, 0xd755, 0x0eb7, 0xd4b5, 0x8f3f, 0xc772, 0xbf38, 0xef25, 0xb086, 0x342c, 0x9fdf,
    0x0f1b, 0x6764, 0xb5ef, 0x6819, 0x0c77, 0xb1c2, 0x4206, 0xeaa0, 0xd71c, 0x078a, 0x19fe, 0xe74e, 0x21b3, 0xfa75, 0x0bb3, 0xeb55,
    0xe0ae, 0x58c3, 0x2988, 0xc81e, 0x0605, 0x9a31, 0xa367, 0xa87b, 0x6159, 0xdf79, 0xe83c, 0x4c78, 0x0c9b, 0x4c74, 0xb7a2, 0x73b2,
    0x4d2d, 0x0489, 0x4c8b, 0xfe02, 0x5198, 0x91b9, 0x480c, 0xcad2, 0xb3b6, 0xfe2e, 0x84bd, 0xdeee, 0x2744, 0x684d, 0x7aaf, 0xd8cf,
    0x3d13, 0x5921, 0x5bcf, 0x3b3d, 0xa2d0, 0xa56c, 0x90d4, 0x96c1, 0xc6f3, 0x2159, 0xbe99, 0x1969, 0x4994, 0xee3e, 0xfc17, 0x8cf1,
    0x217e, 0xab5b, 0x60b4, 0x4bba, 0xdddb, 0x50ca, 0x934b, 0x33d2, 0xec67, 0xfd08, 0x8177, 0x210b, 0x4c00, 0x7d05, 0xe796, 0xf4f7,
    0x93ed, 0xd6a5, 0xd110, 0xb5ed, 0xb75f, 0x9dd2, 0xb95e, 0xcc1f, 0x6dd4, 0x5be8, 0x756c, 0xe58a, 0xa770, 0xd1e4, 0x8d67, 0x8829,
    0xf66c, 0x5cdf, 0x2f42, 0xdac2, 0x5495, 0x44fe, 0x6196, 0xac33, 0x2d82, 0x3f19, 0x9f0a, 0x411e, 0x154a, 0xe8a3, 0x823e, 0xf060,
    0x1383, 0x866a, 0xaa1d, 0x15ba, 0xeb14, 0xcd5a, 0x7ee3, 0x6320, 0x4645, 0xfe36, 0xff7c, 0x1871, 0x2f7e, 0x1b81, 0x3f5d, 0x29ea,
    0xbe42, 0x8226, 0xbd02, 0xdcb9, 0x6113, 0xac66, 0x38c3, 0xe275, 0xab65, 0x6767, 0x344f, 0x7aba, 0x106f, 0x433d, 0xc27c, 0xa393,
    0x7232, 0x8577, 0xcfc5, 0xe03a, 0xed33, 0x6623, 0x8b2c, 0x9e4c, 0xc8a1, 0xdf53, 0x1798, 0xc1ac, 0xf309, 0xd71c, 0x2dcf, 0x5ebd,
    0xf354, 0xec41, 0xd6c5, 0x2b29, 0xb6a1, 0xad14, 0xe69b, 0xad35, 0x224f, 0x8114, 0x5ffd, 0xb17b, 0xd2b3, 0x0ce3, 0x6815, 0x0f2e,
    0xee3a, 0x58e7, 0xf2d5, 0x42ff, 0x7509, 0x823d, 0xd008, 0xe842, 0xf533, 0x3e4f, 0x4096, 0x98ce, 0x0b62, 0xf8ce, 0xbc84, 0x3b3d,
    0x97e9, 0xd445, 0x1157, 0x47a7, 0x1092, 0x5521, 0x80e6, 0x0b09, 0xd694, 0xff2b, 0x08f6, 0x70e6, 0xf972, 0xada4, 0x7adc, 0x5bb9,
    0x4df1, 0xedc6, 0x8c18, 0x139c, 0x41e3, 0x23bd, 0x8740, 0xd38f, 0x5446, 0xc241, 0xc53b, 0xfd6b, 0x99d5, 0x5ca2, 0x9757, 0xfbed,
    0x3661, 0xdb3b, 0xc98a, 0x5bbd, 0x3237, 0x9a8c, 0x658d, 0x226c, 0x948d, 0xbcb6, 0xde05, 0xec8c, 0x29fb, 0x758d, 0x4aa8, 0xd9bc,
    0xdfb1, 0x9918, 0xdc75, 0xcf8b, 0x1b25, 0x34a0, 0x32b6, 0x1abb, 0xf62e, 0x7a36, 0xb863, 0xf707, 0xc7c0, 0xc6a5, 0xb20f, 0x056b,
    0xe0fa, 0x0a37, 0x2432, 0x38f9, 0xe6de, 0x5b73, 0x3a44, 0x4204, 0xb07e, 0xfcce, 0x55fc, 0x0002, 0x1198, 0x9caf, 0x6f43, 0x01d3,
    0x79c0, 0x17fb, 0xeca3, 0x9c71, 0xd00e, 0x8704, 0x9c2e, 0xa05a, 0x7341, 0xdd2e, 0xf4e0, 0x3538, 0xc667, 0xe2ef, 0x487c, 0xe443,
    0x320b, 0xd24a, 0x0e1a, 0x58f2, 0x01d7, 0x5ddf, 0xecea, 0xe054, 0x06bc, 0x6a7e, 0xafa5, 0x2ed6, 0x659d, 0x4321, 0xc87a, 0x748b,
    0x7a6d, 0x8f7b, 0x8d7b, 0x47df, 0x37ee, 0xd4fa, 0xd578, 0x6f00, 0xebc3, 0xca52, 0x1d73, 0x0f91, 0xcf1e, 0x458c, 0xde75, 0x4cff,
    0x4beb, 0x0c7a, 0x3c1c, 0xdd2f, 0x5e77, 0x4fe1, 0xb34d, 0x9bf0, 0xfb9a, 0x18d5, 0xf1d7, 0xa498, 0xe358, 0x70eb, 0x7e28, 0xfa70,
    0xc80c, 0x8cab, 0x57ce, 0x475a, 0x321e, 0xc08c, 0x3867, 0xb937, 0x080d, 0x88a4, 0x9cf3, 0x859f, 0x2334, 0x6a87, 0x3fc8, 0x1c32,
    0xd8df, 0xf9e7, 0x2af5, 0x8f4c, 0xe008, 0xc786, 0x0b3f, 0x3b65, 0x7b66, 0x82e3, 0xeb5d, 0x34da, 0x501b, 0x1621, 0x0012, 0x8411,
    0xd0f0, 0x048e, 0xac71, 0xb871, 0xa5ec, 0xd3ca, 0x66cf, 0xd990, 0xf86d, 0xc737, 0xa633, 0x3ef7, 0x0bf3, 0xb5fc, 0x8038, 0x5671,
    0x0b3d, 0x4394, 0x1f87, 0xe0d1, 0x71dc, 0x42ea, 0xba85, 0xad4d, 0xfa69, 0x8bbf, 0x330c, 0x5b27, 0x7934, 0x0acf, 0x060b, 0x2a09,
    0x8b62, 0x5445, 0xb425, 0x60c3, 0x829c, 0x80cd, 0x4a74, 0x52a4, 0x752d, 0x9d1b, 0x3401, 0x8b1e, 0xdabb, 0x73ed, 0xfbae, 0x2842,
    0x9d56, 0xfa95, 0x269b, 0xeb4c, 0x0747, 0x280b, 0xcf03, 0x0828, 0x7501, 0x7e6f, 0x27b2, 0x3b10, 0x33f5, 0x0f0c, 0x8fe5, 0x2cdf,
    0x75b5, 0x40d9, 0x5fc6, 0xadd5, 0xbf87, 0x21a1, 0x152c, 0xcef4, 0xbea7, 0x895b, 0x092f, 0x61af, 0xe8cd, 0xd871, 0x55e9, 0xe639,
    0xd17d, 0x97fa, 0x14ff, 0x7055, 0x9b8e, 0xc50b, 0x9e71, 0x8a94, 0x6f70, 0x0e0b, 0xf019, 0xa029, 0x5dad, 0xcadf, 0xe570, 0xf522,
    0x9638, 0xf758, 0x6824, 0xb535, 0x5c07, 0xf84b, 0x40ce, 0x211c, 0x9d21, 0x7316, 0xb08a, 0x6231, 0x9782, 0xff95, 0x7abf, 0x0cea,
    0x71f8, 0xfcd8, 0x8782, 0xd976, 0x320f, 0x4fee, 0xc6b3, 0x9b18, 0xf60f, 0x559f, 0x7b1a, 0xfdff, 0xdbac, 0xce5f, 0x967c, 0x1366,
    0x7b3f, 0x0cd6, 0x4e06, 0x347f, 0x5f59, 0x2eea, 0x8f1f, 0x43a7, 0x60f3, 0xa94c, 0x7cde, 0xd443, 0x501b, 0xed77, 0x9dee, 0x40e8,
    0xd117, 0x723a, 0xe2fe, 0x383f, 0xd610, 0xe6c5, 0x2d91, 0xc84b, 0x9d28, 0xd837, 0x7f7f, 0x7024, 0x9b40, 0x9199, 0x7ad6, 0x403b,
    0x3b17, 0x7e5c, 0x5a4b, 0x912d, 0xd8dd, 0xd784, 0x09f8, 0x5926, 0xe26a, 0xe312, 0x8905, 0xa761, 0x83fc, 0x8e0f, 0x3b66, 0x4eb4,
    0xc93b, 0xa928, 0x543b, 0x4643, 0x9ae2, 0x8fa7, 0x00d6, 0xc8bb, 0x810e, 0x80ee, 0x7c19, 0xba25, 0x91bc, 0x74a3, 0xb24e, 0x5c2f,
    0x740d, 0xb105, 0x9dad, 0xd8ed, 0xdfd0, 0xec34, 0x0320, 0xac29, 0x81d3, 0x3f7c, 0xb7ca, 0x7326, 0xac70, 0xb57b, 0x16e1, 0x2aeb,
    0xbc9f, 0xbac5, 0xd005, 0x6514, 0x9bd9, 0x389d, 0xb65d, 0x7af1, 0x4617, 0xa2ca, 0xb7b9, 0x4797, 0xbc71, 0xbf7d, 0xa4bc, 0x6fd0,
    0x4c75, 0x71d7, 0xf113, 0xc130, 0x939e, 0x4ef6, 0x1477, 0xaf37, 0x278c, 0x458c, 0xb403, 0x771f, 0x4ac1, 0x1fd0, 0x3c31, 0xf21f,
    0x959d, 0x2815, 0x1333, 0x9e3a, 0xfc43, 0xb7bd, 0x0be9, 0xe58a, 0x1886, 0xf8e2, 0x4134, 0x2c02, 0x20af, 0xa246, 0x01ea, 0xabb0,
    0x72a3, 0xf5e0, 0xf544, 0xa79a, 0x1b7e, 0xc9ef, 0x1fb6, 0xfcf6, 0x43d1, 0xe466, 0xf071, 0x9ae0, 0xe839, 0x7117, 0xff2a, 0xe8d6,
    0xc68a, 0xda23, 0xa298, 0xa348, 0xe776, 0xcb0b, 0x075a, 0x3708, 0xacb6, 0xa640, 0xef50, 0x22fc, 0xcbc1, 0x350a, 0xc1a5, 0x6863,
    0x1cdd, 0xda3e, 0x130a, 0x91b8, 0xa6c8, 0x0f25, 0x4ec0, 0x57e2, 0xcefc, 0x7312, 0xa7ef, 0x6dfa, 0x1639, 0x355c, 0xfb9e, 0x7ba5,
    0x49aa, 0x2211, 0xcaf6, 0xcdd8, 0x90b1, 0x18ab, 0xf66f, 0xc605, 0x3ef5, 0x35f5, 0x60e9, 0x900e, 0xd300, 0x77d6, 0x23c5, 0x266f,
    0x097e, 0x23f0, 0x7b43, 0x2d11, 0x6cd9, 0xb8a5, 0x135d, 0xaa8f, 0x4961, 0xb097, 0xdd4e, 0x27f7, 0x6e00, 0xe0ba, 0x1555, 0x3f1d,
    0xa155, 0xb8d7, 0xa12d, 0x1f6a, 0x3357, 0x2e9b, 0x6f05, 0x110c, 0x938d, 0x9b14, 0xfcc1, 0x7ed5, 0x53b1, 0x52c3, 0xb00c, 0x8e75,
    0x7ec7, 0x401b, 0x26aa, 0xcf46, 0xace4, 0x488e, 0x275c, 0x0793, 0xbb47, 0xc411, 0x5b58, 0xa868, 0x90eb, 0xcf37, 0x7829, 0xefcb,
    0xd7da, 0xbf98, 0x0207, 0x4198, 0x12af, 0x82f3, 0x4ee7, 0xbeb0, 0xf6d4, 0x30b0, 0xf1af, 0xa2db, 0x7328, 0x95d5, 0x365b, 0x70f4,
    0x4b19, 0x03b8, 0xd622, 0x75d4, 0xae59, 0x28d8, 0x8c95, 0xa977, 0xb501, 0x3c8e, 0xb4e0, 0x76e2, 0x2846, 0x44e9, 0x97dd, 0x7248,
    0x7f85, 0xbf5e, 0x9250, 0x85ee, 0x7a09, 0x73c6, 0xbbde, 0x9d80, 0x3d19, 0xb9ce, 0x368b, 0x57a7, 0x5eb8, 0xf924, 0xce75, 0xc685,
    0xc4b4, 0xabe6, 0x1272, 0xc656, 0xc06f, 0xabaa, 0x8cca, 0xf2d5, 0x4ee3, 0x1118, 0x44bb, 0xc2ea, 0xe561, 0x6dd6, 0x3058, 0xd30d,
    0xb2ae, 0xa936, 0xbedd, 0xe600, 0xbcb7, 0x4716, 0x23cc, 0xa409, 0xc2aa, 0x618a, 0x8a12, 0xa0d8, 0x4bab, 0x1cc2, 0xd830, 0xafb7,
    0xc9f5, 0xddb1, 0x2c6d, 0x0e5c, 0x3a85, 0x0b0b, 0xb9d7, 0x6e33, 0x293b, 0xa0c0, 0x2db3, 0x6420, 0x8184, 0x5e20, 0x454b, 0x46cb,
    0x139a, 0xd637, 0xbc78, 0x035c, 0x3609, 0x2b02, 0x3c74, 0xf0dc, 0x6bdd, 0xbae7, 0x732a, 0x29f5, 0x775a, 0x88b3, 0xfb5f, 0x7515,
    0xc12a, 0xa626, 0x3ce1, 0x4373, 0x7be4, 0x6909, 0xed89, 0xce25, 0x6c53, 0xb29f, 0x5a94, 0xda09, 0xbe0d, 0x11c6, 0x22a0, 0x29f6,
    0xcca5, 0x0768, 0x87fb, 0x278f, 0x494a, 0x3597, 0x03a0, 0xca91, 0xa4f4, 0xc104, 0x4093, 0x468e, 0x270f, 0xad12, 0x27cc, 0x8734,
    0x989b, 0x7a5d, 0x24a0, 0x032b, 0xebdd, 0xcfb4, 0x49ac, 0xed3c, 0xc882, 0x75bd, 0x7e37, 0x4c35, 0x6448, 0x6cdc, 0x5c20, 0x0126,
    0x9018, 0x65df, 0xe62d, 0x442d, 0x61d3, 0x64e0, 0xbf2e, 0x9fae, 0x624d, 0xd6e8, 0x0920, 0xf233, 0xa81b, 0xe1ea, 0x9549, 0x7ea3,
    0xc6a2, 0x3759, 0x8c7d, 0x930d, 0xf9c8, 0x311d, 0x3819, 0xce01, 0x761c, 0x8126, 0x136a, 0x8a39, 0x4579, 0x3b7e, 0xcd8c, 0x78f4,
    0x9846, 0x82a8, 0x63e7, 0xf2c2, 0xf2eb, 0x9eef, 0xfce8, 0x06c8, 0x2034, 0xc7a2, 0xaba7, 0xd078, 0x4fcd, 0x6751, 0xc3a4, 0x1bf3,
    0x4989, 0x2235, 0xe541, 0xe0bb, 0x1ce9, 0x6757, 0x6a96, 0x9b0f, 0x3566, 0xd3f4, 0x5cfb, 0x0b9f, 0x3b02, 0x31ab, 0x9ac8, 0x65ed,
    0xa774, 0x56e0, 0x55e8, 0x74e9, 0x77e7, 0xb1d7, 0x929a, 0xbe6d, 0xe2f4, 0xc646, 0xcef4, 0x2cea, 0x7b79, 0x654f, 0x7ab2, 0x47b2,
    0xa79c, 0xe801, 0x67bb, 0x81ba, 0xd490, 0x3472, 0xdaf2, 0xa6f3, 0x4eb3, 0xd535, 0x65b6, 0xf001, 0x2624, 0xeb7e, 0x2f99, 0xc499,
    0x0801, 0x4385, 0xd910, 0xb422, 0x7419, 0x53a3, 0x9e1c, 0xad2d, 0x36e5, 0x6de6, 0xe1d5, 0xfb1b, 0x9067, 0xebf8, 0xca3e, 0x126d,
    0xef36, 0x9dc3, 0x14c4, 0xb396, 0xa81a, 0x4276, 0xcb0b, 0x6c35, 0x9258, 0x53f3, 0x0071, 0xfee6, 0xf036, 0xecff, 0x3fda, 0xb985,
    0x8c3d, 0x11a8, 0xd231, 0x4204, 0x72cc, 0x2267, 0x8539, 0xe19a, 0x3052, 0xc18c, 0x1b1a, 0xd699, 0xfbf1, 0xf35b, 0x0a1c, 0xb4bd,
    0xb69a, 0xc09a, 0xb524, 0x5be5, 0x26cf, 0x237a, 0xc4a5, 0x8d6c, 0x58a1, 0x8745, 0xc7f6, 0xa7e1, 0x8a85, 0xa24a, 0xc745, 0x9158,
    0x8e65, 0xf26d, 0xee09, 0x5824, 0x0750, 0xa42f, 0xf5c7, 0x923e, 0x6b90, 0x2c47, 0x799c, 0x02f2, 0x3362, 0x5b8b, 0xda19, 0x8f29,
    0x1c26, 0x3589, 0xd9af, 0x0838, 0xe7fa, 0x5190, 0x9993, 0xd528, 0x81de, 0x0e37, 0x1f1e, 0x0284, 0xee66, 0x5f66, 0x09c3, 0xc088,
    0xf0e0, 0x7ed1, 0xa174, 0xd80f, 0xccf7, 0x4715, 0xe58a, 0x1db6, 0x0ce1, 0x8130, 0xc41b, 0x6bbf, 0xb407, 0xec91, 0x2209, 0x2a43,
    0xc625, 0x49a2, 0xdb38, 0xee18, 0x8af2, 0x2ec2, 0x63a5, 0x35f9, 0x7662, 0xefd8, 0x30b4, 0xce55, 0x1d2b, 0x605f, 0x9317, 0xe3b6,
    0x1df0, 0xb7e8, 0x2949, 0x4b50, 0x6716, 0x611b, 0x925c, 0x0a84, 0xc0a7, 0xfb51, 0x8976, 0xa483, 0x0336, 0x5686, 0x11b7, 0x369f,
    0xe2e0, 0xb1fb, 0xda86, 0xeb1e, 0xb706, 0x0523, 0x84a9, 0xca6c, 0x267c, 0x9b38, 0xef88, 0x72f2, 0x201a, 0xc94c, 0x3717, 0xbf64,
    0x07ef, 0x06c3, 0x8a4c, 0xe379, 0x80f4, 0x305a, 0x8209, 0x073e, 0xbb28, 0x3db7, 0x207b, 0xe8d5, 0xae3a, 0x3175, 0x20f2, 0x8cce,
    0x28ab, 0x8ba1, 0xc06f, 0x84d2, 0x1b87, 0x06c1, 0xa675, 0xd510, 0x0a7d, 0xe769, 0x166c, 0xffde, 0x088b, 0xa63d, 0x118d, 0x4029,
    0x2928, 0x3c71, 0x9153, 0x7a1f, 0xcde6, 0xdadf, 0x8261, 0xea75, 0xb8b7, 0x537a, 0xa7ef, 0x1c49, 0x4a66, 0xfd6e, 0x0f92, 0x2d58,
    0xd5dc, 0x5ba2, 0x3dc7, 0xe8cb, 0x6fc1, 0x4db0, 0xbad3, 0xc07a, 0x22ae, 0x137d, 0x282b, 0x2cb5, 0xefc7, 0xeb42, 0x8643, 0x7aa0,
    0x83de, 0x9208, 0xd329, 0x90cb, 0x093e, 0x6eb9, 0xa93c, 0xb2b2, 0xfda7, 0xafa1, 0x06ac, 0xca66, 0x750b, 0x2281, 0xe55f, 0x40d2,
    0xb0bc, 0x0f0e, 0xcb55, 0xec94, 0x7309, 0xdbfd, 0xfb96, 0x1f38, 0xf766, 0xc684, 0x6f95, 0x5906, 0xf720, 0x746e, 0x4116, 0xab4e,
    0xa26e, 0xa899, 0xaca0, 0x5116, 0xf648, 0xe1f9, 0x5462, 0x868f, 0x5641, 0x2d42, 0xeb82, 0x26c3, 0xd374, 0xf0c0, 0xf22d, 0x17d0,
    0x079b, 0xfafa, 0xa9ee, 0x0dbd, 0xeca9, 0x9bb5, 0xea8e, 0xabd7, 0x98f4, 0x0f84, 0xff85, 0x8c53, 0x47f0, 0x05c3, 0x35d6, 0x36ba,
    0x9734, 0x8922, 0x428f, 0x8c87, 0x6053, 0x12b6, 0x299c, 0xb49c, 0x16d1, 0x0f73, 0xcd32, 0x0cf2, 0x12f4, 0xa038, 0xcdcd, 0x2ad5,
    0xb0d0, 0xdc6f, 0xe261, 0x71dd, 0xabf1, 0x5ef3, 0x518b, 0x48e9, 0x9faa, 0x659b, 0xb2bd, 0x763e, 0x1379, 0x4b5f, 0xa04b, 0xa97e,
    0xfc6f, 0xa4c5, 0x81bc, 0xbcb1, 0x1ab1, 0xc6f3, 0x16c6, 0xb362, 0x1bb5, 0x0135, 0xeaa3, 0x007a, 0xe8d9, 0x5102, 0x5805, 0x1a87,
    0x0a9d, 0xd885, 0x457f, 0xe676, 0x883b, 0xdfb9, 0x4258, 0x0108, 0x2bcd, 0xa7d4, 0x2c13, 0x6e4c, 0x9310, 0xd951, 0x0444, 0xb832,
    0xf46d, 0xd491, 0x1efa, 0x032b, 0x00b1, 0xaccc, 0x51ad, 0x2173, 0xc935, 0x15a1, 0x4a9a, 0x2cef, 0x127c, 0x0b1c, 0xb8b5, 0xaf5e,
    0xfb61, 0x7c4b, 0x6c13, 0xe12b, 0x60c9, 0xc025, 0x16c8, 0x06b4, 0xe5ba, 0x1d3a, 0xd657, 0x7413, 0x0807, 0x2ba6, 0x2d96, 0x3f5a,
    0x298b, 0x598b, 0x9721, 0x2974, 0xf5a9, 0x5a47, 0x5823, 0xc55b, 0x0ba6, 0xc7c3, 0xbbe5, 0x65e3, 0x5523, 0xbea4, 0x5fa7, 0xd9f4,
    0xf169, 0xbcc2, 0xb6f5, 0x7f7b, 0x1cfc, 0x8a34, 0x70b5, 0xb47f, 0xfdbd, 0x74e1, 0xe45c, 0x2f16, 0xbbb5, 0xa662, 0x3017, 0x4387,
    0xce0c, 0xdcd0, 0x2ef3, 0xa12c, 0xe4e2, 0x4d7c, 0xefee, 0x8db8, 0x574b, 0xfab5, 0xd554, 0x26e3, 0x7e21, 0x43a7, 0x04a6, 0xb2df,
    0xe2fc, 0xf711, 0x4eed, 0x8700, 0xac0e, 0xb00d, 0x39dc, 0x8d03, 0x2c26, 0xc5d7, 0x50ef, 0xeef5, 0xff5a, 0x95aa, 0x678f, 0xf149,
    0x9c4e, 0x6f62, 0xf34d, 0x83db, 0xc1ae, 0xec73, 0x26eb, 0x9109, 0xa885, 0xf976, 0xf5bf, 0x937e, 0x62cb, 0x5a33, 0xa784, 0x7aa8,
    0x4e75, 0xf038, 0x24d6, 0x6543, 0x0567, 0x8bab, 0xa41e, 0x3aca, 0xb143, 0x8f2c, 0xdee1, 0xab35, 0x2c52, 0x2d84, 0x77c9, 0x9d3d,
    0xd68f, 0x8a60, 0xb8f0, 0x931c, 0x875c, 0x8540, 0x52e8, 0x0ddf, 0x83a0, 0x7721, 0x43f0, 0x774e, 0xe061, 0xaa61, 0x900f, 0x99e0,
    0x3a20, 0xd544, 0xf17a, 0x2fd7, 0x2845, 0x5f31, 0x293f, 0x9066, 0x5562, 0xb7f7, 0x18fe, 0x0373, 0xa3e3, 0x8a04, 0x4c9a, 0xc3e6,
    0x472c, 0x0ed2, 0x1cbc, 0x3870, 0x393f, 0x4dfb, 0x11a8, 0x6ae2, 0xf4dc, 0x8ecb, 0xaeb0, 0x45d8, 0xdc44, 0xc431, 0x4e21, 0xa117,
    0x344a, 0x3b55, 0x35a3, 0xa44d, 0x1bfd, 0x54a4, 0x8b14, 0x8867, 0x68d8, 0x8f40, 0x521d, 0x3f2e, 0xcf6b, 0xaf31, 0x19d9, 0x09ce,
    0x407a, 0x45c0, 0x837b, 0x856c, 0xe2a4, 0x64aa, 0x4907, 0x3688, 0x909b, 0xc37b, 0xecda, 0x1aad, 0x43c2, 0x1fbd, 0xb981, 0x48e1,
    0x5343, 0x1f77, 0x3a1f, 0x283f, 0xefde, 0x7e14, 0xd372, 0x4557, 0xc3f6, 0xcc19, 0xa507, 0x4e03, 0x2030, 0x8920, 0x5b4f, 0x3b97,
    0x9cb6, 0xe04c, 0x19f9, 0x33a7, 0x96dd, 0xcf5c, 0x26d4, 0x2766, 0x732b, 0x0043, 0x7d39, 0xb965, 0x0c1e, 0x1d1b, 0xf1ff, 0x71c5,
    0x3562, 0xe6ad, 0x0fd0, 0xc926, 0xbb40, 0xd58d, 0x5426, 0x11c9, 0xc706, 0x8d94, 0xf48e, 0xc77e, 0x0f7f, 0xebe7, 0xd4cb, 0x4dc3,
    0xbe41, 0xf77b, 0xd506, 0xa4ac, 0x7134, 0x7c2d, 0x20d9, 0x1c17, 0x40d2, 0x9836, 0xa69f, 0x8d86, 0x32bd, 0x0448, 0x5f73, 0x2459,
    0x00ee, 0x5e12, 0x8f77, 0x3ca3, 0x9d69, 0x3d2d, 0xa6f2, 0x6058, 0x5a5b, 0x5ac1, 0xeb89, 0xeb2a, 0x1eb7, 0x938d, 0x921f, 0x5ceb,
    0x8f64, 0x0c5c, 0x717e, 0xe202, 0x9504, 0x411b, 0xf4ed, 0x1b1f, 0x25e7, 0x4662, 0x77dc, 0xaaa8, 0xbcd7, 0x0569, 0xb1a0, 0x9130,
    0x643e, 0xbab3, 0x59ee, 0xe041, 0xbdb1, 0x7ef6, 0xadc1, 0xcb7f, 0xee46, 0x22ad, 0xfcba, 0xa0a3, 0xd714, 0x2427, 0xe71d, 0xad94,
    0x8272, 0x0803, 0x7420, 0x9d4b, 0x2d94, 0xdc45, 0xa8de, 0x5313, 0xd6be, 0x2dcf, 0xc7c2, 0xcc50, 0xb7d6, 0x387c, 0xe062, 0x10d9,
    0x9598, 0x99a5, 0xd7f5, 0xb995, 0x4b5f, 0x4d04, 0x9246, 0x15e4, 0x7b15, 0x3c69, 0x6301, 0x776d, 0xc9f5, 0x29c1, 0x6f96, 0xac54,
    0x91bb, 0x3b7c, 0x29cb, 0x3005, 0x6e41, 0xf3ae, 0x8a7c, 0x1a82, 0x8f9c, 0xd99c, 0x3516, 0x5623, 0x38ee, 0x9da5, 0x2b7f, 0x23dd,
    0x535d, 0xffed, 0x3a72, 0x761f, 0x7dd3, 0x4156, 0xc66f, 0x2a00, 0x811f, 0x6704, 0x2124, 0xa71d, 0x90a3, 0x1872, 0x0f4f, 0xedc6,
    0x3f85, 0x5fe1, 0xa740, 0x9bd2, 0x9240, 0x157a, 0x2f91, 0xf000, 0x14db, 0x3ccf, 0x26b6, 0x539a, 0x5d82, 0x1ce6, 0x1acc, 0x72d6,
    0xe3cd, 0x5aa5, 0x7a25, 0x6b81, 0x9448, 0xde0f, 0x03ed, 0x1a81, 0x08a1, 0xc998, 0x01ee, 0x0f48, 0xcc70, 0x4c43, 0xf228, 0x2e66,
    0x9631, 0x962e, 0xc961, 0x8a2f, 0xdd02, 0xb79f, 0x75fb, 0x7a14, 0xb2c5, 0xb27a, 0xcb6b, 0x7851, 0x4ae2, 0x8647, 0x7e22, 0xce46,
    0x153f, 0x7edc, 0x57dc, 0x9748, 0xd619, 0x8d33, 0x4ca9, 0x21d8, 0xa206, 0xf321, 0x983e, 0x3770, 0x26b2, 0x0943, 0x8be7, 0x52ce,
    0x2806, 0x6786, 0x34f1, 0x4cbb, 0x99be, 0x3844, 0x837a, 0x8756, 0x3daf, 0xfdad, 0x1a06, 0x1fd7, 0x2e51, 0x91ed, 0x6d40, 0x2eca,
    0x3e06, 0xa99a, 0x5c71, 0x9eff, 0x9298, 0xa0d7, 0xea65, 0xa2a7, 0x6588, 0xdac4, 0x3ed9, 0x4f32, 0x50b0, 0x7b8b, 0x985c, 0x6793,
    0x0f4c, 0xc4f8, 0x56bc, 0xdd04, 0x1bce, 0xdd70, 0xc5e4, 0x0e57, 0x11e3, 0x497f, 0xd151, 0x4dbd, 0x3d28, 0xdfde, 0x47ff, 0xb4ee,
    0x3c6a, 0x7ffb, 0xd8af, 0xd039, 0x210f, 0x530c, 0x6ef5, 0x277a, 0xf382, 0xdf82, 0x1892, 0x2e1a, 0x03bb, 0xb722, 0x1b5e, 0xa139,
    0xee62, 0x0789, 0x639f, 0xdc92, 0xbe80, 0xd532, 0xf30c, 0x2da4, 0x13b2, 0x28f7, 0x782a, 0xad8a, 0xb4bc, 0xf824, 0xb62e, 0xa943,
    0x76be, 0x0f08, 0xe565, 0x2081, 0xe0d4, 0xc5db, 0xb42b, 0x62e1, 0x7441, 0xc876, 0x1039, 0x53b6, 0x0126, 0xb81c, 0x60b6, 0x5c5e,
    0xef8b, 0xf053, 0x5862, 0x94fb, 0xe529, 0x3595, 0x08c3, 0x2bc8, 0xaf73, 0x9723, 0x5d59, 0x92d5, 0xda59, 0x4ad6, 0xa7a1, 0x7c56,
    0xdb57, 0xcbcd, 0x636b, 0x2d6e, 0x3931, 0x035e, 0xdbd1, 0x2f6c, 0x9812, 0xc4a7, 0xd89f, 0xe79a, 0x123f, 0x628e, 0xfc32, 0x1d84,
    0xc524, 0xa85b, 0xf9d9, 0xf7ce, 0xfb13, 0xfcb6, 0x4cd3, 0x775b, 0xd971, 0xf717, 0x97ae, 0xf92e, 0xfb4a, 0x3003, 0x5421, 0xc6b9,
    0xe07e, 0x9361, 0xfb87, 0x3c8b, 0x997b, 0xfd9a, 0x4fc3, 0x8fa4, 0x9751, 0x6b23, 0xec99, 0xb94d, 0x085b, 0x827a, 0xc9a9, 0x9144,
    0xa972, 0xc0be, 0xd4cf, 0x9e99, 0x7393, 0x1099, 0x4d0f, 0xa6e7, 0x0df9, 0x13ea, 0x05f7, 0x8429, 0x6cde, 0xe7bd, 0x3b7f, 0x48ff,
    0x8488, 0xaad0, 0x1e90, 0x3b68, 0x7904, 0x8ea6, 0xc1c4, 0xae26, 0x323d, 0xbb07, 0x8ee7, 0x406f, 0xbcc2, 0xcc00, 0xece8, 0x8c2c,
    0x5ecd, 0x3282, 0x3e1b, 0xcaec, 0xc9f4, 0x3f4f, 0xdf4d, 0x7900, 0x5162, 0x20a3, 0x4f05, 0x7f53, 0x8c6a, 0x9a10, 0x2592, 0xebae,
    0x4dc6, 0xbf2c, 0x0553, 0xbf97, 0x5712, 0x7897, 0x2ba6, 0xdd7e, 0xb12f, 0x1b59, 0xca6b, 0x9c7b, 0x10cd, 0xdb23, 0xd1c0, 0x0ad0,
    0x2f79, 0x5ebf, 0x5287, 0x665f, 0x8186, 0x3ef3, 0x2151, 0xd434, 0x2ff4, 0xb854, 0xe1ab, 0xde34, 0xbf42, 0x570c, 0x2223, 0xbf61,
    0x4a7f, 0xe589, 0xb09d, 0x06aa, 0xbafd, 0x6571, 0xcf3e, 0x9838, 0xe474, 0x5b32, 0x71e7, 0x951a, 0xedc0, 0x3400, 0x2bfd, 0x31b5,
    0xedd6, 0x0e77, 0xf6ea, 0x0272, 0x25a2, 0xad88, 0x78f6, 0xc711, 0xbe07, 0xde0b, 0xf4b8, 0x3c66, 0x72ac, 0x16c7, 0x8901, 0xfca3,
    0x110b, 0x9aed, 0xe945, 0xf62d, 0x3415, 0xe745, 0x3662, 0x80dd, 0x246b, 0xb18c, 0x2039, 0x99c4, 0x44f9, 0x429a, 0xf777, 0x4d72,
    0xf42e, 0x72c7, 0xd80d, 0xd8c3, 0x498d, 0x1125, 0x9405, 0x882a, 0x97e7, 0xfcdd, 0x86fb, 0xdd73, 0x1c02, 0xb948, 0xfa05, 0x0405,
    0xbfb7, 0xc472, 0x4012, 0x1bb4, 0x59a6, 0x782e, 0x32d5, 0x620c, 0x514e, 0xbd94, 0x3820, 0xc21d, 0x0fb9, 0x5b0b, 0x77f3, 0xd29b,
    0x24c5, 0x24c5, 0x6aba, 0xcae3, 0x8895, 0xd7da, 0x6850, 0x7613, 0xe1e2, 0xe7d9, 0x5f43, 0xacef, 0x388d, 0x06a4, 0x5cf7, 0x5e15,
    0xfcd7, 0xaf22, 0x0ddc, 0xaccc, 0xcb01, 0x7a37, 0xde66, 0x2e54, 0xd372, 0x864a, 0xe47a, 0xcda3, 0x4f61, 0xb957, 0x394d, 0x5dbb,
    0xe9fb, 0x256f, 0xebd1, 0x625a, 0x8616, 0x57ba, 0x33a1, 0x1759, 0x484a, 0xda0d, 0x0c60, 0x3e6d, 0x4d9d, 0xaeee, 0xe1a6, 0xbb65,
    0xf6b6, 0x100f, 0x7371, 0x8703, 0x2f7b, 0x376b, 0x9af1, 0x0038, 0x9b2f, 0x7ac2, 0x1810, 0x23f5, 0x0d32, 0x819c, 0x0f4c, 0xb35f,
    0x361d, 0xddde, 0x6018, 0xd0b9, 0xed58, 0xcecb, 0x7bd4, 0x1a87, 0xff70, 0x7688, 0xe526, 0xcd72, 0xe887, 0x4a2e, 0xffea, 0xf483,
    0x63ac, 0x0448, 0x599e, 0x2ff0, 0x3659, 0xe1e4, 0x123a, 0x1a58, 0x20ce, 0x7209, 0x8db7, 0xd497, 0x5a87, 0xbfe0, 0x15c3, 0xc01e,
    0x8370, 0x1f27, 0x945f, 0xef92, 0x71b1, 0x6326, 0x0eb1, 0x5632, 0xc3a1, 0xc85c, 0x085f, 0x3d98, 0x9e95, 0x587d, 0x778e, 0x0a02,
    0x81fe, 0x10d9, 0x7139, 0xd517, 0x96fa, 0x93a0, 0x3622, 0xe730, 0x64aa, 0xab2f, 0xc838, 0x9722, 0x50a9, 0x6839, 0xb085, 0x9881,
    0xd452, 0x2251, 0x1d7b, 0x4076, 0xce69, 0x22d6, 0x020b, 0xc8e6, 0xd931, 0x429d, 0x5cdd, 0x1a6f, 0x0d1b, 0x41e6, 0x505f, 0x2471,
    0x1802, 0x22dc, 0x330c, 0x4c16, 0x10a5, 0x4ec1, 0x406a, 0xf963, 0xef04, 0xcd49, 0x1269, 0xcb24, 0x10e6, 0x56b6, 0x8b5b, 0x7921,
    0xb30e, 0x886a, 0x583c, 0xecf1, 0xc6d3, 0x03ef, 0xb3ae, 0x9936, 0x0c71, 0xc04d, 0x917b, 0x9778, 0xd970, 0x5673, 0xda33, 0x945f,
    0x7406, 0x8f5d, 0xdfe5, 0x1276, 0x6aa8, 0xfd50, 0xb2e5, 0x0b77, 0xd038, 0xe75e, 0x7f1c, 0x782a, 0xc497, 0x4f63, 0x9a1b, 0xc683,
    0x31f4, 0x5a8d, 0x696c, 0xc694, 0x2646, 0xe479, 0xc972, 0x15b9, 0xb1a5, 0x8493, 0x1cef, 0x905e, 0xb0d0, 0xce43, 0xacd0, 0xd260,
    0x6c5a, 0x136b, 0x809b, 0x4dc6, 0x745a, 0x715f, 0x5763, 0xffff, 0xa08e, 0x7088, 0xe918, 0x4dc6, 0x9d06, 0xfe52, 0x1896, 0x0d3f,
    0xeb4d, 0x09c7, 0x3ddb, 0x46f7, 0xc009, 0x8a8b, 0x3123, 0xb4ed, 0xa52d, 0x3a69, 0x3e25, 0x889a, 0x489c, 0xc95a, 0xa814, 0x7efe,
    0x5f51, 0xd413, 0xe5fb, 0xcb9a, 0x0502, 0x64ff, 0x3fb3, 0xe18f, 0x8055, 0x47d4, 0xf334, 0xa385, 0xd384, 0xf795, 0x8a91, 0x01e7,
    0x0172, 0x6f24, 0x8a5e, 0x8f9c, 0x6f72, 0xa435, 0x208e, 0x1572, 0x4b53, 0xf4e8, 0xfbdd, 0xabc3, 0x5e21, 0x4fcd, 0xf3c7, 0x62cb,
    0x333b, 0x5e63, 0xa8db, 0x0179, 0xfbfd, 0x7a36, 0xc5ab, 0xe2ad, 0x17e9, 0xb44c, 0x083c, 0x78fe, 0xa960, 0xb73a, 0xbbee, 0x80fe,
    0x1eb3, 0xcbb3, 0xcbc8, 0x6a20, 0x17c9, 0xc788, 0x1582, 0xfdd3, 0x9063, 0x2f22, 0x24ef, 0xcd69, 0xb6ad, 0x51a8, 0xffbd, 0x6e56,
    0x5665, 0xa774, 0x29ff, 0x0d00, 0x408a, 0x3b23, 0x8b15, 0x5df2, 0x978f, 0x6506, 0x5b0a, 0x75b6, 0x67f0, 0xa14f, 0xc071, 0x8f1d,
    0x755f, 0xc887, 0x46e1, 0x480c, 0xa465, 0x728f, 0xd5d8, 0x5c9e, 0xe8b3, 0xcc20, 0x5024, 0x691e, 0x1f8e, 0xa701, 0x83b8, 0xba39,
    0xbf18, 0x0c57, 0x923b, 0xb3b9, 0xc204, 0x19cb, 0x79c5, 0xd5e9, 0xb79a, 0x7114, 0xe65d, 0xe949, 0x607a, 0x01ee, 0xf3e6, 0x58dd,
    0xbfba, 0x76b8, 0x0876, 0x42f5, 0x0894, 0x0b5c, 0x6f59, 0x4864, 0x5091, 0x16fa, 0xdc4f, 0xa26f, 0x6e18, 0x0fe0, 0x7fa1, 0x86ef,
    0xebba, 0x520f, 0xd267, 0x632f, 0x77c1, 0x7040, 0xc38b, 0xf520, 0xb85d, 0x577e, 0x6d14, 0xcb41, 0xec53, 0x0d1a, 0xfa29, 0x32bf,
    0x4028, 0x4f41, 0xe568, 0x1c5f, 0x3faa, 0xdfff, 0x37d4, 0xffb6, 0x4c4b, 0xc2bc, 0xf03f, 0x44f6, 0x7f93, 0x3463, 0x3b32, 0x3d1e,
    0xe285, 0xa5b4, 0xa34a, 0x30fa, 0x6101, 0x8097, 0xe230, 0x8e30, 0x6222, 0xff5b, 0x79f6, 0xbb2f, 0x6ccd, 0xdeeb, 0xbefe, 0x995b,
    0xc0e6, 0x3348, 0x7a73, 0x3dea, 0x4cf0, 0x2689, 0xcd1a, 0xe925, 0xe82f, 0xea79, 0x7aca, 0xc42f, 0x395d, 0xa487, 0x4644, 0x6d4a,
    0x31d5, 0x9c55, 0x85bc, 0xdaa0, 0x8523, 0x74d8, 0x978f, 0x9ba1, 0x053b, 0xb7b8, 0x5fd7, 0x00a0, 0x4b38, 0x7b71, 0x763f, 0x313f,
    0x9450, 0x6bd1, 0x2c74, 0xb91e, 0x3bb8, 0xfd0c, 0x14ff, 0x933d, 0xb893, 0x113b, 0x32b9, 0x3bb7, 0x88bf, 0xd864, 0x78ac, 0xd004,
    0xeff2, 0x330b, 0xc27f, 0xc5c3, 0xf367, 0x5f1f, 0xed6c, 0x4009, 0x79fb, 0x37a9, 0x3984, 0x8b29, 0xf8df, 0xceb2, 0x9bb9, 0xc6f3,
    0x94ba, 0xa9e8, 0x283b, 0x4785, 0x1f59, 0x6993, 0x3d51, 0xb495, 0xd9bf, 0x221c, 0x96d7, 0x6f26, 0x6303, 0x3015, 0xf22f, 0x45dd,
    0xbb34, 0xced6, 0x6a73, 0xffe3, 0xc328, 0x3973, 0x359c, 0xc5f5, 0x20ad, 0x9e37, 0xe9cf, 0xf258, 0xef13, 0xaccc, 0xf33b, 0x4f15,
    0x2468, 0x06ab, 0x6290, 0x4abe, 0x1315, 0x5a31, 0xbbde, 0x2bb4, 0xf012, 0x701b, 0xee07, 0xc9f7, 0xc580, 0xf399, 0x1aa2, 0xd768,
    0xb9e5, 0x3cce, 0x5664, 0x3e8f, 0x13bd, 0xe5de, 0x09f9, 0x9ff0, 0xe1a8, 0x7276, 0x1b8e, 0x75ba, 0xaf2e, 0xd1c0, 0x8899, 0xe62b,
    0x2db1, 0x0323, 0x9841, 0xcc51, 0x3a45, 0xa4fa, 0x4e73, 0xff33, 0x27ca, 0xb659, 0x4707, 0x5fcf, 0xb583, 0x530d, 0xa1d3, 0xb534,
    0x9a55, 0xb205, 0x2717, 0xdf62, 0x0c67, 0x2e7c, 0x4c46, 0x6890, 0x2d3b, 0xa372, 0x4188, 0xfce2, 0xc274, 0xe1b0, 0xaf99, 0xd0cc,
    0x22e3, 0x885b, 0x4e2e, 0x7dc9, 0xc039, 0x07f7, 0xfae5, 0x5d9d, 0x3542, 0x17de, 0x78b0, 0xec2d, 0x4064, 0x6676, 0x7f9a, 0x37cd,
    0x92db, 0xcb86, 0x4569, 0xe7e4, 0xdc7d, 0xc559, 0x2657, 0xe265, 0xfbac, 0x8845, 0x968b, 0x1763, 0xba36, 0x68a3, 0x0412, 0x7b85,
    0xfe4b, 0xe76d, 0xd119, 0xb8ba, 0xd846, 0x2935, 0x0f0a, 0x9d7a, 0x54cb, 0x1fbc, 0x21cc, 0xd2ab, 0x7b64, 0x2df0, 0xf3bc, 0xdfc6,
    0x61be, 0x8e69, 0xe21f, 0x05b0, 0xbb49, 0x4488, 0x09fb, 0xf7fb, 0xcd58, 0xdff6, 0x1d74, 0xfcc6, 0x2fc9, 0xdaa6, 0x69d1, 0x7ae7,
    0x423c, 0xd963, 0x35d4, 0x7ebc, 0xbdad, 0x96d2, 0x20a4, 0x3d6e, 0x4aa8, 0xc107, 0xa927, 0x1ee0, 0x83d5, 0x9184, 0x860d, 0x55b2,
    0x4d55, 0x67b3, 0xf618, 0x8e41, 0xe828, 0x2e11, 0xb102, 0xbbe6, 0xaa87, 0xd194, 0xa109, 0x8c9e, 0xc47c, 0x93c9, 0x0cad, 0x8b7c,
    0xf909, 0x7f4c, 0x5933, 0x7951, 0xb3ca, 0xc6d5, 0x0d88, 0xe3fe, 0x6335, 0x56cb, 0x3da3, 0x8446, 0x7f1b, 0x613e, 0x0665, 0x6a19,
    0x23e9, 0x2c7d, 0x4215, 0x7f3e, 0xaa5d, 0xec0a, 0x1d3f, 0x68b7, 0x238a, 0xec3b, 0xb417, 0x4e84, 0x219a, 0xd824, 0x606d, 0x91dc,
    0xb4fe, 0x6235, 0xe008, 0xfa0b, 0x05f3, 0x1748, 0xfb91, 0x5fb2, 0x72c3, 0xa412, 0xd5ff, 0x5e82, 0x9a72, 0x5533, 0x8c89, 0x158e,
    0x3bd3, 0x19d4, 0x4eec, 0x7e2d, 0x5139, 0xd088, 0x987d, 0x60fc, 0x50b1, 0x26ee, 0xb176, 0x71f8, 0xf87f, 0xd3ba, 0x20ea, 0x9a8f,
    0x906e, 0x7336, 0x371e, 0xfa81, 0x076b, 0xce41, 0x5885, 0xa723, 0xd599, 0xd3f6, 0x3114, 0xb119, 0x0b2e, 0x0d77, 0x784d, 0x78a9,
    0x735c, 0xd4c5, 0x6d70, 0xd894, 0x341b, 0x1589, 0xb495, 0x2f3e, 0xd253, 0xe0bc, 0xbbf9, 0xce8d, 0x0271, 0x9aa8, 0x51eb, 0xda2f,
    0x2da5, 0x0b5e, 0x933f, 0x1c4a, 0x137e, 0x19db, 0xda2d, 0xd8e5, 0x7011, 0x7981, 0xd5ae, 0x279e, 0x0ea2, 0x1217, 0x717e, 0xdbf4,
    0x30d3, 0x6a64, 0xb66f, 0x840e, 0xb245, 0xdd2c, 0x4b51, 0x8619, 0xd0b0, 0xe0c6, 0xbe61, 0xe3e5, 0x00bb, 0x28fa, 0x3f46, 0xad43,
    0xb6f7, 0xebb6, 0xf14b, 0xa8e2, 0x8d8c, 0x1015, 0x7e67, 0x3b7f, 0xae72, 0x8fbf, 0x12a4, 0x159b, 0xea20, 0xd31a, 0x67f3, 0xaffc,
    0x628f, 0x4fc1, 0x0ab2, 0x1e32, 0x3306, 0x3184, 0x7e7c, 0x4017, 0xfc2b, 0x560a, 0x6b90, 0xd977, 0xbcbc, 0x62ba, 0x7cc8, 0x9862,
    0xdead, 0x3d5a, 0x1603, 0x91e9, 0xe0dc, 0xaf01, 0x8afd, 0x3d82, 0x8514, 0x79cd, 0xfeb7, 0x76ac, 0xeaf5, 0xa89b, 0x9376, 0x8d52,
    0x7ed9, 0x61ed, 0x1311, 0xec86, 0x25b1, 0x0498, 0xb7ea, 0x5fcb, 0x8d04, 0xd7a1, 0x3e44, 0x7ee6, 0x07ba, 0x13fe, 0xe643, 0x4817,
    0xdf20, 0x914f, 0x8e3f, 0x70eb, 0x80bc, 0xdcba, 0x8dbf, 0x7582, 0x7047, 0x02ac, 0x78c8, 0xee58, 0x6670, 0xd2a9, 0x73dd, 0x348a,
    0x8407, 0xe5ea, 0x4063, 0xdc93, 0x019d, 0x3078, 0xa96f, 0x0fbe, 0x439b, 0x6495, 0x795c, 0x4bb9, 0xbb02, 0xf0d8, 0x9f84, 0x90f2,
    0x7aa1, 0xe0a3, 0xaed0, 0x8771, 0xe883, 0x674a, 0x5c7e, 0xa20e, 0x744e, 0x5d7f, 0x2797, 0xc836, 0xb9dd, 0x7955, 0xd0ef, 0x8e2e,
    0xf867, 0x88de, 0xcb63, 0x83fb, 0x460f, 0x773a, 0x4cda, 0xa286, 0x6832, 0x6400, 0x279b, 0x5f81, 0xb7ef, 0x9550, 0x1463, 0x6f85,
    0xfb75, 0x8c72, 0x947d, 0xbf18, 0x9b75, 0x04c1, 0x1507, 0xa9b4, 0x1d89, 0x253e, 0x7a07, 0xf7c8, 0x4a9d, 0xac9c, 0xba8b, 0xaad0,
    0xea4b, 0x5fcb, 0xb4f3, 0x2041, 0x7a5f, 0x82e7, 0xe3f6, 0x92b2, 0xcb1d, 0xa4e3, 0x1be7, 0x81c3, 0xe7d1, 0x8579, 0xf8a4, 0x0862,
    0x33ef, 0x5dc9, 0x2420, 0xa965, 0x24f2, 0x532d, 0x1d2d, 0x9b08, 0x803c, 0x5d0d, 0xa6d4, 0x18b0, 0x85eb, 0x64ac, 0x886d, 0xc305,
    0xeffa, 0xe7c4, 0xc5df, 0x96f7, 0x2dd9, 0xe598, 0xf895, 0x82d6, 0xc4ad, 0x5e5c, 0xf0f7, 0x2229, 0x3be9, 0x2d6b, 0x4821, 0xa813,
    0x7e6c, 0x85a8, 0x0a88, 0x7fec, 0x1841, 0xd89e, 0x22be, 0xac9a, 0x38bf, 0x6ff6, 0xacd7, 0x6e77, 0xe11f, 0x8185, 0xda6e, 0x3761,
    0x27ca, 0x05da, 0x8ef4, 0x75af, 0xf7ce, 0x1954, 0x5c8d, 0x3d79, 0x3535, 0x2f75, 0x09a4, 0x5835, 0xad8f, 0xe12e, 0x46a4, 0xc32e,
    0xbd29, 0x9d37, 0xbc7d, 0x243c, 0x10b1, 0x0329, 0x1b8a, 0x3cf7, 0x6b5d, 0x3105, 0x52e5, 0xe4a6, 0xd991, 0xcb33, 0x9868, 0x905f,
    0x3812, 0x071c, 0x6905, 0xf1f9, 0x7791, 0x802d, 0x29a5, 0xb531, 0x84fd, 0x1f41, 0x90bd, 0xe370, 0x3e1a, 0xdcd0, 0x7fff, 0xf642,
    0x5a84, 0xa575, 0x76db, 0x1fdf, 0xb19b, 0x28d6, 0x4566, 0xd2ae, 0xc469, 0xdb4c, 0x27c9, 0x0ed0, 0xf489, 0xf1cd, 0xf21e, 0x7ea6,
    0x4f13, 0xa09e, 0x74db, 0xe966, 0x546f, 0x6432, 0xc1b7, 0x0489, 0xa462, 0x9cca, 0x7919, 0x2b78, 0xf6cd, 0x446b, 0xc7ff, 0x05df,
    0x48c5, 0x077d, 0x3e63, 0xa476, 0xa63f, 0x87bd, 0x261b, 0x1c51, 0x7832, 0x11dc, 0x8250, 0x288e, 0xbf53, 0x8d66, 0x5f61, 0xdabc,
    0x2325, 0xef6f, 0x9b4a, 0xe186, 0x3db3, 0xf77b, 0xce8a, 0x6e16, 0x0baa, 0x7f24, 0x7d85, 0x3fcf, 0xe904, 0x2403, 0x3a7e, 0xde8d,
    0x0241, 0x9457, 0xdfef, 0x8b82, 0xa1f9, 0x45eb, 0x8b7c, 0xf06e, 0x430a, 0xdfc4, 0x814d, 0x1568, 0xcf48, 0x1e09, 0xa005, 0xa531,
    0xf299, 0x789d, 0x8d26, 0x07e5, 0xeab7, 0x5413, 0x41ec, 0x5c6e, 0xbb1f, 0x055f, 0x20cb, 0xd80c, 0x2e0c, 0x6faf, 0x3b42, 0x94e7,
    0x8945, 0x8513, 0xf04e, 0x569a, 0x6018, 0x7170, 0x8b59, 0x4d99, 0x693e, 0xb817, 0x0b90, 0x60f3, 0xc1af, 0x0bc5, 0xbbdf, 0x068c,
    0x83cb, 0x2928, 0xc343, 0x3213, 0x1ac4, 0x7c08, 0x55b9, 0x620f, 0x3b23, 0xd689, 0xadc0, 0x53c2, 0xe72f, 0x037e, 0x7620, 0x6578,
    0x6827, 0x7ac5, 0xcc51, 0x2f49, 0xa3e8, 0x0057, 0x8386, 0x5a5b, 0xb722, 0x75dc, 0xcff3, 0x3eaf, 0x3bec, 0xa6a4, 0x02b8, 0x4f72,
    0x24f0, 0x563f, 0x7e61, 0xdda7, 0x952f, 0x5967, 0x8bb9, 0x3997, 0x9bf9, 0x01b5, 0x3735, 0xba7a, 0x3dc4, 0xa380, 0xdee2, 0xb4ce,
    0xb12f, 0x7e7c, 0x98c6, 0xe720, 0x38c0, 0xd0b3, 0x19d2, 0x654a, 0x80ff, 0x5c30, 0x4531, 0x8a43, 0xeb32, 0x26c7, 0x0c5d, 0xf864,
    0xac68, 0xbcdf, 0xc75a, 0x302e, 0x293f, 0xbe4b, 0xadb9, 0xc594, 0x75f5, 0xfdf4, 0x97f6, 0xbbc7, 0x6318, 0xfbc3, 0xb15e, 0x0f80,
    0xfead, 0x0148, 0x427a, 0xf7b8, 0xf1e2, 0xa8a1, 0x3bff, 0xe4fc, 0xa326, 0x161f, 0xaa25, 0xc738, 0x84dd, 0xac36, 0xb89e, 0xa1f8,
    0x7884, 0x8219, 0x6f02, 0xf730, 0xae52, 0x64ba, 0xcd94, 0x1092, 0xe965, 0xaa50, 0x72d8, 0xaf3d, 0x9078, 0xa058, 0x7166, 0x2a19,
    0x72f7, 0xdc3a, 0x7e43, 0x8292, 0xaaad, 0x361f, 0x1fed, 0x77f5, 0x81ef, 0xb6b1, 0x05a2, 0x2117, 0xc645, 0x3efd, 0x2f58, 0x14bb,
    0x6f8e, 0x3305, 0x0e1e, 0xa84b, 0x03a9, 0xeecb, 0x450d, 0x4d29, 0x9e9a, 0x4ddd, 0x32a8, 0x9467, 0x0739, 0x0d55, 0xeabf, 0xe128,
    0xb85b, 0x505a, 0xc8f0, 0x5149, 0x466d, 0x0f43, 0x4369, 0xe4c7, 0x09a8, 0xb8fb, 0x2678, 0x6b70, 0x74b8, 0xcf2a, 0xe050, 0x4138,
    0xffde, 0xc4a9, 0x0587, 0x6109, 0x1099, 0xe68d, 0xb5f9, 0xd5e1, 0xc5e2, 0x97ab, 0x0a32, 0x12d9, 0x10a9, 0xa6c1, 0x3143, 0x393f,
    0x0125, 0x06c8, 0x6749, 0xd56b, 0xb06a, 0xb21f, 0x6c41, 0x1a08, 0xae98, 0x0013, 0xa36e, 0x21da, 0x5d7c, 0x34da, 0x8352, 0x400d,
    0x1fba, 0x941a, 0x7e0d, 0xe6ed, 0xc480, 0xbe03, 0x0a32, 0x2d48, 0x1796, 0x9eca, 0xf44d, 0x7a1f, 0xfe19, 0xb8b0, 0xa0c1, 0x5eed,
    0x07ab, 0x1082, 0x662b, 0x2882, 0xdc02, 0x84be, 0xa844, 0x2e3f, 0x6d1c, 0xd6ff, 0xdb61, 0x67dd, 0x55ec, 0x300b, 0x1840, 0x51b9,
    0x4d7e, 0x6668, 0x687a, 0xa79b, 0x1698, 0xcf52, 0x7378, 0xfdfa, 0xd3f7, 0xe24c, 0xb3c5, 0xc1cb, 0x28d7, 0x7732, 0xdd04, 0xa6c5,
    0x0e39, 0xe6a6, 0x9a5a, 0x0c24, 0xc479, 0xd534, 0x4d47, 0x6006, 0xc974, 0xf0da, 0xf511, 0x0916, 0x3b4d, 0x68de, 0xe6d6, 0xded7,
    0x8f6e, 0x68a2, 0x7da1, 0xb89b, 0x063b, 0x5c80, 0x6ba1, 0x1a7f, 0xc35d, 0x4941, 0xd368, 0x896d, 0xf234, 0xfe54, 0xd1e2, 0x8d51,
    0xdf1f, 0x6a41, 0xa0a8, 0xe9e7, 0x6d1e, 0xd99a, 0xf90e, 0x15ec, 0xcffd, 0x68aa, 0xdf5e, 0x7909, 0xf2f7, 0x6f5a, 0x7eed, 0x77fa,
    0x73e0, 0x2fdb, 0x3e53, 0xd778, 0x9ac2, 0x8f8f, 0xb484, 0x7d62, 0x361f, 0x22b1, 0xa60c, 0x1895, 0xc37f, 0x522e, 0xb324, 0xb728,
    0xccad, 0xe45c, 0xddee, 0xd34c, 0xe14b, 0xaff0, 0x9174, 0xde7b, 0x1505, 0xc17f, 0x5111, 0xd347, 0x6a3a, 0xbb90, 0xb850, 0xd5aa,
    0x1122, 0xb91e, 0xf35f, 0x69cd, 0xe36b, 0x7aae, 0x57e4, 0x493f, 0x0480, 0x25b2, 0x4683, 0x5ed0, 0x0e0d, 0x5ec6, 0xfca4, 0xf0d6,
    0xb137, 0x060c, 0x7ef9, 0x81e7, 0x3452, 0x5e46, 0x444f, 0x703e, 0xb4de, 0xe66b, 0xc8fe, 0xdb60, 0x9667, 0xad8b, 0xb2dc, 0xd874,
    0x058b, 0x697c, 0xad99, 0x7d1c, 0xf798, 0x17d0, 0xa79c, 0xc89c, 0x8ed8, 0x7158, 0x9791, 0xf3b1, 0x4b2b, 0xf82f, 0x722c, 0x2ee7,
    0xef0d, 0xe85f, 0x7892, 0x5753, 0x8173, 0xd2ba, 0x875a, 0xa9d4, 0x53ce, 0x2a85, 0x8deb, 0xfcea, 0x74c8, 0x8d69, 0xd651, 0x88f8,
    0x775b, 0x0e0d, 0x45c7, 0xc703, 0xf687, 0x4918, 0x3d77, 0x6e0d, 0xbd7a, 0x8ca3, 0x4417, 0x16c6, 0xfc24, 0xda80, 0x1f85, 0x8df8,
    0x7077, 0x0c6b, 0x878a, 0x5d1a, 0xec07, 0xe356, 0x1876, 0x91c6, 0x1e2b, 0x48da, 0xaeac, 0x4b76, 0x0aad, 0x8b30, 0xd288, 0x17b8,
    0x14ef, 0xdbd9, 0x5cbf, 0xa509, 0x0796, 0xd888, 0xfb48, 0xd420, 0x00a9, 0x66be, 0xbecc, 0xafa7, 0xaa4a, 0xa9c2, 0x588d, 0x528b,
    0xa7cd, 0x5b3a, 0x30b8, 0x44c7, 0x9f5f, 0x4e29, 0xfd6d, 0x56a8, 0xc844, 0x6477, 0x0214, 0x828b, 0x656c, 0xbef0, 0x9f50, 0xdd43,
    0x1498, 0x6fee, 0x5b57, 0x1cbe, 0x5a13, 0x7836, 0x0ae1, 0xbd63, 0x50c6, 0x56a0, 0x429d, 0x4dd8, 0xe6f7, 0xf201, 0xb90f, 0xe931,
    0x8f5b, 0x25dc, 0xc0e5, 0x67f1, 0xcec9, 0xb942, 0x840f, 0x4eff, 0x8e6e, 0x0865, 0x26f8, 0x05be, 0x9a51, 0x28bd, 0x7c79, 0x5a30,
    0x34a2, 0xcf5f, 0x7256, 0xdbb7, 0x2547, 0xc236, 0xde08, 0x1473, 0x2e0f, 0x1b6a, 0xd23f, 0x28f7, 0x4b69, 0x275e, 0x24d0, 0xe689,
    0xa971, 0x2564, 0x4cec, 0xc819, 0xb5a0, 0xb2aa, 0x4235, 0xf960, 0x34f6, 0x27c0, 0x841e, 0xe0a0, 0xc6ae, 0xb0a1, 0xf1ce, 0x3710,
    0xbb59, 0x6744, 0x9a87, 0x3786, 0xa883, 0x3898, 0x2e95, 0xebd2, 0xa0e2, 0xdc1c, 0x389c, 0x2080, 0x7904, 0xa5d2, 0xc7ae, 0x0716,
    0x0061, 0x7ae1, 0xb18e, 0x0ee5, 0x9720, 0xb080, 0x159e, 0xfc61, 0x0825, 0x1d97, 0x485b, 0xc6be, 0x0fd4, 0x26b3, 0xcf26, 0x446d,
    0x7712, 0x0ca3, 0x94cb, 0x2db4, 0x2b1e, 0x4564, 0xfe55, 0x7e15, 0x398f, 0x27ce, 0x0876, 0xbc10, 0x190a, 0xb180, 0x1573, 0x2f69,
    0x2679, 0xaf64, 0x93a2, 0x8ddb, 0xbea3, 0x10cc, 0x2427, 0x268b, 0xdc57, 0xacf2, 0x6a7f, 0x13ac, 0xa30f, 0x42fc, 0x2c51, 0x7ad7,
    0xbe20, 0xfc87, 0xe9ea, 0x63d1, 0xfc64, 0x3ab1, 0x9716, 0x2dcd, 0x1058, 0xf599, 0x9c96, 0x2b3d, 0xdccd, 0x766d, 0xc9f5, 0x6c0f,
    0x3611, 0xb3f3, 0x5ffd, 0x3e8b, 0x7f7c, 0x19a2, 0xdb99, 0x6e73, 0x0dd7, 0x00e4, 0xa958, 0xcaf6, 0xb5b0, 0xa594, 0x6919, 0xfae2,
    0x6ecf, 0xdc0e, 0xeab1, 0x2772, 0x73a3, 0x528e, 0x8ab1, 0x8584, 0xc59a, 0xa480, 0x17d9, 0x458c, 0x7da2, 0x08af, 0xe8f8, 0xf1a4,
    0xd167, 0xe1b5, 0x4b64, 0xc280, 0x34fa, 0xf905, 0xf1ce, 0xf2a2, 0x80ef, 0xac84, 0x8bb4, 0x982d, 0x850c, 0xd681, 0x2d52, 0x0d20,
    0xef69, 0xb844, 0xafef, 0x6e25, 0xf02d, 0xaf09, 0xb2ea, 0x37d7, 0x819f, 0xfb9a, 0x6508, 0x8a92, 0xbcd3, 0x6455, 0xbe56, 0x1cad,
    0x22dd, 0xf9a2, 0x52b1, 0x634f, 0x426d, 0xc511, 0x648e, 0xf9af, 0xa1f7, 0xaad9, 0x606e, 0xcee0, 0x566f, 0x45da, 0x68cc, 0x221b,
    0x2e48, 0x0634, 0x1a79, 0xd57c, 0xd951, 0x5a34, 0x319d, 0x1f48, 0xf4be, 0x29ef, 0x36fa, 0x21d8, 0x63bb, 0x6d68, 0xdddf, 0x71bf,
    0xdcb9, 0x24d7, 0x3aaf, 0x1288, 0x131f, 0x7bd8, 0x79a6, 0xf22a, 0x653b, 0x5efe, 0x3e42, 0x6aac, 0x7720, 0x4bb7, 0x5351, 0xd267,
    0xa1b9, 0xa2ed, 0xd322, 0xa2fa, 0x9e69, 0x4615, 0x7097, 0x3e6d, 0x573c, 0xc69d, 0x0871, 0xdafc, 0x439a, 0xeffe, 0x2361, 0x9d62,
    0x3952, 0xf45e, 0x902c, 0x69bf, 0x1a63, 0x0365, 0xbee9, 0x729f, 0x470e, 0x93f1, 0x0419, 0x0f05, 0x3c84, 0x2811, 0x6cbd, 0xde90,
    0x480c, 0xd385, 0x4ab1, 0xc441, 0xb6b5, 0x4ccc, 0x219a, 0xbfd8, 0x6971, 0xd0a6, 0x1c4d, 0x2d7f, 0x35c9, 0xa02f, 0xb2a1, 0x743b,
    0xfaf0, 0x614d, 0xa800, 0xaa7c, 0xd389, 0x29c8, 0x0a2c, 0x39a1, 0x4bbb, 0x7cd5, 0x58ae, 0x0797, 0x03d6, 0x030d, 0x7cd5, 0x2f2a,
    0xa790, 0x4509, 0xb9fd, 0xced9, 0xa190, 0x305c, 0x3e8c, 0xf612, 0x73b2, 0xaf1e, 0x7d59, 0x38f8, 0x1b9c, 0x19f9, 0xf784, 0xf2bf,
    0x6bec, 0xcca9, 0x9ef8, 0xbe50, 0xc1e6, 0xa511, 0x7939, 0x2dbe, 0xff97, 0xb4ac, 0xaade, 0x47df, 0x3279, 0xecaf, 0x936e, 0xd4c5,
    0xce92, 0x0c8e, 0x21ce, 0x0054, 0xe640, 0x9ae1, 0x092c, 0x5bb4, 0x4641, 0x3119, 0xfe60, 0xc4f6, 0xde5c, 0xe177, 0xa5cc, 0x3d8d,
    0x5e8d, 0xff93, 0x59db, 0x36d7, 0x70c4, 0x1352, 0x71e1, 0x5d84, 0x76f5, 0x3e8d, 0x3173, 0x6b7b, 0x35a9, 0xdd13, 0x0858, 0x07eb,
    0x536a, 0xa718, 0x4b00, 0x3e3e, 0x1421, 0x1e62, 0x0b52, 0x9347, 0x3976, 0x8da4, 0x3a34, 0x4110, 0x6f55, 0x62c3, 0xb943, 0xa13b,
    0x2d23, 0x2b11, 0x8581, 0x4d91, 0x7378, 0xfa98, 0xa1f6, 0xff89, 0x4e17, 0x8589, 0xeb3a, 0xb5f3, 0x82c4, 0xb43c, 0x7b61, 0x2935,
    0x5461, 0xf9c3, 0xc658, 0x162b, 0xc27c, 0x34f0, 0x16ce, 0x675d, 0x2da3, 0x63d4, 0x93a5, 0xc4cc, 0xc7e4, 0xf1d1, 0x75d4, 0x923f,
    0xba0f, 0xe82a, 0x96c0, 0xe411, 0x6550, 0xc8f2, 0xff4a, 0x7256, 0xa95d, 0x5ca9, 0x9f0d, 0x12d5, 0x9717, 0x3a44, 0xd458, 0xc12f,
    0x77c6, 0x519d, 0xeca8, 0xbda9, 0x90a0, 0x409e, 0x456d, 0xca87, 0x8b11, 0xbab0, 0x3586, 0x0fbe, 0xe950, 0xcacc, 0x6732, 0xad4b,
    0x6f8a, 0x3801, 0xca5e, 0x83ee, 0xe998, 0xd475, 0xc7a8, 0x3c83, 0x350b, 0xff08, 0xdbb0, 0x15ba, 0xf7f0, 0x1f35, 0x4311, 0x8068,
    0xebec, 0x63b2, 0xdec2, 0x124d, 0x25dd, 0x8b7d, 0xf8fe, 0xd755, 0x4217, 0x014e, 0x12a4, 0x897a, 0xdce4, 0x11bb, 0x6137, 0xb6da,
    0x3ff1, 0x8396, 0x252d, 0x5eb6, 0xaba3, 0x5b30, 0x80e2, 0x0c97, 0x257b, 0x0fab, 0xf7fb, 0xfa2b, 0x32a2, 0xfb1e, 0x3f5e, 0x3f6e,
    0x6727, 0x4d13, 0x8578, 0x999d, 0x318b, 0x4798, 0xdb52, 0xd05a, 0xcafd, 0x0ebd, 0xe5d5, 0x4181, 0xb407, 0xd2a2, 0x7fbc, 0x9b7b,
    0xa592, 0x9c03, 0x73ff, 0x4df8, 0x5ebf, 0x8335, 0xf8c7, 0xb92b, 0x36f3, 0x99a9, 0x12be, 0xa3b8, 0xdc79, 0x4e14, 0x8907, 0xfed5,
    0x27c5, 0x92cb, 0x919d, 0x812c, 0x6af5, 0x8f00, 0xde3e, 0x201e, 0x2620, 0x220e, 0x31dc, 0xef76, 0x87ec, 0x01a3, 0x2683, 0x6fc9,
    0xa2bb, 0xba57, 0x4ba2, 0xd343, 0xbe40, 0x5a8c, 0x4529, 0x40cc, 0xadc9, 0x100d, 0x12c9, 0x9def, 0x92cb, 0x801e, 0x27e1, 0xe72c,
    0xf40b, 0x21fb, 0x7bf5, 0x9e98, 0x9160, 0x63ce, 0x3b8a, 0x593a, 0xdbc2, 0xe24e, 0x4196, 0xf2e0, 0x79f8, 0x7ac9, 0x015f, 0x7053,
    0xc1bb, 0x7fa0, 0x08e7, 0x1826, 0x8d76, 0xd748, 0xc3d7, 0xca03, 0x5651, 0x4ded, 0xa6e5, 0x1c6d, 0xfadd, 0xe15e, 0x6bbb, 0x4906,
    0x1a59, 0x4fa2, 0x8558, 0x6f5d, 0x6c31, 0xb001, 0x750f, 0x3638, 0xfc3a, 0x5e92, 0x27cb, 0x5350, 0xb36b, 0x0221, 0x0427, 0x01a0,
    0x14e6, 0xf4ec, 0xd09e, 0xee34, 0x97ae, 0xd77d, 0x1aa2, 0xa369, 0x84ce, 0x9656, 0x45e9, 0xfab3, 0xc20b, 0xa9d1, 0xec65, 0x9ce9,
    0x70fa, 0xd8d3, 0xb698, 0x1914, 0xcaa7, 0x45b9, 0x5497, 0x99a4, 0x1fdf, 0x0ddb, 0xbf58, 0xc04c, 0x65a6, 0x43b9, 0x6aa8, 0xb043,
    0x368b, 0x8b49, 0x8f9a, 0xcef8, 0xb03b, 0x2138, 0x375a, 0x4389, 0x15a0, 0x9452, 0x2ea8, 0xbc54, 0x9da0, 0xf991, 0x89af, 0x836e,
    0x5638, 0xe2a2, 0xe083, 0x694f, 0x8418, 0xdefc, 0xebf0, 0x8e1a, 0x66ef, 0xcf50, 0xaaf6, 0x917a, 0xc9ea, 0xd3a1, 0xb8b0, 0x30ce,
    0x48fb, 0x1bce, 0xfaa6, 0xdc0c, 0xb267, 0x628b, 0x4fcd, 0x48f3, 0x6d10, 0x5af9, 0x67e9, 0x8ce7, 0x4aeb, 0xd8ae, 0x6b67, 0xc528,
    0xb064, 0xfa21, 0x9be4, 0xd59c, 0x77d5, 0x1de5, 0x94ea, 0x4628, 0x79c4, 0xe9f5, 0x558b, 0xc657, 0x2191, 0x2def, 0xba10, 0x5fd3,
    0xf680, 0xe786, 0x8e92, 0xdef7, 0x8188, 0x3185, 0xe1cc, 0x7a3d, 0x7766, 0x655e, 0xc07b, 0x3ffc, 0x8f3b, 0x3731, 0x0163, 0x529a,
    0xedd9, 0x1459, 0x4994, 0x7b89, 0x8d2e, 0x8c72, 0xf161, 0x1c4f, 0x88b5, 0x0cd4, 0xf1db, 0x067c, 0xb5e3, 0xb6b0, 0x8296, 0x41dd,
    0x7171, 0x9783, 0x9033, 0x494c, 0x08eb, 0x0c36, 0xb321, 0xc5f3, 0xa8fa, 0x9683, 0xcf3b, 0x5115, 0x37e9, 0xed30, 0x036e, 0x4463,
    0x04d7, 0x8e62, 0x1257, 0x20a9, 0xb373, 0x9cc0, 0xeb1b, 0x932c, 0x4c0c, 0x4f07, 0x7abd, 0xa171, 0xd83c, 0xb9ee, 0x6e1d, 0x037e,
    0x741b, 0x3cd5, 0x0c58, 0x3495, 0x3bea, 0x58a6, 0xd1b0, 0x429f, 0xfe20, 0x3987, 0xf2ed, 0xe3d1, 0x1a39, 0xbabb, 0x7158, 0xdb05,
    0x73be, 0x2d44, 0xe709, 0x328c, 0xe1f0, 0xa8e5, 0xb3e2, 0x5553, 0x0410, 0x2f9e, 0xb2f6, 0x8ed5, 0xe1d9, 0x6bca, 0x2061, 0xf94b,
    0x40ca, 0x508d, 0xd7ca, 0x6270, 0x15c3, 0x64f6, 0x9332, 0x2eda, 0xfb22, 0x0172, 0x5268, 0xc3b9, 0x1380, 0x47e1, 0x92f0, 0x7f1e,
    0x40cf, 0x1e14, 0x8074, 0xc6ba, 0x17fe, 0xf2e0, 0xc594, 0x3546, 0x7921, 0x959f, 0x2562, 0x6e2a, 0x341d, 0xe840, 0x8541, 0x9fce,
    0xa1d3, 0xb3b8, 0x8f63, 0x3c5d, 0x99d0, 0x6727, 0x9583, 0xf12e, 0xac51, 0x0953, 0xdc78, 0x645f, 0x090f, 0x24af, 0xf80e, 0xc12e,
    0xfa65, 0xf5de, 0x5f6b, 0x9acf, 0x5ce4, 0xa4cb, 0xe1f8, 0x2da1, 0xfb81, 0xd027, 0x24c8, 0x8705, 0x384e, 0x3369, 0xd08c, 0x9b93,
    0xe98a, 0xaf68, 0x97e8, 0xd3fa, 0xd361, 0x7d50, 0xbe70, 0x182d, 0xa5fd, 0xd43e, 0x47ef, 0xe152, 0xe838, 0xc936, 0x787d, 0x59d1,
    0xb6cf, 0xb1b6, 0xccbb, 0x1452, 0xbff5, 0xd0b3, 0x12e4, 0x60eb, 0x638e, 0x9638, 0xcc04, 0xc8f3, 0x5fbe, 0x3959, 0x7e0d, 0xb937,
    0xf237, 0xf4ae, 0x1e35, 0xe2ce, 0xd5c2, 0xad84, 0x3bc1, 0x5a74, 0x0470, 0x4d46, 0x139a, 0xfe21, 0xa645, 0x9588, 0x3409, 0x2990,
    0x145a, 0xb6a8, 0xd936, 0x40da, 0x5883, 0x70ae, 0xaa1d, 0x19c0, 0x1184, 0x06f7, 0xfdd0, 0xcb8f, 0x23ba, 0xce18, 0x519a, 0xed3b,
    0x1e33, 0x9c90, 0x1717, 0xca67, 0xbc4f, 0xe5c8, 0x8358, 0x9678, 0x6c0b, 0xc76f, 0x864d, 0x2661, 0x408b, 0xd1bd, 0x927d, 0x390a,
    0x394d, 0xd1ce, 0x5dab, 0xd5f0, 0x45da, 0x66c7, 0x417e, 0xcaa5, 0xedc8, 0xa959, 0x651b, 0xce56, 0x059c, 0xadb6, 0x56fc, 0x543e,
    0x57c1, 0x2833, 0x3f52, 0x9464, 0xaa45, 0xfc38, 0x52f9, 0xd2dd, 0x090b, 0xfdd5, 0xaed4, 0x6d9e, 0xbc57, 0xadd4, 0x43be, 0xb8b7,
    0xd40a, 0x382b, 0xfae7, 0x312d, 0xaf49, 0x7d11, 0xbad0, 0x0e2e, 0x68a0, 0x6c83, 0x749e, 0xb8e4, 0x8ea9, 0x7c4c, 0xe206, 0x32c6,
    0x1137, 0x8095, 0x1bc2, 0xf245, 0xcb06, 0xaed9, 0xb074, 0x3e30, 0x8fc7, 0x1387, 0x6403, 0x8f67, 0x26f9, 0x41e9, 0x3f8a, 0x013a,
    0x1ad7, 0x86d3, 0x19bf, 0x581a, 0xc424, 0x6598, 0x3fe8, 0xa6e9, 0x7a5d, 0xa77a, 0x672a, 0x1ace, 0x5036, 0xc5e3, 0x8e88, 0xf564,
    0x44eb, 0xf6cc, 0xf938, 0x3d9e, 0x51d8, 0xa3c1, 0xe9a0, 0x2ef7, 0x3c99, 0x9389, 0x44a9, 0xef4d, 0x95c5, 0x8e05, 0xc5b6, 0x931a,
    0xcc01, 0xc2dc, 0xeb04, 0xf845, 0xbbbf, 0xba68, 0x4295, 0x7f6b, 0xa34c, 0x1954, 0x3f98, 0x2b9b, 0xe38e, 0xfe93, 0x404e, 0x30ae,
    0x7526, 0x43e8, 0xec7f, 0x7802, 0x7a0c, 0x6906, 0x9443, 0x23d2, 0xd3bf, 0x70fd, 0xb790, 0x98e5, 0x2602, 0x7a45, 0x5e0d, 0x16f2,
    0x2ddb, 0x5955, 0x677e, 0x6749, 0xd55f, 0xfd9f, 0x7ca4, 0xaa40, 0xebc2, 0xe91f, 0xc8b2, 0xcadd, 0xea0b, 0x825b, 0x2333, 0xa12b,
    0xac38, 0x88f9, 0xd264, 0x4b02, 0x86f0, 0x74b0, 0x8e32, 0xc345, 0xa198, 0x06e3, 0xeb93, 0x3fb7, 0xfd0d, 0xd6a7, 0xd86c, 0x5d3f,
    0x0ebb, 0x1f45, 0x5005, 0xa2a6, 0x5860, 0x993e, 0xefe8, 0x61f8, 0xe40b, 0xa5ea, 0x954a, 0x8026, 0x0cf1, 0x955e, 0xaafa, 0x2b72,
    0x7c7a, 0x4f0d, 0x4fc0, 0x0828, 0xc3da, 0x24ce, 0xfd3e, 0xdbe4, 0x7a6c, 0x1855, 0xd778, 0x3f57, 0x482d, 0x5b43, 0x4c9c, 0x5e9d,
    0xc4ec, 0x51c1, 0x2d65, 0x4ffd, 0x9405, 0xdf61, 0xe62f, 0x0923, 0xa47c, 0x46c7, 0x0031, 0x7b05, 0xfd9c, 0x639f, 0x937e, 0xdc0e,
    0x0030, 0x8736, 0xd159, 0xa90a, 0x8416, 0xbf74, 0x4f38, 0x6440, 0xba8d, 0xd05c, 0x3a18, 0x9b54, 0x3cb2, 0xa831, 0x1a64, 0x3b9d,
    0x2ec0, 0x95d6, 0x5075, 0xbcca, 0xdfb0, 0x0a0d, 0xf14d, 0x2a53, 0xcd61, 0x2ac2, 0x2c3a, 0x9304, 0x7556, 0x0136, 0xe087, 0xe79a,
    0xd9a9, 0x8a89, 0x8c04, 0xcf36, 0x22f6, 0x72b2, 0x39eb, 0x7ae9, 0x464a, 0xc212, 0x9a35, 0xff44, 0x17ec, 0x4577, 0xe99e, 0x3ccf,
    0xb281, 0xf89e, 0xd1fb, 0xdeae, 0x9aa2, 0x3b58, 0xeb13, 0x780e, 0x8711, 0x18e9, 0x0430, 0x47bd, 0x356e, 0x6a2c, 0xddea, 0xaa95,
    0x3345, 0x1a08, 0x7c9b, 0xc435, 0x03ce, 0x548f, 0xbb30, 0x6668, 0x89f5, 0xe87a, 0x46b2, 0xbeac, 0x1f34, 0xa322, 0xaa1b, 0xd2bd,
    0x3e83, 0xef24, 0x92c3, 0x533d, 0x2c28, 0x7d59, 0xf544, 0xccf8, 0x81cc, 0x405c, 0x3ae0, 0xc0ba, 0x0735, 0x8291, 0x1f79, 0xa995,
    0xbf49, 0x5ecf, 0x67df, 0x79a7, 0x91e2, 0x632b, 0x18cc, 0x9551, 0x79e4, 0xa6a9, 0x5656, 0xd523, 0x9fce, 0x194e, 0x93a8, 0x95fa,
    0x491c, 0x5671, 0x3bb1, 0x5ff4, 0x039d, 0xc213, 0x79bc, 0x2b91, 0xf5f4, 0x3818, 0x4b21, 0xcd8f, 0xbbf5, 0x1686, 0x80f5, 0x9139,
    0xb7fe, 0xe9ee, 0xda9e, 0x890f, 0x408b, 0x848a, 0xe095, 0x9e3c, 0x9254, 0xc7ba, 0xa7e4, 0xe639, 0xef11, 0xe801, 0x2615, 0x471d,
    0xd08c, 0x73a2, 0x3d85, 0xf26c, 0x9852, 0xe39b, 0x2a4a, 0xbe6f, 0xa3cb, 0xff38, 0x77be, 0xe5c9, 0x2d0e, 0xda02, 0x2644, 0x35fb,
    0xdfc5, 0xb46d, 0x29b7, 0x3400, 0x8b18, 0x86c2, 0xe858, 0x3fb3, 0xd7a9, 0x7ead, 0xe243, 0x3d7a, 0x6a4d, 0x374e, 0x2936, 0xcea7,
    0x5b38, 0xf3b7, 0xd112, 0xa039, 0x698f, 0xa401, 0x00bf, 0xd81b, 0xd3b0, 0xfcc2, 0xcb8c, 0x28fb, 0x3bc0, 0x6927, 0x7b25, 0x9476,
    0x80e3, 0x1f63, 0x71ed, 0x640f, 0xf4d7, 0x1fe2, 0x4de9, 0x6044, 0xd626, 0x669c, 0x7435, 0xce79, 0x76d0, 0x1746, 0xacd2, 0x3d36,
    0xf75f, 0xebcc, 0xf72a, 0xa6e6, 0xfea6, 0xad58, 0x3ee3, 0xf332, 0x55e4, 0xffd0, 0x195b, 0x5eaa, 0xd165, 0x47f9, 0x3371, 0xd139,
    0x6daa, 0xf3dc, 0x9819, 0xaac0, 0x091b, 0xedf3, 0x7719, 0x0e80, 0xa221, 0x8290, 0x948b, 0x34c8, 0x81e7, 0x7ffb, 0x08bf, 0xcb53,
    0x3b54, 0xd8f4, 0x7896, 0xec0a, 0xe6e5, 0x91ac, 0x6e8d, 0xb237, 0x82be, 0x3f72, 0xfbef, 0xf678, 0xdf44, 0xe28f, 0x4af6, 0x38d5,
    0x0069, 0x62ef, 0x4904, 0x41b0, 0x5b32, 0x770d, 0x11b5, 0x80f2, 0xd7f2, 0x3d9e, 0x421d, 0xb3ef, 0x00e9, 0x5177, 0xdccf, 0xd990,
    0x456e, 0xa033, 0xe632, 0xfd2c, 0xb9a2, 0xcb12, 0x6189, 0xdfc4, 0x3a8e, 0x5ab1, 0xd629, 0x07e5, 0x5eb6, 0x8cfa, 0x057c, 0x3fdb,
    0x1b6d, 0x05a3, 0xf982, 0x0a69, 0x8669, 0x2940, 0x1388, 0x163b, 0x9bd4, 0x6ad8, 0x43ae, 0x378c, 0x711e, 0x53d4, 0x10c8, 0xf07e,
    0xbbf9, 0x8e9c, 0x98c9, 0x0fdc, 0x162c, 0xbb95, 0x31ab, 0x6e65, 0xe59d, 0x58a7, 0xd2cb, 0x528c, 0x5108, 0x8344, 0xeee3, 0x82d4,
    0x2911, 0xdd08, 0xe665, 0x8e77, 0x2e18, 0x5a96, 0xba69, 0x54da, 0x9a27, 0x4548, 0x2819, 0x5321, 0x57dc, 0x3717, 0xd487, 0xc0a9,
    0xcd45, 0x5949, 0xb128, 0x01b3, 0xa3ce, 0xad44, 0x40c4, 0x78a6, 0x7449, 0xa856, 0xe4ae, 0x3dfb, 0xbf83, 0xe987, 0xdaec, 0xc657,
    0x1b9c, 0x5236, 0x147a, 0xff71, 0xfd89, 0x4922, 0x8c2a, 0xeb5e, 0x0741, 0x6ff9, 0x462e, 0x4243, 0x4270, 0x9354, 0x9fd5, 0x22a4,
    0x2fa5, 0x1d38, 0x1827, 0x5837, 0x11df, 0xd237, 0x389c, 0x411e, 0x5ed8, 0x20d8, 0xc6a2, 0xd9b8, 0xbb83, 0xcbc6, 0xe573, 0xf6ef,
    0x6d62, 0x3635, 0x5091, 0x36e7, 0xa80b, 0x1af7, 0x5694, 0xb06a, 0x9f5a, 0xf60e, 0xbcaf, 0xe885, 0xc62d, 0xe89b, 0x3284, 0x1701,
    0x2164, 0x5f8b, 0x7e8d, 0x40fd, 0x17ab, 0x4474, 0x0b0a, 0x3259, 0xa596, 0x0140, 0xfb6f, 0xdd5f, 0x5e52, 0x1e1b, 0x7240, 0x2930,
    0x20af, 0xc219, 0x2f78, 0xb663, 0xe8f3, 0xde21, 0x2f7e, 0xa277, 0xa6d5, 0x4a8a, 0x727c, 0xd176, 0x805d, 0x9f02, 0x945d, 0xc64d,
    0x68d1, 0x0d49, 0x5d2a, 0x9196, 0x7481, 0x0610, 0xf1de, 0xdee0, 0xd0e3, 0xf090, 0xcdeb, 0xa87e, 0xc939, 0xbc95, 0x2d22, 0x99a8,
    0xbfd5, 0x96f4, 0x0e00, 0xa77d, 0x8388, 0x88b7, 0x74ad, 0xe828, 0xea00, 0x4879, 0x1660, 0x30a4, 0x1658, 0x0690, 0x153e, 0x8117,
    0x5443, 0x7b86, 0xf4cf, 0xc794, 0xefae, 0x011e, 0x6ee2, 0x0156, 0xf0fd, 0xfde7, 0x50e9, 0x429e, 0x2599, 0x6b3e, 0x09ef, 0xace8,
    0x5d27, 0xbdd3, 0x10fd, 0xdbbf, 0x4327, 0xf8bd, 0xcbfc, 0xd000, 0xbd26, 0x32f6, 0x1f23, 0xe1a1, 0x3567, 0x575e, 0x4cea, 0xbff3,
    0xba04, 0x674b, 0x4e57, 0x087b, 0x5890, 0x07a3, 0x4bf2, 0x7c38, 0x9e42, 0xa045, 0x5f38, 0x5b51, 0xa4b9, 0xd625, 0x4475, 0xef81,
    0x92eb, 0xa7ca, 0x2537, 0xccbd, 0xfb11, 0xf450, 0x2337, 0xd094, 0xfc9c, 0xb506, 0xcba5, 0x67f9, 0x92df, 0xb16f, 0x1b3a, 0x236a,
    0xf869, 0xf5ae, 0x3a84, 0x21ed, 0x8662, 0xd3bc, 0x9ace, 0x5a21, 0xf8fc, 0xb6cb, 0x9b9e, 0x4a2f, 0x7fe2, 0x9164, 0x6081, 0x1600,
    0x8380, 0x2de0, 0xff8a, 0x9bfe, 0x86a6, 0x2974, 0xb02d, 0x8874, 0x0cab, 0xe1c2, 0x22ac, 0xef3a, 0xec13, 0x1cdd, 0xa7f5, 0x7419,
    0xf5b9, 0xb3be, 0x522d, 0x8965, 0x588b, 0x0771, 0xb553, 0xcd9d, 0xa978, 0x8882, 0x70f5, 0x0ec1, 0xf86b, 0x1906, 0x29e6, 0xfcf7,
    0xd92a, 0x912c, 0x1cba, 0x1321, 0xc929, 0x2e43, 0xf0b0, 0xbe30, 0xd9aa, 0x3435, 0xf30a, 0x4afd, 0x064c, 0x89af, 0x62fc, 0xa27a,
    0x2053, 0x968c, 0xf61b, 0x5c8d, 0xb643, 0x2cdb, 0x3d48, 0x313d, 0xe009, 0xc47c, 0x1206, 0x509e, 0x57a0, 0xd11f, 0xb46d, 0xa8fb,
    0xc638, 0x7ac4, 0xc19b, 0xa3a9, 0xadf0, 0x80c6, 0xaa8c, 0x605d, 0xd7e0, 0x8f76, 0xd386, 0xf6d1, 0xaed5, 0xd009, 0x0405, 0xc737,
    0x6e79, 0xfb25, 0x4f28, 0x60e0, 0x8eea, 0xb601, 0x1c80, 0x0793, 0x54ff, 0x81c2, 0x79aa, 0x5f4c, 0xeed6, 0x05b4, 0x5bf6, 0x468e,
    0x050b, 0xfba3, 0xfb09, 0x6728, 0x2851, 0x870d, 0xeb9c, 0x8579, 0x03ac, 0x3e8a, 0x2302, 0x163c, 0xbb0d, 0xafe2, 0x8af6, 0x22cf,
    0x5e7f, 0xa69d, 0x4e1b, 0x03f4, 0xd9d0, 0xfcef, 0x84d4, 0xfb26, 0x48ae, 0x3f70, 0x6aa6, 0x3261, 0x175c, 0xeae0, 0xc440, 0x2a4f,
    0xd7de, 0x8cf0, 0x9dc0, 0x1f32, 0x3393, 0x8f2b, 0x09a6, 0x6c28, 0xe150, 0xf487, 0x0840, 0x74d9, 0x083b, 0xd15c, 0x3f94, 0x1dda,
    0xf6b5, 0xc601, 0xabcb, 0x5b5a, 0x963e, 0x43c4, 0xf006, 0xde92, 0x835d, 0xe483, 0x6fda, 0x6966, 0x3284, 0x9ca9, 0xd925, 0xd0c4,
    0x090f, 0x0fae, 0x469b, 0x3558, 0xd302, 0xcf35, 0xa276, 0x7af4, 0x7d25, 0xcc7d, 0x7215, 0x8631, 0x7bae, 0xc481, 0xb1b0, 0x48e3,
    0xc56c, 0xee65, 0xe902, 0x24a5, 0xcb84, 0xb485, 0x1fec, 0xac62, 0x5564, 0xc020, 0xdc02, 0x4bf5, 0xa999, 0x1f27, 0xce75, 0xde7f,
    0xeae5, 0xccf4, 0x5a68, 0xbb27, 0x11f7, 0x6532, 0x9be5, 0x406c, 0x6b71, 0x4983, 0x1749, 0x65e0, 0x02b3, 0x0161, 0xb921, 0x5c79,
    0xe0fa, 0x1ccd, 0x4e9a, 0xc55c, 0x88fb, 0x6145, 0x1e5a, 0x8721, 0x970e, 0x894a, 0xc9fc, 0xc99d, 0xedeb, 0x5e6b, 0x1ff8, 0x2017,
    0x57b8, 0x75cf, 0x05f4, 0x6a33, 0x03bc, 0x573a, 0x23c1, 0x731c, 0xc88d, 0x5699, 0x76bd, 0xd75e, 0x92aa, 0xe804, 0x75b5, 0x392e,
    0xe7a5, 0xb656, 0xed56, 0x4b18, 0xe5e9, 0x4413, 0x3d19, 0xb96a, 0xa8ad, 0x5f19, 0x1c91, 0x79eb, 0x78cc, 0x2e80, 0x9185, 0x8a11,
    0xb1d1, 0x234a, 0x3e18, 0xa402, 0xc3a9, 0x9351, 0xafda, 0xf197, 0x38c7, 0x46da, 0xd72d, 0x465c, 0x28c7, 0xc093, 0x4f2b, 0xe79a,
    0xffc1, 0x880d, 0x9e0c, 0x6b65, 0x01a6, 0x3efe, 0x15fe, 0xb5c0, 0x7298, 0xc88e, 0x7ea2, 0x9c60, 0xcb92, 0x4b73, 0x2eee, 0x3906,
    0xe389, 0x5679, 0xbf9b, 0x722c, 0x750a, 0xef93, 0xfdfd, 0xc271, 0xe86c, 0xd555, 0x477c, 0xc644, 0xca80, 0xbaf6, 0xf574, 0x9838,
    0xd7a4, 0xc6fc, 0x0191, 0x83d2, 0x037b, 0x1c1a, 0x8ad3, 0x16bf, 0x6510, 0xb4cc, 0x62e4, 0x18ac, 0x6f80, 0x5963, 0x4bf6, 0x7189,
    0x5f1f, 0xf876, 0x0f4e, 0x8642, 0x432b, 0x2a0a, 0x1401, 0x1433, 0x8bd3, 0x2511, 0x9e71, 0x12c1, 0x8508, 0xef5f, 0x6044, 0xa3ae,
    0xa594, 0x103c, 0x80ac, 0x99f3, 0x1abb, 0x8d71, 0xc573, 0x9eeb, 0x7875, 0x7ad6, 0x0438, 0x7e43, 0xf5f4, 0xe448, 0x8481, 0xa016,
    0x1ef7, 0x5a41, 0x7a04, 0x39d7, 0x6158, 0xe8d1, 0x3fa7, 0x3d78, 0x5f43, 0xc12e, 0x7adb, 0x8f5b, 0x6db9, 0x5dd1, 0xcf72, 0x8a84,
    0x27e3, 0x68d9, 0x4c32, 0x5b55, 0x7eba, 0x2d1a, 0x37a4, 0x38df, 0x2d08, 0xd9c4, 0x6567, 0x04c9, 0xf82f, 0x604a, 0xbc4c, 0x5951,
    0xa55a, 0x34eb, 0x1491, 0x8e69, 0x0af7, 0xb9de, 0x16d5, 0xbcc1, 0x2710, 0x9cb2, 0x4389, 0x47a5, 0xa1db, 0xee5e, 0xcad3, 0xf54a,
    0xa4e5, 0x3dde, 0x5cf8, 0x1d85, 0x6ec2, 0x7d22, 0x9b35, 0xf729, 0x8b20, 0xf8a0, 0x514c, 0x8bb7, 0x1794, 0x2965, 0x1f35, 0x59c4,
    0xfc93, 0xa98e, 0xbbbd, 0x2d9b, 0x8342, 0x135b, 0x774a, 0x38a8, 0x2f8a, 0x12af, 0x274b, 0xef30, 0x46c4, 0x711b, 0x2231, 0xb48e,
    0xeae8, 0x6464, 0x73c2, 0xde18, 0x3227, 0xe793, 0xf202, 0x1453, 0x2313, 0x6680, 0x5aaa, 0x9ab4, 0xfd60, 0x83ba, 0x2104, 0x85fd,
    0xb6f3, 0x413c, 0x1457, 0x68fb, 0x158d, 0x5351, 0x86d9, 0x7fbb, 0x4d03, 0xe634, 0x1cf6, 0xe182, 0x89c9, 0x9e0b, 0xed62, 0xc0e3,
    0x503e, 0x1975, 0x1965, 0x42a2, 0x182f, 0xbe8c, 0x85c9, 0xf2f4, 0x0d24, 0x1a70, 0xdc53, 0x6147, 0x5aef, 0x9b4e, 0x7d8d, 0xea8e,
    0xeecf, 0xecf8, 0x8b38, 0x3a0e, 0x152e, 0xbfcc, 0xb353, 0x888b, 0xdbc7, 0x4250, 0xe359, 0x2232, 0xa035, 0x154a, 0x8c30, 0x3adb,
    0xb32e, 0x0227, 0x9eb1, 0x98ab, 0x783a, 0x3c0f, 0xe86d, 0x1d95, 0xe9af, 0x7381, 0xf91b, 0xb700, 0xe988, 0x843a, 0x3898, 0xbc0a,
    0x4672, 0x05db, 0x552b, 0x426d, 0xdd73, 0x86dc, 0xb28b, 0x71a5, 0xc02c, 0xba12, 0x0141, 0x5cd3, 0xc756, 0x5ee4, 0xa671, 0x6afe,
    0x7a14, 0x2b84, 0x1c77, 0xd5c8, 0xb18a, 0x8230, 0xf3af, 0x46cd, 0xe0fd, 0x38c1, 0x9bd4, 0x1b6b, 0x6a84, 0x3a85, 0x9dfc, 0x56ff,
    0xe82c, 0x4cf1, 0x6f01, 0xcba3, 0xd1ac, 0xbe90, 0x8252, 0x819a, 0x667a, 0x4896, 0xc57d, 0xe4f1, 0x447f, 0xeae4, 0x2bf2, 0xc1e1,
    0x933a, 0x0a98, 0x738c, 0x9782, 0x2b78, 0x9b01, 0xc969, 0x4926, 0xa362, 0x9940, 0x774d, 0xb61b, 0xa72e, 0xa241, 0x418c, 0x3ff5,
    0x8654, 0xeb49, 0x9d8a, 0xc740, 0x5d2d, 0x64fd, 0x6874, 0x26ff, 0xc302, 0x50e0, 0x46dd, 0xb61f, 0x64fb, 0x1165, 0x5484, 0xd80f,
    0x74fa, 0x7c77, 0x4cc1, 0x236a, 0x5559, 0x788d, 0xd368, 0x2733, 0x692c, 0x2c12, 0x064e, 0x56a6, 0x70d8, 0x8783, 0xff16, 0x2385,
    0x5b32, 0x71fe, 0x6d8d, 0xcee5, 0xf331, 0x6033, 0xf2c0, 0xf858, 0x5222, 0x9dfa, 0x643a, 0x73e5, 0x7e2a, 0x1266, 0x9ff9, 0x6e23,
    0x1d90, 0xc63c, 0x18d0, 0x671f, 0xa668, 0xf4ed, 0xc377, 0x0b84, 0xf2a8, 0xf044, 0x8bb0, 0x7492, 0xa0d1, 0x9e53, 0xfa64, 0xd63d,
    0x291a, 0xda12, 0x33e9, 0x2408, 0x0f25, 0x7e3e, 0xf70a, 0xb43f, 0x181a, 0x6302, 0xc45c, 0x69db, 0xed43, 0x160e, 0xd613, 0x6caa,
    0x1359, 0x94e9, 0x10a2, 0xf81d, 0x9e0a, 0xd226, 0x936f, 0x48a9, 0x882c, 0x4ce9, 0x1242, 0x2f76, 0x1867, 0x82cb, 0x9f4a, 0x54af,
    0x3a5b, 0x849b, 0x0d64, 0xb046, 0x344c, 0x752a, 0x9321, 0x4147, 0xa138, 0x3b08, 0xd60d, 0x8b8e, 0x17aa, 0x2c5a, 0x06b7, 0xe429,
    0x64a8, 0xfd90, 0x3503, 0x13fb, 0xc388, 0xba50, 0x8516, 0x5932, 0xfa05, 0x1108, 0x6cd4, 0x4edd, 0xc0f0, 0xb8f7, 0xa194, 0xc367,
    0x6144, 0x3aaa, 0xded3, 0x052f, 0xedee, 0xe316, 0x2cd1, 0xadf6, 0x01dc, 0x2911, 0xd028, 0x7495, 0x6aa5, 0x4d63, 0x89a8, 0x0d37,
    0xa7c4, 0x7d46, 0x4eb9, 0xa04f, 0xa62e, 0x3f7a, 0x2246, 0xdfac, 0xa083, 0x73c0, 0x362d, 0x425e, 0x8bb3, 0xace2, 0xfd1e, 0x6ef6,
    0xf829, 0x2d4d, 0x5506, 0x5c52, 0xcf68, 0x4e04, 0x71f0, 0x30e3, 0xd649, 0x9832, 0xb17a, 0x6873, 0x5b86, 0x5937, 0xfeb8, 0x486c,
    0xfb01, 0xf91b, 0xee97, 0x2aa4, 0xdd50, 0xdbb2, 0x3cc8, 0xa6ab, 0x5bf4, 0x1414, 0xd129, 0x2180, 0x720c, 0xb29b, 0xf5b3, 0xcbe7,
    0xe158, 0xf590, 0xe4c8, 0x973c, 0x7408, 0x2409, 0x584a, 0x2899, 0x42d6, 0x5b7f, 0x40d4, 0x52bd, 0x67a5, 0x17e2, 0x4dbc, 0x1e4b,
    0x04b2, 0xbe19, 0x6d74, 0xe88b, 0x083e, 0xf108, 0xee6d, 0xa0bf, 0x94ab, 0xf919, 0x6891, 0xabdd, 0x753c, 0x0642, 0x1714, 0x76dd,
    0x871a, 0x948e, 0xcaed, 0x3f83, 0x7f18, 0xbb35, 0x1dae, 0x1baf, 0xf3cc, 0xae00, 0x0d02, 0xc707, 0x1447, 0x397a, 0xa67b, 0x3f6b,
    0xf322, 0x8154, 0xec16, 0xb794, 0xce45, 0xc98d, 0x9905, 0xe876, 0x3af9, 0x91e0, 0xef35, 0x48fd, 0x9e9e, 0xcbd2, 0x3528, 0x344f,
    0xdbca, 0x7352, 0x0c43, 0x86b4, 0x9bea, 0x5197, 0x47f2, 0xb8aa, 0x1d83, 0x32d0, 0x6cd6, 0x00e0, 0xeebe, 0x560d, 0x80cd, 0x8459,
    0x7ca2, 0x5fe0, 0x5354, 0x1d4f, 0xdeb7, 0x9750, 0xe664, 0xc060, 0xc72b, 0xb575, 0x1ff0, 0x086e, 0xff84, 0x0f67, 0x6bb0, 0xf0dd,
    0x59b4, 0x62e4, 0x759e, 0x465b, 0x7dd4, 0x0d3d, 0xa4e0, 0xd624, 0x7c45, 0xf4f4, 0x7f20, 0xe3d6, 0x8c5d, 0xeda8, 0x9c7e, 0xedac,
    0xdf84, 0xdec4, 0x5400, 0x4748, 0xf0e9, 0x7460, 0xc85c, 0x930a, 0x3997, 0xa2e9, 0x7d84, 0xa1c9, 0xb134, 0xc510, 0x1e7f, 0xc111,
    0x0323, 0x9c5f, 0x9bc7, 0x000e, 0xe01b, 0xfc3f, 0x4a48, 0x72af, 0x5461, 0x6787, 0x2aac, 0xfb7e, 0x8a70, 0x6865, 0x015e, 0xa3ea,
    0xe216, 0xeb17, 0x66e1, 0x0b15, 0xc420, 0x62d6, 0x78ae, 0xf312, 0x1a7f, 0x0153, 0x52c5, 0x7498, 0xd506, 0xc8dd, 0xf963, 0xe183,
    0x626b, 0xc0d0, 0xdb94, 0xdd5a, 0x8617, 0x14a5, 0x9601, 0xb4cd, 0x7230, 0x6589, 0x1e56, 0x7b5d, 0x8e52, 0x1643, 0xff43, 0xf7a9,
    0xd2ad, 0xd9e3, 0xcccd, 0xe645, 0x1fb5, 0x4cb2, 0x793a, 0x9af5, 0x7a43, 0xdfbc, 0xb281, 0x886f, 0x9443, 0xdedb, 0xf032, 0xb6b7,
    0x89df, 0xd940, 0x59d9, 0xafcd, 0x3b1a, 0x3484, 0x2dd3, 0xeb18, 0x29fc, 0x3215, 0xd0e3, 0x3f0a, 0x4546, 0x2f64, 0x2df2, 0x617b,
    0x8790, 0x6843, 0x8e92, 0xfe67, 0xd2f2, 0x0411, 0x93c9, 0x6d4d, 0xf12a, 0xb534, 0x7791, 0x8cdb, 0x2045, 0xb31a, 0x3ebf, 0xcd3e,
    0x13d0, 0x56c8, 0x0359, 0xf100, 0xd269, 0x21e7, 0xff90, 0x8c20, 0x5814, 0x783e, 0x8126, 0xca15, 0x64a5, 0xd3c9, 0x6d48, 0x81e4,
    0x5f19, 0xbb3a, 0x7d03, 0x2109, 0xb52e, 0x42fc, 0xda2f, 0x74a6, 0x9f88, 0x60cc, 0x44c1, 0xd968, 0xb255, 0xd9aa, 0x68d2, 0xd9b2,
    0x2286, 0x1274, 0x8cec, 0xc277, 0x2763, 0x8add, 0x410f, 0x3674, 0x60ca, 0x4b0b, 0x35f1, 0x480f, 0xa9b6, 0x0b8c, 0xe50a, 0x2183,
    0x3f93, 0x5fdc, 0x30f1, 0xc3bc, 0xa5b1, 0xab8d, 0xa62d, 0xe39d, 0x2da1, 0x299c, 0x84d5, 0x6db2, 0x8bbf, 0xcea1, 0x3a38, 0xb8a2,
    0x604e, 0x4d5b, 0x735e, 0xedce, 0x1d48, 0x0583, 0x7012, 0xb0a6, 0x3069, 0x2594, 0xbe11, 0x8c83, 0xd9d6, 0xc6b3, 0x0511, 0x30db,
    0x974f, 0x4b3b, 0x0b27, 0x040f, 0x8bd4, 0xc7c5, 0x99a8, 0x14b2, 0xcbd7, 0xbea5, 0x6aad, 0xf142, 0xf5d9, 0xf60c, 0xc6c5, 0x6e95,
    0xff89, 0xb07b, 0xfb8a, 0xe484, 0x9f7a, 0x0fd6, 0x5279, 0xe93f, 0x3b49, 0xeae6, 0xb055, 0x130a, 0xc246, 0xdd5e, 0x851f, 0xc88b,
    0x5c97, 0xda6d, 0x3472, 0xa79b, 0x56dd, 0x09c3, 0x9e67, 0x8a78, 0x3275, 0x3701, 0xf116, 0xb39e, 0x41f8, 0x9bf4, 0x6a53, 0x281e,
    0xba79, 0x4cf4, 0x3238, 0xc038, 0xa13b, 0x0ff3, 0xf607, 0xf6db, 0x7db1, 0xe614, 0x6b8e, 0xff2c, 0x3861, 0x0f8d, 0x6517, 0x2917,
    0x0dc2, 0xd276, 0x9dae, 0x1bdf, 0xfe2a, 0xcb82, 0xe63f, 0xef80, 0xa1c5, 0x11bb, 0xdadc, 0xac64, 0xc963, 0xf472, 0xc8a0, 0x39d3,
    0xd370, 0x9bd7, 0xec2f, 0x427c, 0x1ddc, 0x53e8, 0xb092, 0x17fa, 0x7bff, 0xca22, 0x1691, 0x1c7f, 0x196e, 0x055c, 0xecb7, 0xbb11,
    0xb120, 0x606c, 0xffa3, 0x7679, 0x80fc, 0x4f28, 0xeaf7, 0x165e, 0xe21d, 0x35e9, 0xb2cd, 0x7b25, 0xed6b, 0x1b94, 0xcd87, 0x203e,
    0x14c5, 0x7e29, 0xc650, 0xd4d5, 0x18b0, 0x11c8, 0x1fe6, 0xb33b, 0x4271, 0xb22f, 0xa026, 0xde8e, 0x4ac6, 0x4ed3, 0xabdc, 0x0f0d,
    0xd4fe, 0x1962, 0xdb1d, 0x74f7, 0xe6a8, 0xbebd, 0x6e66, 0xf99d, 0x43c9, 0xf294, 0xcbbf, 0x6767, 0x1764, 0x1565, 0xacdb, 0x7feb,
    0xd0c3, 0x3d00, 0x2560, 0x88d8, 0x9d06, 0x679a, 0x29dc, 0x5725, 0x6564, 0x2142, 0xbf26, 0x60e9, 0xb9b1, 0x6409, 0x7a4a, 0xdd9f,
    0x8fa6, 0xfa65, 0x78f5, 0x7ce5, 0x3e84, 0x2c4e, 0x7a58, 0xbbd0, 0x9f1b, 0xfecf, 0x4081, 0x60be, 0xb89a, 0xcdfc, 0xe263, 0x2578,
    0xe1b6, 0x896f, 0x3633, 0x1814, 0xbe36, 0x5b71, 0xfc3b, 0xba4c, 0x0121, 0x0270, 0xf259, 0x6724, 0x5b87, 0xa505, 0x77de, 0x0749,
    0x7f78, 0x6882, 0xe9f4, 0x9bd5, 0x9fd3, 0x91f1, 0x609b, 0xa78a, 0x5460, 0x79b0, 0xf3dc, 0xfebb, 0x4a65, 0x1962, 0x31f6, 0x0565,
    0xa9f6, 0x7c7e, 0xed99, 0xe419, 0x9785, 0xdb5d, 0x0cda, 0xbb3a, 0xba03, 0xa8c2, 0x8095, 0x5cc6, 0x2d96, 0x59dc, 0x0c62, 0x94a4,
    0xcab8, 0x30cc, 0x06f1, 0x8755, 0x29f4, 0xd1b1, 0xbb00, 0x2f5c, 0x4be7, 0xea40, 0x90a4, 0x80f1, 0x4e08, 0xb3ae, 0xa75d, 0x3c50,
    0x13cf, 0x9743, 0x0860, 0xf67a, 0x4c46, 0xbd74, 0x1980, 0x6089, 0xbc4b, 0xcf52, 0x78a5, 0x556e, 0x352a, 0xb29a, 0xe7aa, 0xb639,
    0x1fc1, 0x884b, 0x70bc, 0x9cf4, 0x0430, 0xb59f, 0x6b5f, 0xedcb, 0xf606, 0x3f90, 0x89b0, 0xcee9, 0x4ce1, 0x40eb, 0x966f, 0x0ec1,
    0x918c, 0xc2d1, 0x0b58, 0x00c1, 0x07cd, 0xbfc0, 0x2806, 0xd8be, 0xbc56, 0x9925, 0xb15a, 0x0ca1, 0x7f90, 0xc75d, 0x0175, 0xc4aa,
    0xb4cd, 0x0c27, 0x9017, 0xe24c, 0x5dd3, 0xefcf, 0x9b7c, 0xa56e, 0x4b0c, 0xd0b0, 0x19c7, 0x783a, 0xd832, 0x4d29, 0x9afc, 0xe945,
    0x1d8a, 0x502e, 0x4354, 0x5c87, 0xfd67, 0x8851, 0x8635, 0x7a74, 0xf668, 0x9156, 0xc984, 0xe5f0, 0x2222, 0x9821, 0x99ab, 0x406f,
    0x4847, 0xc152, 0x95e3, 0x04e3, 0x6e32, 0x1a4d, 0xbd2d, 0x40da, 0xcb41, 0x5cb3, 0x43bd, 0xb46b, 0x8957, 0x4c7c, 0x98cf, 0x6073,
    0x3a0f, 0xf871, 0xc521, 0x0b53, 0x6861, 0xa53b, 0xc9e4, 0xc42e, 0x2ee0, 0xaae8, 0x27fe, 0xecea, 0x3a30, 0x0d01, 0x3811, 0xd228,
    0x206d, 0x14ee, 0x7aeb, 0x5a46, 0x74a1, 0xb725, 0x8a49, 0xd291, 0x7f06, 0x0aa0, 0xd263, 0x6315, 0x019a, 0x9af1, 0xbbb4, 0x30e0,
    0xf167, 0xdcaa, 0x6d93, 0xb6b7, 0x8c10, 0x8c8c, 0xd0da, 0x5c91, 0xb1fa, 0x40fd, 0xfb84, 0xd525, 0xed00, 0xf60e, 0xac72, 0x4a63,
    0x0b91, 0xdc06, 0xfff8, 0xe010, 0xb865, 0x3071, 0x0496, 0x9531, 0xf693, 0x6999, 0x5880, 0x0bca, 0xea47, 0x7c9e, 0x7786, 0x3f0e,
    0xd5ee, 0x85e6, 0xe175, 0xb046, 0xb3c1, 0x9c54, 0xc0ee, 0x1216, 0x5416, 0x1697, 0x3aef, 0xfa31, 0x67e8, 0x0b54, 0x0eaa, 0xa1aa,
    0x6009, 0x53ae, 0xade2, 0x3bc9, 0x88d9, 0xd835, 0x75e9, 0xeb45, 0x4a4f, 0x709c, 0x30f0, 0xde0d, 0xf4bc, 0x1d82, 0x8813, 0x9791,
    0x01ea, 0xe53c, 0x8d96, 0xf18f, 0x32cc, 0x1a9e, 0x07f1, 0xdb57, 0x7181, 0x56c8, 0xa516, 0x5f96, 0xe033, 0xece8, 0xbe7f, 0xf893,
    0xfc22, 0x20f1, 0xd56f, 0xbb0b, 0x3d41, 0xe88f, 0x700b, 0x5f5c, 0x1a7c, 0x7ec1, 0x7e7e, 0xb17a, 0xda39, 0x91c0, 0xf123, 0x6f02,
    0x17b3, 0x53b1, 0xa6ce, 0x1c23, 0x6472, 0x3585, 0x5bae, 0xd6e7, 0xee84, 0x94a1, 0xc0c0, 0xb0e9, 0x933a, 0x22d3, 0x63c4, 0x97a8,
    0x462e, 0x50dd, 0x8f81, 0x5355, 0x34fb, 0x8385, 0xccd2, 0xa406, 0x8f6e, 0x5b11, 0x2bfe, 0x0598, 0x5c1c, 0xd55e, 0xfe90, 0x21e4,
    0x4197, 0x9257, 0x29e8, 0x7990, 0xac09, 0x0311, 0xb9f3, 0x4b52, 0x377a, 0xcb31, 0xdcc5, 0x41b9, 0xc649, 0x1d27, 0xee48, 0xef81,
    0x2c76, 0x588b, 0xbcd8, 0xa242, 0xd74d, 0xb329, 0xae0c, 0x93d7, 0x5973, 0x34aa, 0xec33, 0x0200, 0x43a9, 0xcc71, 0x4423, 0x34d2,
    0x31df, 0xca49, 0xdbb1, 0xfb64, 0x74ed, 0x814e, 0x689e, 0xa723, 0x40aa, 0x5d91, 0x0fe8, 0x0d9c, 0xc6a9, 0x33fc, 0x95db, 0x98a4,
    0x2558, 0x14ff, 0x064b, 0xed63, 0x938b, 0x698b, 0x7d94, 0x3153, 0xb0e5, 0xa289, 0x3a01, 0x763a, 0x6238, 0x4309, 0x9da9, 0x545c,
    0x22de, 0x8c8e, 0x48fd, 0x3b35, 0x325e, 0x9658, 0xf56d, 0x80f6, 0x8666, 0x16c3, 0x3907, 0xb815, 0xe9b7, 0xa756, 0xda51, 0x53af,
    0x2f12, 0xcb54, 0xdca6, 0x2245, 0xe108, 0x80b9, 0xed28, 0xa71b, 0x5604, 0xa3d3, 0x5825, 0xd9da, 0x9115, 0xed2b, 0x2f01, 0x5506,
    0xd6ea, 0xd239, 0xc699, 0x7a91, 0x5fb1, 0x1037, 0x363a, 0x9752, 0x0d03, 0x29e0, 0xfee9, 0x8cc2, 0x8cb7, 0x9f4d, 0x8373, 0x0927,
    0xcffe, 0x2897, 0x78bc, 0xd67a, 0x3f0a, 0xbacb, 0xf69d, 0x47b7, 0x9127, 0x9f8a, 0x5179, 0x4c73, 0xb190, 0x66f6, 0x63ee, 0x3365,
    0x9853, 0xfc55, 0x715e, 0xa301, 0x8037, 0xa4fd, 0x48d2, 0xd0ce, 0x60c8, 0x31f9, 0xd062, 0x7f29, 0x1501, 0x2bef, 0xa11b, 0xc99a,
    0x1670, 0x41d2, 0xdb5c, 0x4790, 0x34ec, 0xc1c8, 0xdbcf, 0x8dac, 0x32aa, 0x64c3, 0xf8c9, 0x9592, 0xacf7, 0x3477, 0xf03e, 0x1411,
    0x3962, 0xd3f6, 0x2e11, 0x461d, 0x1f44, 0xf2bb, 0x9305, 0x3bf3, 0x960c, 0x3214, 0xe445, 0x2add, 0xefe1, 0x454c, 0x8b0f, 0xcd9f,
    0x98b1, 0x941b, 0xcd56, 0x5b18, 0x51f5, 0x27c7, 0x267e, 0x1ba1, 0x92c9, 0x2a8b, 0xe8eb, 0x24c4, 0x74a4, 0xc1b2, 0xcfca, 0x4394,
    0x146a, 0x8a2c, 0xa981, 0x9d76, 0xd021, 0x7f7d, 0xc2aa, 0x0f4f, 0x4922, 0x9548, 0x395b, 0xd371, 0x92a8, 0xcb71, 0xe124, 0x75c7,
    0x7513, 0x0485, 0xdf7a, 0x9ea1, 0x2d7b, 0x66d1, 0xa887, 0xbc10, 0x91e3, 0x8fee, 0x84ab, 0x119a, 0x01de, 0x62c5, 0x465e, 0x3680,
    0x0bb7, 0xb80b, 0x5889, 0x8a97, 0x2e21, 0xb954, 0xcd87, 0xa97b, 0x9e50, 0x2ea9, 0x9674, 0x6474, 0x7aa5, 0x8675, 0x8b28, 0x4a9c,
    0x51e4, 0xe019, 0x6a98, 0x47bd, 0x66cd, 0xe0fc, 0x7bb0, 0x619a, 0x983b, 0x9c0c, 0xf6d8, 0x1ba9, 0x55f7, 0x53b7, 0xdfcc, 0x895f,
    0x89a5, 0x5e98, 0x77f7, 0x970a, 0xdc9c, 0xf650, 0xf175, 0x90ff, 0x41ee, 0x3940, 0x8a67, 0x7171, 0x2d2c, 0x2661, 0xb8f0, 0xfcab,
    0x5d7f, 0xdbe6, 0x8f80, 0x33f8, 0xa537, 0xe056, 0x01ce, 0x26c5, 0x962b, 0xbde7, 0x3240, 0xaa7d, 0x7a3d, 0xb8a0, 0x6fdf, 0x00cc,
    0x8074, 0xe6ed, 0x0c8f, 0xf471, 0x86cf, 0x7488, 0xb43a, 0x7473, 0x6848, 0x5820, 0x6c02, 0x35fa, 0x378e, 0x4342, 0xe24b, 0x648d,
    0x4e24, 0x1502, 0x3704, 0xe8e5, 0x980d, 0x96ee, 0xe4af, 0x4e24, 0x0402, 0xcc90, 0xf1bb, 0xcda7, 0x8000, 0x9d8b, 0x1269, 0x894d,
    0x6a84, 0x2214, 0xe32d, 0x7c4e, 0xe019, 0x5a0a, 0xe3aa, 0x2a63, 0xcdae, 0x9656, 0x5a11, 0x95a4, 0x2f0f, 0x5d36, 0xc6fb, 0x82d4,
    0x6227, 0x1080, 0x11ec, 0x9417, 0xf69f, 0x1ed5, 0x1626, 0x4244, 0xe210, 0x071a, 0xb816, 0x3cb2, 0x8099, 0xf686, 0x2b3c, 0x3777,
    0x4a19, 0x4922, 0x909d, 0xb031, 0xa3ca, 0xb4d7, 0x959b, 0xb156, 0xb674, 0x66f7, 0x3b68, 0x1bfc, 0xb109, 0xdc3f, 0x6ee4, 0x8004,
    0x5fe0, 0xbb63, 0x9912, 0x0b18, 0x803b, 0x7a1b, 0xd000, 0x95ba, 0xb89f, 0x1496, 0xd01b, 0x5735, 0x9d4e, 0x9fa5, 0x6629, 0x47d9,
    0xa985, 0xfd26, 0x71af, 0xb9b1, 0x952a, 0x7b14, 0x27d7, 0x2ff1, 0xeee2, 0xa513, 0xbece, 0xfc91, 0x62cc, 0x1077, 0x29c9, 0xacbb,
    0x9596, 0x6ac8, 0x0d49, 0xcb75, 0xfc3c, 0x92c5, 0x9414, 0x030e, 0x9809, 0x040f, 0x4ca1, 0x24be, 0xff74, 0x5cf6, 0xb6fd, 0x1f01,
    0x9b1c, 0x472f, 0xab2f, 0x6a5e, 0x7f8e, 0x8ac4, 0x402d, 0xf4b1, 0xcb52, 0x93b5, 0x5b21, 0x12f4, 0xf1a6, 0x31e8, 0x8f80, 0x817a,
    0xd9a3, 0xdbb5, 0x7751, 0xface, 0x39da, 0x3b00, 0x2c20, 0x6ce1, 0x188e, 0x4ca4, 0x086c, 0x54e2, 0xd851, 0xda8c, 0x598a, 0x4980,
    0xb92f, 0x9845, 0x29fc, 0x3bbc, 0x364a, 0xa9fa, 0xcc6d, 0x7631, 0x280c, 0xddf1, 0x4f29, 0xe2b2, 0x12e8, 0x60a4, 0x7fd7, 0x9ede,
    0x8a4a, 0x3343, 0xa805, 0x66a5, 0x107b, 0x2cbd, 0xaa0b, 0xddae, 0x5a92, 0xcd4a, 0xa662, 0x3f21, 0x614b, 0xac6e, 0xd19f, 0x7be9,
    0x2607, 0xc98a, 0xa2cc, 0x4f70, 0x949d, 0x86ca, 0x026d, 0x52f7, 0x6966, 0x96d5, 0xa1b3, 0x9760, 0x83de, 0xa4b8, 0x229d, 0xcd71,
    0x8de5, 0xfe7e, 0x3832, 0x848d, 0x5f64, 0x0a1e, 0x6795, 0x8814, 0x0654, 0xcd2e, 0x913b, 0xe31f, 0xdb98, 0x4ebc, 0xeb0a, 0x92c8,
    0x8bf7, 0x1c01, 0x9286, 0x6ef8, 0x7dec, 0xb740, 0x5ff6, 0x519e, 0x7ba7, 0x3976, 0x2196, 0x048d, 0x09dc, 0xee3a, 0xe7a1, 0xfdc1,
    0x52c6, 0x3270, 0x88ae, 0x7216, 0x0de8, 0x5d2e, 0x0692, 0xc69e, 0x4c2f, 0xfb49, 0xfbdd, 0xe85a, 0x909b, 0x2576, 0xb99d, 0x92af,
    0x1d54, 0x38b9, 0x3df6, 0x0be5, 0xdd7e, 0xb969, 0xaae0, 0x60aa, 0xd32e, 0xa8d5, 0x65a4, 0xa5c4, 0x7234, 0x1536, 0x86b7, 0x4867,
    0xcf2e, 0x2c38, 0xc23d, 0xf4d2, 0x0b59, 0x97f4, 0x70da, 0x1bd4, 0xe46f, 0x6ebb, 0xe105, 0x9e74, 0xd197, 0x7cb7, 0x992b, 0xa82e,
    0x9469, 0x30c4, 0xb1e6, 0x3fcd, 0xa6a3, 0xf35b, 0xf0f4, 0x96b4, 0x6c3d, 0x3016, 0xcc9e, 0x9e9d, 0x922e, 0xd9bb, 0xffb2, 0xeddf,
    0x8186, 0xb0cd, 0xd5bf, 0x7a4c, 0x4f05, 0x1495, 0xd82c, 0x3258, 0x0f61, 0xa68a, 0x038d, 0xfcf1, 0xf7e5, 0x8889, 0x2d7f, 0x27d4,
    0x3389, 0x7d39, 0xc326, 0xcc40, 0xd4a6, 0xb325, 0x8800, 0x324e, 0xcb27, 0x823d, 0x7d66, 0xbaa0, 0x4724, 0xe3dc, 0x9a57, 0x56d3,
    0x7004, 0xed5e, 0x7bf4, 0x181e, 0xd836, 0x1510, 0xb66a, 0xdca6, 0x955d, 0x89c8, 0xee44, 0xa362, 0x64d3, 0x64ff, 0x626d, 0x8e32,
    0xc4ff, 0xff21, 0x0e86, 0x1ad2, 0x6ade, 0x2ed8, 0x0dd8, 0x9a03, 0xfc3f, 0xba5e, 0x66bf, 0x6d66, 0x765e, 0xc3aa, 0xe67c, 0x13c4,
    0x2904, 0x76e8, 0x35b5, 0x8bcc, 0xae4a, 0xc375, 0xcd5b, 0x155d, 0xc6aa, 0x678d, 0xf3f9, 0xd959, 0x81ae, 0x1623, 0x6bc2, 0x7fd8,
    0x9b1e, 0xff8e, 0xf8db, 0x3d08, 0x749e, 0x8479, 0x6856, 0x5c5c, 0x93dc, 0x5b83, 0x3f83, 0xd274, 0x0d30, 0xf12f, 0xbbf6, 0xdd40,
    0xc2d9, 0x4a78, 0x4bd5, 0x3aed, 0xe086, 0x31de, 0x26cd, 0xff09, 0x7b9f, 0xf6dd, 0x2f7d, 0x8e63, 0xbfcb, 0x880c, 0xc54f, 0xc953,
    0x903a, 0x2f8c, 0xaef3, 0xec75, 0x052f, 0xba23, 0xc53c, 0x2ff1, 0xae42, 0x50c1, 0x867c, 0xad5f, 0x00eb, 0xcc7c, 0x3a8d, 0x93e0,
    0xdbca, 0xcd2c, 0xcf17, 0x3313, 0x863d, 0x5a55, 0x1491, 0xe43a, 0x1483, 0x56d7, 0x8397, 0x5a1b, 0x9875, 0x8ec8, 0x32e6, 0x5f39,
    0x069c, 0xa832, 0x259d, 0x8aaf, 0x37df, 0xbdec, 0x9a55, 0xf35e, 0xefbc, 0xed2f, 0x8276, 0x69bd, 0x4edc, 0x9da9, 0xca13, 0x4033,
    0x9a2d, 0xcc0a, 0x9856, 0x29c5, 0xbec3, 0x1ee4, 0x3082, 0x3775, 0x79b9, 0x0e71, 0x9b2f, 0x7bfb, 0x8d04, 0xe665, 0xc051, 0x5e18,
    0xe896, 0xea8e, 0x19a6, 0x2144, 0x3009, 0x65d4, 0xa585, 0xad1b, 0x84b0, 0xebc9, 0x4252, 0x1b10, 0xfc55, 0x94be, 0x1a5a, 0x12bf,
    0xac59, 0x7c1e, 0x4868, 0x7c98, 0xb160, 0x49ac, 0x5c60, 0x935d, 0x1b74, 0x0cdb, 0xe8f8, 0xdbad, 0x26b9, 0x32f8, 0xc165, 0x0a7d,
    0xa879, 0xdfab, 0x0fe5, 0x61c3, 0x18f0, 0x6ff4, 0xec8d, 0x8bc7, 0x215c, 0x6fb7, 0x9cc8, 0x7cf9, 0x16a2, 0xc9d0, 0x2333, 0x641e,
    0x4890, 0x7a89, 0x4809, 0x3122, 0x8d69, 0x8cac, 0xc204, 0xba75, 0xf21e, 0xa90e, 0xa7d1, 0x08af, 0xf6f4, 0x0089, 0xd1f8, 0xd0f3,
    0x409c, 0xd89b, 0x5527, 0xa5b6, 0x25ef, 0x8258, 0xbd41, 0xe5f0, 0x0215, 0x03f8, 0x30ba, 0xf2fc, 0xb316, 0x3ced, 0x2468, 0xb4dc,
    0x2d25, 0xcc4e, 0xc813, 0xf4ee, 0x8a2c, 0x81fb, 0xd33e, 0x974e, 0x7e00, 0xa222, 0xda8c, 0x3a98, 0x96f8, 0xc330, 0xd5cb, 0x461a,
    0x3341, 0x8e74, 0xfe35, 0xeeb6, 0x9250, 0x2b15, 0xad72, 0x3a24, 0xeb2a, 0x9ba6, 0x64f0, 0x88ad, 0xef06, 0xd620, 0xa5d3, 0xad85,
    0xa072, 0xde7b, 0xc160, 0x1d89, 0xe6fb, 0xabad, 0x49d6, 0x3c83, 0xc75d, 0x1f29, 0x4bf7, 0x50f3, 0xa823, 0xd6f9, 0xf8b9, 0x2677,
    0x8abe, 0x2245, 0xe7e8, 0xe651, 0xa160, 0xe03c, 0x9aea, 0x2ef5, 0x28eb, 0x91ca, 0x683d, 0xf19a, 0xefbc, 0x657f, 0x773e, 0x1eb3,
    0x70ba, 0x862a, 0xf4b1, 0xa883, 0xeb29, 0x73c8, 0x27a9, 0xe495, 0x5e95, 0xaf32, 0x8ed6, 0xd35c, 0xd3b4, 0x7ff9, 0xae8e, 0x5698,
    0xd96b, 0x1d12, 0xb710, 0xde12, 0x9e7a, 0xffd4, 0xab88, 0x92ec, 0x8fad, 0xa973, 0x3171, 0x8957, 0xe285, 0xa31a, 0xb075, 0x00ee,
    0xf45a, 0x0060, 0xeae1, 0x3b72, 0xe5fe, 0x2c65, 0xb67e, 0xf219, 0x5bf3, 0x4947, 0xfe0d, 0xf156, 0xcb07, 0xea38, 0xb319, 0xe314,
    0x398b, 0x6ffc, 0xd874, 0xcf96, 0xdcdd, 0xcffa, 0x4d09, 0x5ca7, 0x7bbb, 0x0dbb, 0x7f5a, 0x5374, 0xfcb8, 0x2f02, 0xb149, 0x74cf,
    0x0994, 0xf23b, 0xf4b2, 0x23e6, 0x2ecb, 0x0f91, 0x8825, 0xefa3, 0x5fc6, 0x4c7d, 0xbc62, 0x826e, 0x4772, 0x29c3, 0x0a37, 0x0071,
    0x4d7b, 0x7404, 0x80f0, 0x5c59, 0xb7ec, 0x7eb2, 0x354b, 0xaaa9, 0xd160, 0x51ad, 0xd8c4, 0xfb7f, 0x7b9e, 0x9143, 0x2193, 0xc2d6,
    0x16c4, 0x68bc, 0x2b07, 0x5765, 0x24eb, 0x3f57, 0x7679, 0x8fbe, 0x925a, 0x7fe8, 0xb49d, 0x064b, 0x0a30, 0x3abb, 0xffa2, 0x0b4e,
    0x3f7c, 0xea45, 0xad4a, 0xcdfb, 0x92ea, 0x2210, 0x621a, 0xc384, 0xfcfc, 0x7051, 0x8c8b, 0xd4ff, 0xa492, 0x39ed, 0xf11a, 0x5ba6,
    0x0a2e, 0xd8fe, 0x6ea0, 0x738a, 0x2fa1, 0xc5d2, 0xa332, 0xad05, 0xa404, 0x1290, 0x999f, 0xa45e, 0xdca7, 0x011e, 0x2739, 0x882d,
    0xc1ea, 0xfbc5, 0x225b, 0x1604, 0xd92c, 0xb827, 0x193f, 0x15d2, 0xf2cd, 0xccc2, 0xb175, 0xdb96, 0xc4d7, 0x8114, 0x57b4, 0xd7bf,
    0x5a2e, 0x200b, 0x6854, 0xbde1, 0xbe3e, 0x950a, 0x7838, 0x49fd, 0xcd17, 0x9b88, 0xe62c, 0x2c4f, 0x9019, 0x4907, 0x5ccb, 0x23a7,
    0x0f11, 0x39a1, 0x6ceb, 0xce08, 0xfe05, 0x26ff, 0xe898, 0x3812, 0x2f33, 0x3207, 0x265a, 0xb2c3, 0x31c8, 0xa6c2, 0xd52d, 0xf7b8,
    0x0514, 0x82ee, 0x88f5, 0x23f6, 0x481b, 0x8711, 0xa751, 0x9132, 0xcdde, 0x19e3, 0xdd15, 0x15a6, 0xfdd6, 0xc683, 0xc41f, 0xb246,
    0xe940, 0x9cdc, 0xe1cd, 0x3797, 0x7cbd, 0x3cb4, 0xa5e8, 0xe8e6, 0xb66c, 0xd33b, 0x91fc, 0xa625, 0x48ab, 0xd30f, 0x3156, 0xa422,
    0x9127, 0xaec4, 0x094f, 0x3b5e, 0x4c89, 0x5df2, 0x2a51, 0xd53f, 0xeeaa, 0xf4af, 0x892c, 0x7ff3, 0x0736, 0x15a2, 0xc90d, 0x309e,
    0x9acb, 0x868b, 0x9dd4, 0x3c3b, 0xd8a8, 0xaf4a, 0x6f09, 0x0ed0, 0x14dd, 0x4b60, 0x633e, 0xa93f, 0x6edb, 0x1604, 0x7c00, 0xed8c,
    0x0cba, 0xb893, 0xea35, 0x41a4, 0x52cd, 0xc3c0, 0x4306, 0x90ad, 0xffcb, 0xfafb, 0xbd41, 0x32c4, 0x9584, 0xba71, 0x1f68, 0xc339,
    0xf600, 0xbfc1, 0x85ca, 0x6d8f, 0x9d16, 0x1cde, 0xa9be, 0xb86a, 0x5ec4, 0x9d94, 0xd0df, 0x57ab, 0x119e, 0x67b6, 0x0cf6, 0x0c87,
    0x0e1f, 0x1d74, 0xf473, 0x1c60, 0xea3a, 0x4a98, 0x7b38, 0x6615, 0x5991, 0x63d6, 0x142c, 0x9da6, 0x9a12, 0x2105, 0xc2f5, 0xb6b4,
    0x552a, 0x798e, 0x4684, 0x0515, 0x5d5e, 0x0b6f, 0x03e8, 0x1c3e, 0x307a, 0x34de, 0xd9bb, 0xf4f0, 0xa64b, 0xa82d, 0x8411, 0x61a1,
    0xb3a3, 0xc26f, 0xb8da, 0x591d, 0xaa26, 0x6c72, 0xa4c5, 0x1ff8, 0xdc4b, 0xce51, 0xf0ac, 0xd833, 0x0e32, 0x9d69, 0xf78c, 0x7f94,
    0x9a9b, 0x4d00, 0x54cd, 0xe46d, 0xb4c0, 0xe91f, 0x734a, 0x98da, 0xae4e, 0xe451, 0x449d, 0x6ca4, 0xaa2e, 0x9f80, 0xc91c, 0x7568,
    0xa39a, 0xf497, 0x903a, 0x2d6c, 0x31dc, 0x8b70, 0xd972, 0xb0f4, 0xf04a, 0x4181, 0x7d9f, 0xa1f5, 0xf32d, 0x6bb3, 0x48fd, 0xba69,
    0x30ad, 0x3b1f, 0xed7e, 0x9515, 0x469d, 0x0bf0, 0x35b9, 0xb4d6, 0x848e, 0xe6fe, 0xa04e, 0x525b, 0xa291, 0xfdc7, 0x0be1, 0xf871,
    0x0c54, 0x68fc, 0x9b66, 0x76df, 0x28a7, 0xf1a2, 0x7b11, 0x3396, 0x85de, 0x2c6d, 0xadcf, 0x627b, 0x525a, 0xafec, 0x8b14, 0x2bc8,
    0x09a3, 0xad06, 0x155e, 0x48ac, 0xbe39, 0xb1f7, 0xd107, 0x1eb6, 0xe794, 0xdfec, 0x43af, 0xe198, 0x1cd5, 0x5b00, 0xc43d, 0xc348,
    0xa41b, 0x3cad, 0xc32b, 0xbaff, 0x3de4, 0xd10a, 0x337a, 0xea65, 0x1559, 0x662f, 0x3c09, 0x295b, 0x3d01, 0x762d, 0xd9a4, 0xc03e,
    0x9fd0, 0x73c9, 0x9938, 0xd8c3, 0xcee0, 0x0150, 0x12f4, 0xad22, 0x9392, 0xda41, 0x4d7b, 0xfdfa, 0xae3a, 0x3744, 0xb1f7, 0xd680,
    0xa946, 0xf4b8, 0xb85f, 0x2763, 0x28db, 0x43c8, 0xf46e, 0x4001, 0x9f05, 0x2dd0, 0xab23, 0xae1e, 0xcc7a, 0xb27d, 0x9879, 0x8c5b,
    0xf58a, 0xc868, 0x0ded, 0xc6dd, 0x33f3, 0x07f7, 0x1168, 0x5e8e, 0xccfe, 0x48f5, 0xa497, 0x3303, 0xf41d, 0xfaa2, 0xdce3, 0x5aa5,
    0xe224, 0x7e33, 0xf3c9, 0x9198, 0xa8db, 0x4bde, 0xf7d0, 0xc6e5, 0xab3e, 0x2a59, 0x45f3, 0x5054, 0x2216, 0x40f0, 0x736b, 0xccb0,
    0x951e, 0x4bfd, 0xd048, 0x3c8c, 0xb0bb, 0xbc01, 0x2a29, 0x5996, 0x6015, 0x0720, 0xf7c9, 0xb445, 0x93c8, 0xf527, 0x94d0, 0xa049,
    0x9d02, 0x2e2a, 0xb63d, 0x7730, 0x8537, 0xd367, 0xbf62, 0x39b6, 0x4a47, 0x6aee, 0x1f36, 0x1792, 0x671b, 0xe597, 0x5e41, 0xe5cf,
    0x90d6, 0x079b, 0x050c, 0x0b6d, 0x1082, 0xfb86, 0x0303, 0xeccc, 0xa123, 0x57d8, 0xbddd, 0x5d5f, 0x3a84, 0x5ef2, 0x7186, 0x2005,
    0xb02f, 0xc1ab, 0x088e, 0xfdb6, 0x8d3e, 0xac6c, 0x14fa, 0x7af4, 0x1477, 0x668c, 0x11cd, 0xb366, 0xcce0, 0x4c80, 0x94cf, 0x6445,
    0x830b, 0x6c49, 0x9918, 0xad00, 0x269f, 0x8c91, 0x89c8, 0x8ebc, 0x6c83, 0xe629, 0x35a6, 0xb1d5, 0x9da7, 0x57fd, 0x52e5, 0x7a56,
    0x7a02, 0x5dcb, 0xbb86, 0xf2c0, 0x9842, 0x9101, 0x0a65, 0x953a, 0x2a17, 0xfc51, 0xc07c, 0x7b65, 0x8cb4, 0x09bd, 0x9ae6, 0xfca0,
    0x8e08, 0x5320, 0x4132, 0x42e7, 0xce59, 0x1d36, 0xf44c, 0xddf8, 0x2680, 0xc520, 0x65f9, 0xdd35, 0x7a84, 0xe868, 0x60ad, 0x77de,
    0xe0bf, 0x8f99, 0x67fa, 0xcbde, 0x858d, 0x2336, 0xf972, 0xbb12, 0x3381, 0x7342, 0x9620, 0x6f0e, 0xe7f0, 0x9956, 0x3c5a, 0x8b73,
    0x5c1e, 0xfd2a, 0x7a31, 0x969e, 0xeb0d, 0x437d, 0xc05a, 0xa110, 0xbb68, 0x6fd3, 0x1d9c, 0xb316, 0x9664, 0x003e, 0x0ab9, 0x0922,
    0x52c0, 0x4c24, 0x6eb4, 0xa69d, 0x3c77, 0xed17, 0x83f6, 0x470e, 0x60fe, 0x7a79, 0xc57f, 0x3605, 0x27d2, 0x5f68, 0x8cf4, 0x154c,
    0x1f9f, 0x1376, 0x88de, 0x19c4, 0x6802, 0x7d7d, 0xb3c8, 0xc691, 0x9f91, 0xc948, 0xf36d, 0xaf03, 0xbe9d, 0x7792, 0x08ce, 0x46bd,
    0xc64e, 0xf07a, 0xf88d, 0x4889, 0xac4d, 0x60b8, 0x93bd, 0xbbbc, 0x6ae4, 0x28f7, 0x4972, 0x1fcd, 0x9db3, 0xa7f9, 0xe884, 0xc6c0,
    0x92d6, 0xa719, 0x7a11, 0xe5e4, 0x3887, 0x3145, 0xdc5b, 0x6516, 0xcf42, 0x1c9e, 0x4630, 0xf48d, 0xc881, 0x0e69, 0x5acc, 0x712d,
    0xb9c5, 0x41ad, 0xf650, 0x1f3b, 0xcc5c, 0xd824, 0x5a9d, 0xc3ab, 0x917f, 0xfdd6, 0xe4c0, 0x23fc, 0xa2e6, 0xa722, 0xf2dc, 0xf45a,
    0xf81b, 0x311d, 0x2299, 0xbc8b, 0x57f0, 0xace2, 0x8fec, 0xbb20, 0xced2, 0x1cd7, 0x3cb9, 0x4f44, 0x915b, 0x6cdb, 0x487a, 0xf10f,
    0x336b, 0x6cca, 0x20ce, 0x403a, 0x9bf9, 0x9570, 0x525e, 0x3172, 0x9d1b, 0xe02c, 0x223d, 0xe21c, 0x98bb, 0x78e6, 0x97ce, 0x1aac,
    0x19b7, 0x9299, 0x1f3f, 0x0748, 0xc992, 0x2662, 0x6c53, 0x2f43, 0xaa92, 0xe509, 0xc5d9, 0x32ba, 0xfe79, 0x22fc, 0x61a2, 0x56f6,
    0xc18e, 0x06e7, 0xf8d2, 0x6920, 0x226f, 0xc2ad, 0x3ccf, 0xff9b, 0xde0e, 0x1f05, 0x54b4, 0xa1ca, 0xe87b, 0x2161, 0x0b29, 0xde43,
    0x49fb, 0x149a, 0xd4d6, 0xd7b2, 0x98b4, 0xbbda, 0x5750, 0x5013, 0xf6d2, 0xf842, 0x9861, 0xba7c, 0xfd2e, 0xa8d6, 0x7e1f, 0x5b68,
    0x7a87, 0x0d0f, 0xc72d, 0xff78, 0x6f0b, 0x71ee, 0x23c3, 0x50be, 0x2ca4, 0x716c, 0x96f9, 0x528a, 0x037c, 0x8c9f, 0xc8b6, 0x0bb8,
    0x6337, 0x6830, 0x7033, 0xe759, 0xd8a7, 0x735e, 0x7eb5, 0xd424, 0xcfd6, 0x419a, 0x331c, 0xaa1f, 0x82cb, 0x5e7b, 0xbdb9, 0xdefb,
    0xfc9d, 0xe454, 0x9cb9, 0x10cd, 0x9928, 0x9d34, 0x5912, 0x6f5e, 0xe930, 0xf672, 0xcbdd, 0x8bf2, 0x6309, 0x8ead, 0x9454, 0x978a,
    0xc7c1, 0xa664, 0xe620, 0x97c4, 0xa4be, 0x3af3, 0x585b, 0x99fa, 0xd9ff, 0x1413, 0xdcdf, 0x6d2e, 0x8c9f, 0x8bf8, 0x8842, 0xea3f,
    0x6e28, 0x59c6, 0x523d, 0x52b7, 0xc00f, 0x269e, 0x7682, 0xce13, 0xfc03, 0x3528, 0x9e33, 0x8d88, 0x887a, 0xe39f, 0x79c5, 0x9e60,
    0x61df, 0x5054, 0xf372, 0xf28a, 0x204b, 0xe8b0, 0xa209, 0xa82f, 0x4191, 0x2acb, 0xa473, 0x173e, 0x1ff8, 0x6166, 0x8d8d, 0xadc1,
    0x7d72, 0xa274, 0x888c, 0x22bf, 0x0b14, 0xd833, 0x5de4, 0x076d, 0xd568, 0x1ca4, 0x80c1, 0x3eed, 0xfd16, 0x2f84, 0xcce0, 0x64b7,
    0xa3e6, 0x4f09, 0x1cef, 0xa940, 0x7698, 0x3aa4, 0x6197, 0x2d51, 0xbadd, 0xa8cb, 0x60b2, 0x63d6, 0x4a31, 0xf6c6, 0xc56e, 0x820f,
    0x60d0, 0x5b6f, 0xa874, 0x867b, 0xa97d, 0x640b, 0x390c, 0xddf9, 0x6db6, 0x03e9, 0xae64, 0x2fa3, 0x5234, 0xfe6c, 0x2971, 0x5728,
    0x8828, 0xf38f, 0xaf73, 0x1568, 0xdaf8, 0xd6df, 0xe4cf, 0x7fec, 0x823b, 0x1921, 0xb069, 0xb68b, 0x208b, 0x4c36, 0x6fa9, 0xe7c3,
    0xd688, 0x89c6, 0xe2c8, 0x2b78, 0xd2a7, 0x642f, 0x79ca, 0x3c4a, 0x4536, 0xaa10, 0x29e1, 0x973f, 0x211d, 0xc468, 0x7349, 0x0a3d,
    0x90f5, 0xf6f9, 0xbfcb, 0x389b, 0x88bc, 0x4b72, 0xc182, 0x1e94, 0x5bf7, 0x6edd, 0xfa68, 0x1aee, 0xc05c, 0x49c0, 0x1413, 0x8765,
    0x24f7, 0x9a8a, 0x3053, 0x674b, 0xc5d9, 0x5ab3, 0xd9ea, 0x34ec, 0x643d, 0x362c, 0xbe0a, 0x5554, 0x0b27, 0xdd85, 0xd63b, 0x3a8c,
    0xc89b, 0x7a59, 0x2ac4, 0xbc69, 0xc331, 0x0e6b, 0xd580, 0xafda, 0x945a, 0x0519, 0x6d73, 0x4495, 0x4ef3, 0xbf74, 0x827d, 0x3188,
    0x1a61, 0x62d1, 0x51e6, 0x377f, 0xca64, 0xb1a4, 0x5b3c, 0x0274, 0x5b17, 0x374b, 0xfdb2, 0xf16d, 0xb99f, 0x8dd4, 0xc618, 0xcca0,
    0xc16b, 0x06ba, 0x952e, 0xf261, 0xd5aa, 0x7ddc, 0x469d, 0x024a, 0xffbe, 0x9eda, 0x006a, 0x8f04, 0xf9a2, 0x6565, 0xd2ba, 0xdeb9,
    0x0d22, 0x1f9c, 0xd058, 0x419f, 0x2f9f, 0xbb15, 0x4795, 0x0771, 0x4219, 0xa471, 0x43ad, 0x9b19, 0xddd9, 0x0169, 0xfea7, 0xcd13,
    0x95ab, 0x8d38, 0x6bd7, 0xd416, 0x1379, 0xdfce, 0x82a8, 0x0c6f, 0xfa77, 0x672c, 0x721c, 0xfdd1, 0xf5b7, 0xdb9e, 0x6496, 0xaf88,
    0xdb86, 0x7604, 0xfc77, 0xd33e, 0x4cd8, 0xb111, 0x30c4, 0xce6c, 0xb98e, 0xdcbc, 0xb2c3, 0x29ec, 0x3121, 0x4c4f, 0x83bf, 0x706a,
    0xe7bc, 0x66d8, 0xe394, 0x0310, 0xd7e9, 0x625a, 0x3f6e, 0xece6, 0x68c2, 0xf133, 0x494a, 0x3c91, 0x8082, 0xaa33, 0xdfe1, 0xec85,
    0xebda, 0x7318, 0xef0d, 0xe1f3, 0x8157, 0xb5ac, 0xf097, 0x09fd, 0xe9cb, 0xa738, 0x35c8, 0x1d72, 0x74cc, 0x6a92, 0xa135, 0x1335,
    0xe1e4, 0x54ad, 0xf933, 0xc8e7, 0x864a, 0x1b8e, 0x7abe, 0xea3a, 0xb6fb, 0x37f0, 0xd4d2, 0x9ec8, 0xdf5b, 0x412e, 0x3475, 0x0641,
    0x2c6f, 0x8bea, 0x88ec, 0x0b4b, 0x3475, 0xd2f7, 0xa8db, 0x94b4, 0x8317, 0x32f8, 0x7f88, 0x9d41, 0x7223, 0x404c, 0xeacf, 0x3a0a,
    0x3678, 0x7fc3, 0x7189, 0x1721, 0x89f5, 0x0975, 0x7a6e, 0x72f5, 0xd976, 0x9e6e, 0x2b84, 0x2011, 0x5f86, 0xf8aa, 0x9a0e, 0x9550,
    0x1391, 0x9d8b, 0x72e4, 0x94d4, 0xd57a, 0xfb03, 0xc367, 0x7119, 0xbdd2, 0x1703, 0x0ad9, 0x78e7, 0xfa74, 0x9988, 0x3c64, 0x9176,
    0x1fc2, 0x792f, 0xd95c, 0x8757, 0x5632, 0x1223, 0xcc46, 0x1daf, 0x4c7a, 0xefcd, 0x2c29, 0x63f6, 0x565a, 0x10ae, 0x908c, 0x5a41,
    0x9f97, 0xed07, 0x1dc8, 0x6c22, 0xdbb9, 0x07e0, 0xf1ff, 0xc9c9, 0x5a3c, 0x5270, 0x1a8b, 0x27ef, 0xe718, 0x2a5a, 0xb9bc, 0xee0b,
    0x6016, 0x39ff, 0x8580, 0x5b1c, 0x6649, 0x03af, 0x4618, 0xa8f5, 0x145c, 0x5f13, 0x7d93, 0xb608, 0x2121, 0xb14e, 0xdfb6, 0x3da2,
    0x56cc, 0x2772, 0xc265, 0x26bd, 0xc688, 0xbb93, 0x2e84, 0xf149, 0xa0a7, 0x4c53, 0xb964, 0xc9ee, 0x195f, 0x8ec8, 0xceb2, 0x4c57,
    0x41c4, 0x2345, 0x92ca, 0x7bf8, 0x3d9a, 0x9418, 0x05bb, 0xfb54, 0xbd6d, 0x874e, 0x8e95, 0x09d6, 0x2536, 0xea95, 0x9767, 0x4ffc,
    0x4788, 0x61d6, 0x6190, 0x023a, 0x1d2c, 0xc03f, 0xbab6, 0x6231, 0x616c, 0xd3b2, 0xba3b, 0x2676, 0x7a91, 0x4af1, 0x2f09, 0xd0eb,
    0x9715, 0xfe12, 0xe603, 0x7b7d, 0x676d, 0x617e, 0x70fa, 0x2361, 0x5bfa, 0x6b95, 0x95fd, 0xfaf5, 0xcfdd, 0xb499, 0x0f62, 0xc9ea,
    0x080e, 0x194a, 0xc410, 0xe428, 0x6f01, 0xa7e3, 0x206f, 0xbf09, 0xf4d4, 0x1fa1, 0xb7e7, 0xad0d, 0xfc02, 0xcad8, 0xd69d, 0xc857,
    0xba65, 0xfb70, 0x2c02, 0x9337, 0x7717, 0xf1e6, 0x35a3, 0x57aa, 0x8c50, 0x76f7, 0x9298, 0xccef, 0x966c, 0xef69, 0xe780, 0x0bf8,
    0xb6b7, 0x32d8, 0x7abd, 0x5a1c, 0x534f, 0xec96, 0x3180, 0xd261, 0x3b37, 0xcf32, 0x152e, 0x754f, 0x9700, 0x6294, 0x0939, 0xa729,
    0x8dfe, 0xb471, 0xd991, 0xa4bf, 0x07df, 0xb366, 0x498b, 0xf6b9, 0x72d0, 0x7c77, 0x4b45, 0x6b55, 0xf637, 0x630f, 0x078f, 0x9eb2,
    0xf9d4, 0xfb92, 0xde63, 0x999b, 0x6968, 0xf067, 0x07b3, 0x8ece, 0x9cda, 0xe971, 0xfce5, 0x3ec4, 0x4ce3, 0x4e2d, 0x52af, 0x09f2,
    0x7c35, 0x2a29, 0x2b83, 0x39a3, 0xbd1b, 0xfc0d, 0xea7d, 0x8727, 0xbbb0, 0xb738, 0x4eb9, 0x69c1, 0x7482, 0xbfa3, 0x9f5a, 0x32af,
    0xffaf, 0x288e, 0x0fce, 0x8045, 0x5899, 0xfd6b, 0x04d9, 0x0ee2, 0x0a14, 0xdd71, 0x61db, 0x70fc, 0x26f7, 0xb1ba, 0x86c9, 0xb545,
    0x774d, 0xc5a5, 0x26a5, 0x836c, 0x421a, 0x09ef, 0x9e48, 0xb787, 0x9b4e, 0xca44, 0xf3d6, 0x03b5, 0x9ea3, 0x9d35, 0x26b6, 0xa07f,
    0x7e99, 0xd6d5, 0xf7d9, 0x9399, 0xd03b, 0x45a7, 0xd2c3, 0x9528, 0xfb31, 0x8245, 0xfedb, 0x1b8d, 0x3684, 0x994c, 0xc15d, 0x95af,
    0xf9a0, 0x57f9, 0x97c9, 0x5bb4, 0x4a2c, 0x0313, 0x32c3, 0x5e5e, 0xcdff, 0xc0a2, 0x5972, 0x1cc5, 0x09f1, 0x7bcf, 0x5d74, 0xe8ab,
    0xb4e6, 0x8b74, 0x474e, 0x0130, 0x8794, 0xe334, 0x6343, 0x8c30, 0x7089, 0x16f6, 0x56bd, 0xf601, 0x94e2, 0xf8f0, 0x663c, 0xbfbe,
    0x057e, 0x1a2f, 0x13c2, 0x4401, 0x90a2, 0xf58d, 0xbdba, 0x7a3d, 0x980a, 0x0d6e, 0x664d, 0x4087, 0x53b3, 0xc382, 0x4b64, 0x33c2,
    0x68ec, 0x337f, 0x7701, 0x9e98, 0x3dfc, 0xd822, 0xf024, 0x868e, 0xf25e, 0x429e, 0xb446, 0x5ff2, 0x635c, 0xacb7, 0x212e, 0x700b,
    0x2533, 0xad59, 0xf75b, 0x65ea, 0xd8ca, 0xd76e, 0x9cfe, 0x31b8, 0xc5c7, 0x8bad, 0xc93e, 0xa282, 0x213d, 0xc461, 0x4050, 0xd25f,
    0xe8eb, 0x240c, 0xc7b8, 0xe962, 0xbabb, 0x0e7e, 0xfb3c, 0x3ed0, 0x910c, 0x1440, 0x2a54, 0x60e3, 0xcb48, 0x78b1, 0xe60d, 0x0b16,
    0x6b18, 0x1a84, 0x676a, 0x92fa, 0xedf5, 0x86ca, 0x765c, 0xd365, 0xab7a, 0x7e79, 0xf91a, 0x1e4a, 0x1fe2, 0xb675, 0xd412, 0x3d06,
    0x0b3f, 0x1a26, 0x4247, 0x0724, 0xcd24, 0x585b, 0x4e56, 0x9785, 0xe4de, 0x02f6, 0x93ab, 0xa869, 0xfdf4, 0x08ef, 0xf09d, 0x1d81,
    0x716e, 0xd2c8, 0x50b7, 0x44c4, 0xa376, 0xc9a7, 0x37a7, 0xd5c7, 0x257f, 0x90db, 0x34a8, 0x3773, 0x04e9, 0xb9db, 0xe66c, 0x1454,
    0x2e2f, 0x3ad9, 0xb787, 0xc55d, 0x4c90, 0x6fc1, 0xfb42, 0x9b40, 0x0e22, 0xedd1, 0x931f, 0x8e19, 0x34aa, 0xf182, 0xc4b8, 0x5bd4,
    0x5a8e, 0xaf32, 0x6814, 0x9cdc, 0xd495, 0x4e22, 0x16a8, 0xd77c, 0x981b, 0xd5ec, 0x82b9, 0x198c, 0x8da4, 0xd69a, 0x9f3b, 0x20cf,
    0x3811, 0x133c, 0xc03b, 0x99ac, 0x1840, 0xf6c7, 0x5bdb, 0x7c89, 0xb535, 0x1bd1, 0x938b, 0x117b, 0xb0c5, 0xae6d, 0x2e32, 0xa295,
    0xd0cb, 0xf0cd, 0x2a5b, 0x64c9, 0x64ad, 0xaa3f, 0x9139, 0x9f0b, 0xefa5, 0xc8b0, 0xb225, 0x981c, 0x7f70, 0xfcc4, 0x6e4b, 0x5305,
    0x9739, 0x9854, 0xbd3e, 0xa19f, 0x178a, 0x7781, 0x11dc, 0x95fb, 0x0a54, 0x3c1a, 0xc7b0, 0xda20, 0xbb8e, 0xa3d2, 0x40cb, 0xf669,
    0x066b, 0x40b2, 0xdc4d, 0x0e21, 0x3f05, 0x5c12, 0x6d2c, 0x1b01, 0xa074, 0x4c3c, 0x59ba, 0x2ebe, 0xa78b, 0x0469, 0x0b67, 0xc390,
    0x41ef, 0x273f, 0xd75c, 0xa2c0, 0x39c7, 0x63f4, 0x0727, 0x6a21, 0xc5d8, 0x65b2, 0x2a63, 0x379e, 0xa65a, 0x1db5, 0x5867, 0x83ca,
    0xb5ca, 0xafe7, 0x8ac1, 0xb273, 0x56f1, 0xc9a9, 0xb848, 0x61f1, 0xa6cb, 0xaba0, 0xd843, 0x00fa, 0xdb53, 0xad94, 0x7669, 0xb2f8,
    0xb684, 0x8508, 0xff5e, 0x0aa8, 0x7637, 0x1637, 0x6d8b, 0xa383, 0x2819, 0x17a7, 0x7e73, 0x2186, 0xca6a, 0x5036, 0x18bd, 0x9f5b,
    0x2132, 0xb77d, 0x0a8e, 0x134d, 0xa7c2, 0x411a, 0xc862, 0xb26d, 0x8703, 0x99ee, 0x548e, 0xda68, 0xf80d, 0xa05d, 0xf717, 0x89cd,
    0xfb51, 0xdeb5, 0xee23, 0xeedb, 0xcc34, 0xd058, 0xbecb, 0x14c0, 0xf959, 0x3913, 0x4eb0, 0x375e, 0x891e, 0x5754, 0x6db0, 0xc5a4,
    0x12ee, 0x3892, 0xf876, 0x9a44, 0x34c1, 0xf874, 0x3b42, 0x730d, 0x4d64, 0x3235, 0xbd73, 0x2e90, 0xe314, 0x6ccf, 0x1d4a, 0xd8a4,
    0x9e9b, 0xc966, 0x246b, 0x0cf4, 0x4310, 0xbc68, 0xbcc4, 0xb859, 0x89f3, 0x18f6, 0xedf1, 0xc0b8, 0x4bc9, 0x371e, 0x8b10, 0x9b2c,
    0xdd59, 0x7c24, 0xb954, 0x58e2, 0x0949, 0x0dbd, 0xf6c7, 0x324d, 0x8e44, 0xf784, 0xc9bb, 0x190a, 0x89ac, 0x8af9, 0xc0c8, 0x580d,
    0xb6b4, 0x4225, 0xeb0c, 0xca80, 0xea11, 0xec79, 0x713e, 0xb0f0, 0xb22a, 0x6e74, 0x76fb, 0xad2d, 0x83ae, 0xdbab, 0xeca8, 0xec92,
    0x5abc, 0x334c, 0x79f3, 0x08ba, 0x38a1, 0x8710, 0x28b1, 0xa6cf, 0x65f3, 0xd4eb, 0xf83e, 0x5d5c, 0xe130, 0x5af5, 0x0167, 0xe893,
    0xe1f1, 0xadfc, 0x52de, 0x3508, 0xd892, 0x5a97, 0x2e0f, 0x4905, 0xd25e, 0x5890, 0xcca1, 0x944b, 0xaa1c, 0x1912, 0x5645, 0xae5c,
    0xed66, 0x771b, 0x2f22, 0x0b61, 0xde17, 0x5282, 0x46d6, 0xaf1d, 0x78ba, 0x1d80, 0x8fbf, 0x6724, 0xe6e5, 0x24c9, 0x46f6, 0x92cc,
    0x469d, 0xda05, 0x34a3, 0x0228, 0x2ddf, 0xe8d0, 0x8d03, 0xf32c, 0xd2d4, 0x5e5b, 0x99b6, 0xb599, 0x406f, 0xab5a, 0xd3b8, 0xfd26,
    0x7fa8, 0xc89d, 0x95b3, 0x6a5a, 0x1d07, 0x4613, 0x0f0a, 0x51c8, 0xf2f0, 0x8c47, 0x9f1c, 0x49e4, 0xa024, 0x1888, 0x4145, 0x8743,
    0x9307, 0xfb4c, 0x3130, 0x8f69, 0x1141, 0x6141, 0x6fea, 0x49fa, 0x23de, 0x6ee6, 0x5110, 0xf8ad, 0xcff2, 0x3693, 0xb8d4, 0x1d74,
    0x83d1, 0x10e5, 0x327a, 0xd73d, 0x20bc, 0x1fd7, 0x871d, 0xbd59, 0x88e2, 0x445d, 0xfd1c, 0xc133, 0x1a3a, 0x4e41, 0xe821, 0x1e8b,
    0xfd89, 0xaed5, 0xb162, 0xe252, 0xb217, 0x75e6, 0x0098, 0x0ffb, 0xbdcc, 0xe143, 0x2d72, 0xed18, 0xe9f2, 0x46ce, 0xa16b, 0x7bd8,
    0xf439, 0xa0ff, 0x5243, 0xab99, 0x1c82, 0x85e3, 0xfcdd, 0x4868, 0x76e7, 0xd0c5, 0x4899, 0x309e, 0x6a7a, 0xc602, 0x7b63, 0xd92e,
    0x446c, 0xf9bf, 0xe5fc, 0xa880, 0x47a5, 0xc0dd, 0xb0d6, 0x2fc1, 0x20f1, 0x7484, 0x31b0, 0xca6a, 0x27c3, 0x501d, 0x7149, 0xace2,
    0x5328, 0x3200, 0x09de, 0xe903, 0x4ba9, 0x064d, 0x0610, 0x7189, 0x8142, 0x2498, 0xe858, 0xa3b4, 0xae2d, 0x67e5, 0x82ce, 0x5fc7,
    0xadfa, 0x491b, 0xc7c8, 0x3789, 0x113a, 0xc434, 0x3a7d, 0xbbd6, 0x559b, 0x4fb3, 0x289e, 0x7035, 0x2aac, 0xae92, 0x543c, 0x6d29,
    0xaaee, 0xe4f5, 0x3615, 0x390a, 0xf180, 0x171b, 0x8094, 0xdf3c, 0xf44e, 0x9ae3, 0x0b2b, 0xce0e, 0x0aaa, 0x03ea, 0xce42, 0x82d6,
    0x088f, 0x71ef, 0x17a1, 0x8cef, 0x5629, 0xe9fc, 0x9f55, 0xeecf, 0xec1e, 0x01dd, 0xa50e, 0x65fe, 0x9c0c, 0xa631, 0xbe20, 0xa12b,
    0x8de3, 0x42e8, 0x7bc9, 0xed2f, 0x5963, 0x165a, 0x9235, 0x6022, 0xa453, 0xf6ba, 0xa7e6, 0x0b30, 0xad40, 0x522b, 0x7583, 0x3b00,
    0xaa6f, 0xb151, 0x5e59, 0x4e45, 0x65cb, 0x843d, 0x2932, 0x2b3f, 0xfcc1, 0x821c, 0x01cb, 0xdb5c, 0x2d2b, 0x6317, 0x6ab7, 0x558f,
    0x164f, 0x3cf9, 0x47b5, 0xff17, 0xd691, 0x4a26, 0xa8c3, 0xeabd, 0xedad, 0x6325, 0x7d5b, 0x5eb2, 0xcb39, 0xf2b9, 0xd865, 0xa8bf,
    0x71fc, 0xac4b, 0xecb7, 0xc91e, 0x975f, 0xcd14, 0x69e2, 0xfbb2, 0x27da, 0x2f7d, 0x61a3, 0xa7e8, 0x9751, 0xf953, 0x5dd0, 0xbedd,
    0xe67c, 0x2c2e, 0xceb4, 0x1049, 0xc464, 0xe085, 0x7a0c, 0x9da7, 0xb49e, 0x733c, 0x1252, 0x7421, 0xa1ec, 0x6da1, 0x9eb5, 0x14b3,
    0xc56e, 0x6ff8, 0xdb91, 0xf307, 0x4a48, 0xe681, 0x3b3a, 0x12b4, 0x95bc, 0xd109, 0xaf6f, 0x4b20, 0x9be1, 0x64ee, 0xe346, 0x399e,
    0x28cd, 0xd192, 0x0d9d, 0x6a4e, 0x862d, 0xef8a, 0x03e2, 0xbf6e, 0x657e, 0x220a, 0xb59c, 0x9f10, 0x76a4, 0x32f5, 0xb844, 0xef67,
    0x9325, 0x715f, 0x0bb4, 0x6991, 0xe5c5, 0xdaa2, 0xbf02, 0x4adf, 0xf6b1, 0x95d8, 0x9df4, 0xeca4, 0x0418, 0x89fd, 0x8ee4, 0x4a67,
    0x8f81, 0x5641, 0xc931, 0xfec2, 0x8736, 0x7549, 0x8c11, 0xbe9f, 0xf49b, 0xd2a1, 0x7e10, 0xdb0c, 0x96b0, 0x9ac2, 0x5ce6, 0xd167,
    0x5170, 0x8d8f, 0x25f4, 0x724f, 0xd92f, 0x9b80, 0x5f10, 0xa6bd, 0x8308, 0x14fd, 0xa809, 0x5bf9, 0xa157, 0x3488, 0x3c82, 0x9dc2,
    0x54f5, 0x4b3d, 0x8e4b, 0x672f, 0x3ad4, 0x57cf, 0xa06d, 0x31ce, 0xde42, 0x5015, 0x4a79, 0xcba4, 0x576d, 0xe517, 0x0c69, 0x7b4c,
    0xfe99, 0x09a2, 0x9b19, 0xfacd, 0x9bd3, 0x0330, 0xcd2f, 0x50e0, 0xfb14, 0x4d83, 0x1079, 0x10bb, 0x4cdd, 0x18af, 0x0fde, 0x084d,
    0x3b6c, 0xa99f, 0xb1b8, 0xe51e, 0x1c58, 0x6529, 0x16c6, 0xd78b, 0x26c5, 0xcd6e, 0xc1a4, 0xbc6d, 0x1616, 0x3a11, 0x8e93, 0xd5a1,
    0x20f0, 0x92a1, 0xa3f9, 0x989e, 0xad02, 0xd3bd, 0x0333, 0x9bd6, 0xa727, 0xa672, 0xe21c, 0x2a69, 0xe808, 0xd272, 0x74d5, 0x868f,
    0x8d38, 0xd27e, 0x5042, 0x6230, 0xaf0d, 0x5368, 0x0cef, 0x965b, 0x5a7c, 0xe5c0, 0x526b, 0xa0ef, 0x380e, 0xa9a7, 0xf34b, 0xf0ef,
    0xc6ce, 0x3d9b, 0x4165, 0x894f, 0x940f, 0xb736, 0x42ee, 0x022f, 0x578f, 0xeee9, 0xefb8, 0x70a5, 0x5c1e, 0xe5ea, 0x1f37, 0x3d10,
    0x1cbb, 0x8ed5, 0x4ec7, 0x6fe5, 0x7e46, 0xc09c, 0xe8b3, 0x7cda, 0x8daf, 0x9c16, 0x3399, 0x14c1, 0x2a99, 0x2c03, 0x9248, 0x05d3,
    0x8679, 0x87a0, 0x3c2c, 0xb272, 0xe047, 0x3fad, 0x162e, 0x2679, 0x64a0, 0x5dec, 0xd426, 0x52f4, 0x9a70, 0xbf2a, 0x0ac6, 0x787a,
    0x4425, 0x0fd1, 0x59ff, 0x47dd, 0x1d4c, 0x32dd, 0x57e0, 0xc194, 0x5cb0, 0x5b89, 0x63fc, 0x5b70, 0x630c, 0xa127, 0x0b67, 0x74d9,
    0x7e46, 0x55c6, 0x2519, 0xa198, 0x28f8, 0xe736, 0x4ebe, 0xd349, 0xae9e, 0x9290, 0xf22f, 0xe8e8, 0x9c57, 0xb236, 0x7b69, 0xad3c,
    0xe5e2, 0xee68, 0xe6d2, 0xcb99, 0x2778, 0x1833, 0x5048, 0xc31c, 0xebc7, 0xf723, 0xaa63, 0x608d, 0x5eba, 0xd121, 0x467d, 0xc682,
    0x548a, 0xf50f, 0x550a, 0x8c4c, 0x0d74, 0x0fde, 0x0671, 0xfb2f, 0x9de6, 0x93e5, 0x74ac, 0xf210, 0x631d, 0xfb26, 0xfce1, 0x77fc,
    0x6c3c, 0x2bb2, 0x3208, 0x84ad, 0x4019, 0xc6af, 0x0fbd, 0x0802, 0xe74f, 0xa9f9, 0x959d, 0xb7a9, 0xa2e7, 0x6c0b, 0x734f, 0xab72,
    0x3788, 0x1a9f, 0xecb9, 0x5028, 0x350c, 0x03b4, 0x9f1a, 0xb8b5, 0x22c3, 0xd0fe, 0x4e60, 0xd5ff, 0xf80e, 0xbe0d, 0x62fe, 0x9d44,
    0xc976, 0x30c2, 0x4073, 0xa4a9, 0x1281, 0x7c5f, 0x1c11, 0x3ecf, 0x8393, 0x1715, 0x7c85, 0x9c4e, 0xbcf3, 0x09eb, 0x09b0, 0xfc36,
    0xdd94, 0xe37e, 0xd504, 0x72b5, 0x4f11, 0xf4c3, 0xc290, 0x4e68, 0xb58c, 0x20de, 0x3a2a, 0xa442, 0x6c84, 0x06f0, 0xc999, 0x099f,
    0x77f2, 0xcea7, 0xded9, 0x0528, 0x51f0, 0x5f60, 0x430c, 0x3e1c, 0x7ce8, 0x498b, 0x7de1, 0xf215, 0x4224, 0x2ada, 0xc96f, 0xb955,
    0x8507, 0xd4b1, 0xbebf, 0x217e, 0x12ce, 0xfd29, 0x628e, 0x26eb, 0x567e, 0xc2a8, 0xbacd, 0x146c, 0xd9c6, 0xc9e7, 0x9475, 0xd1a6,
    0x79ef, 0x3e77, 0xa210, 0x27aa, 0xb9cb, 0x7dac, 0x9a89, 0x046e, 0x179b, 0xb462, 0x8082, 0x4486, 0xcfca, 0x36e0, 0xba63, 0x0b64,
    0xf42d, 0xdb53, 0x22b2, 0x3219, 0x3f9b, 0x1ee5, 0xb8f7, 0xd4b9, 0x8dfe, 0x5d5f, 0x1b20, 0x860c, 0x6126, 0xe301, 0x6f71, 0x31e0,
    0x59cf, 0x212e, 0xe6f5, 0x35c1, 0x0d5c, 0xcd61, 0x804d, 0xb861, 0x1ff6, 0x32b9, 0x333b, 0xc736, 0x0b38, 0x7e13, 0x2c57, 0x42f0,
    0x7957, 0x4c6f, 0x41b2, 0x2219, 0x9cbc, 0x4418, 0x478f, 0x1271, 0x6c50, 0x0015, 0x6df2, 0x00b3, 0x2bf3, 0x1653, 0x4e4f, 0x8ee6,
    0x29cf, 0x7ff4, 0xd242, 0x010a, 0x17ea, 0x2c8f, 0x9a2e, 0xa87f, 0xea4c, 0x079d, 0x0cd5, 0x55b6, 0xa1bf, 0x387e, 0xb718, 0xd890,
    0xeac7, 0xe51c, 0x2488, 0x1708, 0xf98d, 0x3ec6, 0xd82e, 0xc299, 0x89c5, 0x21e0, 0x8e0a, 0x33f3, 0x6b7f, 0x0fe5, 0x6ce7, 0x7543,
    0x844c, 0xcbc8, 0x50d7, 0x0308, 0xaccd, 0x6141, 0xd601, 0x4b56, 0x52f7, 0xde11, 0x4c28, 0x7394, 0x48a9, 0x8635, 0x3a7e, 0x6ccb,
    0xa6e4, 0xca5e, 0x9c0b, 0xde76, 0x2d5c, 0xc8fd, 0x7ca3, 0xefc6, 0x06b0, 0xa1cb, 0x1e47, 0x7751, 0x5921, 0x63c4, 0x4f0c, 0x9983,
    0x8b90, 0xddc7, 0x1778, 0x5d54, 0xa750, 0x198e, 0x6989, 0x3f7d, 0xbe3a, 0xc931, 0xf801, 0x4c5d, 0xbd4c, 0x6f4b, 0xde4b, 0xc83d,
    0x93e6, 0x8957, 0x4104, 0xedfd, 0x176f, 0x84dc, 0x8eb8, 0xcc84, 0x8b60, 0xc6e6, 0x896e, 0xca6a, 0x3618, 0x8e0d, 0xc07d, 0xd843,
    0xe9f1, 0xf6f4, 0xa302, 0xd96f, 0xead0, 0xeb79, 0xd2a3, 0x4b7a, 0x186d, 0x440c, 0xdf2d, 0xb3a6, 0xc4f8, 0xe3c6, 0x1262, 0xdb65,
    0x2036, 0x1708, 0x744a, 0x6325, 0x9f1c, 0xfc6a, 0xb03f, 0xb36c, 0x4824, 0x4045, 0x0255, 0xd4c8, 0x4bc7, 0xf2c3, 0xd520, 0x3603,
    0xd1b8, 0xc06d, 0x3838, 0xe901, 0x628a, 0x5522, 0xd717, 0x5de3, 0xd5de, 0x31a9, 0x9885, 0x24fa, 0x2cf8, 0xbbbe, 0x8e81, 0xbee4,
    0x420f, 0xd085, 0x5eaa, 0x0378, 0xb3be, 0xa1ab, 0xcb14, 0x2702, 0xf551, 0x24f0, 0x83cc, 0xe5f7, 0xeb75, 0xddfd, 0xe8bb, 0xdf5f,
    0xfd38, 0x4b38, 0xe3f2, 0xa586, 0x01d8, 0xbc91, 0x84b3, 0x8d4d, 0xf2d6, 0xdd26, 0x82cf, 0xc3ed, 0xcaa3, 0xb73d, 0x5288, 0xb33e,
    0x77cc, 0x7ae1, 0xf0f1, 0x3c94, 0x4c91, 0xcec7, 0x10f8, 0xd1d8, 0xd336, 0xf3f6, 0xd0a5, 0xf58c, 0x6e6f, 0x83c9, 0x9f1a, 0x28e1,
    0xaec3, 0x1064, 0x7b02, 0xd091, 0xc411, 0x6fd2, 0x3154, 0x183d, 0xf3b0, 0xf988, 0xc4de, 0x5c11, 0x7b40, 0x7e61, 0xa637, 0x210d,
    0xc7b5, 0x4327, 0xe3f6, 0x23fb, 0x68f8, 0xc5bb, 0xfbbe, 0x8688, 0xaa18, 0x9474, 0x73a6, 0xa31b, 0x3608, 0x003b, 0xe413, 0x8f1a,
    0xb0a8, 0xf107, 0x9a2e, 0xd3bd, 0xac74, 0xa4ff, 0x7ab9, 0x654d, 0xe4b5, 0xa1e2, 0x4d8a, 0x60ec, 0x242b, 0xa122, 0x196b, 0x98d9,
    0xc022, 0xbe6b, 0xb882, 0x774a, 0x1032, 0xb09f, 0x4d3b, 0x3f9c, 0xca53, 0x5575, 0xbfa4, 0x3631, 0xab8c, 0x5761, 0xeb72, 0xb69f,
    0x5532, 0x3632, 0xa64d, 0xc08f, 0xc65c, 0x7a21, 0x46bb, 0x030a, 0x5a37, 0x5948, 0xd398, 0xee12, 0xb2ac, 0x97a2, 0x83ee, 0xd336,
    0x7760, 0xe9bc, 0xb76a, 0x9c06, 0x519c, 0xa185, 0x0f38, 0x1fa1, 0x0c34, 0xee01, 0xcf74, 0x9e55, 0x4059, 0x7542, 0x3110, 0x6bf4,
    0x76bc, 0x90ea, 0xcc33, 0x509b, 0x2519, 0xf549, 0xc32d, 0xa7f9, 0x708e, 0x0abf, 0xd5de, 0xc71c, 0x1c11, 0xc1f2, 0x0591, 0xb0ae,
    0x8bc1, 0x2a28, 0xf17e, 0x9fc3, 0x447f, 0x9273, 0x938d, 0x712b, 0xd007, 0x7d30, 0x85e3, 0x7322, 0x6db4, 0x2df7, 0x78b3, 0xa3b8,
    0x7785, 0x1a51, 0x00a4, 0xe573, 0xe3f8, 0x0487, 0x65d9, 0x32bf, 0xcbf7, 0x0969, 0x9b24, 0x5795, 0x5dae, 0x6817, 0x0628, 0x39d8,
    0x2396, 0x4cc3, 0x3f88, 0x381b, 0x0829, 0x658b, 0x7404, 0xa6c9, 0xfe21, 0x8a0e, 0x8dbc, 0xf427, 0xb4e6, 0x3d97, 0xce27, 0x7a70,
    0x41f1, 0x5363, 0x0081, 0x889e, 0x264d, 0x7dec, 0xec93, 0xa9d6, 0x98d4, 0x1043, 0x3246, 0xb30a, 0x7cd1, 0xba29, 0x357b, 0x9f43,
    0xed26, 0x8697, 0x4260, 0xc289, 0xc3f6, 0xe4c5, 0x9270, 0x5b09, 0x06d1, 0x03ad, 0x59d9, 0x08f0, 0x9f4c, 0x4820, 0x854b, 0x34af,
    0x483f, 0x2541, 0x5086, 0xebbc, 0x175e, 0x1f8c, 0x5d23, 0x3be5, 0x8b67, 0x426c, 0x720b, 0x950d, 0x86c8, 0xd037, 0x8b5c, 0x397e,
    0x1ecb, 0x74ba, 0x62d2, 0x44ad, 0xa72b, 0xc243, 0x18a2, 0x507c, 0xe267, 0x411e, 0x24ff, 0x4111, 0xbe30, 0xd9b0, 0x39e6, 0x3f07,
    0x84c8, 0xe0f0, 0x3d90, 0x6851, 0xea85, 0x8f70, 0x0561, 0x3f6a, 0xe00a, 0x2aee, 0xf946, 0x6131, 0x90e6, 0xaa53, 0x479e, 0x8918,
    0x76cd, 0x1c3b, 0xd1aa, 0x6c12, 0xe91f, 0x980c, 0x7867, 0x71b7, 0x112b, 0x0172, 0xf203, 0xd412, 0xaae4, 0x6652, 0xcfc8, 0x2e04,
    0x79df, 0x3f83, 0xdc6f, 0xffec, 0xdb11, 0x5ba9, 0x7b21, 0x32f8, 0x5b0f, 0xbcd4, 0x2eca, 0x22fa, 0xb885, 0x307f, 0xf218, 0x369f,
    0x3b86, 0xea24, 0x87bf, 0x8e45, 0xc919, 0xe838, 0x6b90, 0xd140, 0x9b7b, 0x6bb3, 0x8bb7, 0xa18e, 0x06b7, 0x4a19, 0x72c3, 0xbe3c,
    0x31ca, 0x620a, 0x09f1, 0x5c20, 0x2c56, 0xfa45, 0x9c28, 0xbd24, 0x48bc, 0x5335, 0x4163, 0x8e04, 0x22e6, 0x32dd, 0x5a89, 0x12ab,
    0x3b38, 0xb391, 0x45de, 0xa8e0, 0x8e72, 0x1cd0, 0xf3ed, 0xa9ad, 0x119f, 0x0ef5, 0x84ea, 0x310a, 0x7afe, 0xc90a, 0x96a6, 0xd438,
    0x3edf, 0xd198, 0x6ae1, 0xce83, 0x2993, 0xc960, 0x8e4b, 0xac79, 0x7d6c, 0xb11b, 0x27e2, 0xfdde, 0xfd5b, 0x6973, 0x98ce, 0x15c1,
    0xcc42, 0xb584, 0x94d4, 0x616e, 0x886e, 0x87ea, 0x5b4c, 0x5d93, 0x8be6, 0xe248, 0x3869, 0xb222, 0xb8f9, 0x0f49, 0xf740, 0x7c90,
    0xbb6e, 0x7f39, 0x6c16, 0x509a, 0x2629, 0x0efc, 0xbf5d, 0xf78f, 0x5561, 0x019f, 0xa117, 0x7611, 0x7d3f, 0x7453, 0x0cb3, 0x607c,
    0xcce8, 0x9515, 0xc57a, 0x0579, 0x0e6c, 0x6396, 0x337f, 0x777b, 0xaaa5, 0x44ba, 0xc908, 0xfc5e, 0x7a0b, 0x30d6, 0x9862, 0xebcd,
    0x49c4, 0xc402, 0x4259, 0x83ff, 0x7d62, 0xf932, 0xe52a, 0xbceb, 0xb4f8, 0xd7c7, 0x33d4, 0xa234, 0xdfd4, 0xdb8e, 0x5e08, 0x3b5e,
    0xa388, 0x5f55, 0xf097, 0x8a96, 0x7fb4, 0xd1d9, 0x5658, 0xa9f4, 0x9626, 0xfd62, 0x218f, 0x8f53, 0x7f77, 0x29c7, 0xc5dd, 0x7e82,
    0x143a, 0x60f7, 0xea87, 0xb235, 0x928f, 0x9e08, 0xfd86, 0x4325, 0x087e, 0x2ea9, 0x2ee3, 0xd5d9, 0x6a6d, 0x0f3b, 0x7c99, 0x1708,
    0x3e62, 0x894d, 0xf700, 0x8e55, 0x4396, 0xdccd, 0xe5a5, 0xcf92, 0xfec1, 0x3b44, 0xf4de, 0x9284, 0x9295, 0xde2c, 0x1379, 0xb944,
    0xcd0c, 0x7f3d, 0x295d, 0xccdf, 0xd0fc, 0xfb9c, 0x4e38, 0xf8cb, 0x443c, 0x6956, 0xa91b, 0x0c86, 0x6a64, 0x6758, 0xa040, 0x8bfb,
    0x13cf, 0xf016, 0x817f, 0x5649, 0xc962, 0x7682, 0x4b36, 0xeae2, 0x1cbc, 0x957c, 0xbdb2, 0xd593, 0x84b3, 0x1a0d, 0x5d19, 0x4896,
    0xaea2, 0xafce, 0x8bb7, 0x6d81, 0xabfd, 0xf7f1, 0x651e, 0x746a, 0xe48c, 0x52d9, 0x8148, 0xe9d3, 0x34fb, 0x2406, 0x48c2, 0x5ad9,
    0x221a, 0xd8ba, 0x00ec, 0xcff6, 0x8871, 0x78fd, 0x38e0, 0x2675, 0xb072, 0x0b11, 0xbeeb, 0xd005, 0x2f1f, 0x9186, 0xc679, 0x0114,
    0x7b3d, 0xebc8, 0x6669, 0xd5aa, 0x9ee0, 0x6126, 0x17f7, 0x749a, 0xedb5, 0x1e48, 0x5e39, 0xb951, 0x278b, 0x6d4f, 0x3df9, 0x6c1e,
    0xef98, 0xf04e, 0xae0e, 0x90fd, 0x0001, 0xa661, 0xa864, 0xd4e1, 0x0225, 0x0318, 0x0351, 0xa167, 0x7330, 0xe09d, 0xbb75, 0xdf47,
    0x7d33, 0x9435, 0xd638, 0xeeeb, 0x2cfc, 0xed36, 0x84a0, 0xdfe2, 0xec0d, 0x66ac, 0xaec3, 0x6e88, 0xa766, 0x533f, 0x8faa, 0xd065,
    0x8a95, 0x4bdc, 0x89c1, 0xd6e0, 0xb775, 0xa8aa, 0xdba6, 0x70ab, 0xe236, 0x4c9f, 0x5db3, 0x1159, 0x3a25, 0x8b6d, 0xefd6, 0x07c5,
    0x86d0, 0x7226, 0xbffd, 0x4ad8, 0xe195, 0x3a44, 0x10e7, 0xc4d2, 0xf3e4, 0x2f16, 0xa9b5, 0xa50b, 0x21d6, 0xcde9, 0x95b3, 0xc035,
    0x896a, 0x6876, 0x5ccb, 0x8738, 0x3e10, 0x11fa, 0x5c65, 0x9c6d, 0xa8e0, 0x1ebc, 0x68e1, 0x8f5c, 0x7560, 0xfdfc, 0x5f75, 0xc715,
    0xf268, 0xb6ae, 0xd080, 0x22ff, 0x5004, 0xce55, 0x6a99, 0x5a04, 0xa186, 0xe29a, 0x4dde, 0xa06d, 0x0c2f, 0xbd62, 0xefd7, 0x9c2d,
    0x0a5b, 0x2b30, 0xb7fc, 0x2f95, 0x2b24, 0x5c57, 0xfc7c, 0x22af, 0x368d, 0x186f, 0x87b3, 0x3300, 0x1e2c, 0x8c5c, 0x4e18, 0x91d0,
    0xa248, 0xfad8, 0x7c9a, 0x58ed, 0x139a, 0x1779, 0x878b, 0xfdfc, 0x1946, 0x544f, 0x6205, 0x4c42, 0xe3bb, 0xe9b2, 0x85eb, 0xecd2,
    0xb3bb, 0xe113, 0xf428, 0x0582, 0x1e02, 0xe9d4, 0xd5b3, 0xf605, 0xf379, 0x40da, 0xe4ef, 0xbbe2, 0x35cf, 0x72a6, 0x4790, 0x0486,
    0x00c0, 0x3fbd, 0x010d, 0x763c, 0xcf95, 0x6bd3, 0xa57e, 0x3756, 0x0772, 0xbf33, 0x750c, 0x3c0d, 0x2dd5, 0x02ed, 0x87c1, 0x62b8,
    0xb3de, 0x3f32, 0x3225, 0xe688, 0xbe04, 0x0476, 0x49e5, 0x3101, 0xcff8, 0x0705, 0x736b, 0x9183, 0xc5a6, 0xd4db, 0x1fb5, 0xe3bf,
    0x0023, 0xee5f, 0x62ba, 0xac6c, 0x2f5f, 0x0958, 0x4a55, 0xb49b, 0xa059, 0xc664, 0xddb2, 0xab68, 0x77c4, 0xa123, 0x6d28, 0xd66a,
    0xc115, 0x62a1, 0x5ab6, 0x5849, 0xba66, 0xde62, 0x02d6, 0x1630, 0x445f, 0x41fe, 0xedf5, 0xc37a, 0xdf00, 0xbf13, 0xf250, 0x1c12,
    0x1abf, 0xd7d8, 0x6e69, 0xd518, 0xe638, 0x1625, 0x43d7, 0x4c58, 0xa052, 0x74ea, 0xbad5, 0x7de1, 0x56d4, 0x4467, 0xf5ed, 0x487e,
    0x19af, 0xd066, 0x1eb4, 0x8846, 0xca89, 0x9197, 0xf25c, 0x1021, 0x50fd, 0x30d8, 0xd75d, 0x0959, 0x9b24, 0x255f, 0x233a, 0xc202,
    0x52ec, 0x3532, 0xb8ea, 0x71d1, 0xaf76, 0xa046, 0xa7d8, 0xfd1e, 0x4ba7, 0x3dde, 0xf336, 0x3f0b, 0x6860, 0x54c2, 0x29e3, 0xe185,
    0x83ef, 0x75a4, 0xf6e6, 0x4c1b, 0xadb6, 0x202e, 0x5246, 0xb168, 0x7e1b, 0x7aa5, 0x7a72, 0xc2b0, 0x1b67, 0xe3d1, 0x5e31, 0x1239,
    0x32e7, 0xa785, 0x9f0c, 0xac1c, 0x4e6e, 0x9dcc, 0xd425, 0xed83, 0x6ea9, 0xfc48, 0x35b1, 0x226e, 0x51b1, 0x2249, 0x58d9, 0xf206,
    0x4e3d, 0xa752, 0x2428, 0x214e, 0x2b3f, 0x7430, 0xa465, 0xb48d, 0xdc12, 0x2e71, 0xea07, 0xf707, 0x891e, 0xbe6e, 0x9717, 0x7131,
    0xcd0b, 0x37e1, 0x459c, 0x559d, 0x8e58, 0xecd3, 0x6e88, 0x6c19, 0x5da6, 0xf33a, 0xf911, 0x03a3, 0xc01b, 0xe507, 0x1aa1, 0xf294,
    0x4ed9, 0x2290, 0xaf46, 0x2d70, 0x1273, 0x5fb3, 0xb286, 0xfc30, 0x0329, 0xc34e, 0x00e8, 0x55f5, 0x1592, 0x6154, 0x09b4, 0x6b80,
    0xbbae, 0x5747, 0x9978, 0xe7c7, 0x42ab, 0x5355, 0x64df, 0xef63, 0xf4ee, 0xcdc8, 0x7c26, 0x6636, 0x68ea, 0xbd14, 0x4f07, 0x83c5,
    0xe415, 0x0c6a, 0x690d, 0x3e15, 0x3aa4, 0x9cbf, 0x8e81, 0x92c9, 0x13be, 0x184a, 0x61e9, 0x370c, 0xfa13, 0x608a, 0x39d7, 0xb5b9,
    0x2114, 0xdedc, 0x4f5d, 0x8447, 0x4691, 0x7f76, 0xecea, 0x15fd, 0x98d6, 0x9efd, 0xc5c1, 0x75b5, 0x0970, 0xb27c, 0x1dda, 0x6e2c,
    0xf43e, 0xf1f4, 0xea4b, 0xc8cd, 0x831a, 0xcd72, 0x9219, 0xab00, 0xb612, 0x7478, 0x77da, 0x99d3, 0x77f6, 0x3824, 0xf352, 0x2c6b,
    0xa796, 0x0fa1, 0xe426, 0xf49f, 0x7d6e, 0x073b, 0x8485, 0xa670, 0x35ad, 0xe1e5, 0xa4b9, 0x05a8, 0x6705, 0xb547, 0xf6f9, 0xa245,
    0xedb2, 0xc837, 0x93d2, 0xeb29, 0xd32f, 0x7bd2, 0x5f27, 0x9f5c, 0x1a78, 0x86ea, 0x7583, 0x25e5, 0xd885, 0x4c2f, 0x49fa, 0xd420,
    0x8181, 0x92ac, 0x9c9d, 0xaa64, 0xd289, 0x68bc, 0xf178, 0x8f52, 0x3fbf, 0x799e, 0xafd1, 0x91b5, 0x4ee6, 0x9d97, 0x9216, 0x38c0,
    0xc6a6, 0xec50, 0x8e72, 0x6ab6, 0x1a30, 0x19ee, 0xdf7b, 0xf265, 0xf948, 0x66a8, 0x55be, 0x2acb, 0x6d14, 0xe8bf, 0x9994, 0xd96f,
    0x6929, 0x7909, 0x859f, 0xbf19, 0x3944, 0x09f5, 0x41a4, 0xe727, 0xb360, 0xb12a, 0x45e0, 0x3d5d, 0x9674, 0x2b6b, 0xef22, 0x720b,
    0xfd8b, 0x233c, 0xcb01, 0xb501, 0x4f6c, 0x01d7, 0x44e4, 0x4eb3, 0x92cd, 0x92c5, 0xdb56, 0xa015, 0x8ef3, 0x41de, 0x85fc, 0x90e2,
    0xa0d9, 0x3bc7, 0x73f3, 0xf45b, 0xacd7, 0x3912, 0xcabe, 0xec93, 0x14dc, 0x3ba1, 0x8db7, 0xd42f, 0x1af8, 0x06de, 0x55d9, 0xb6ca,
    0x989c, 0x9a12, 0x024b, 0xdf9d, 0x7235, 0x75a2, 0x092e, 0x86d6, 0xaf54, 0xf25b, 0x911a, 0x255c, 0x9f6e, 0x73a5, 0xfaf7, 0x7713,
    0xf2e0, 0xbc00, 0x0465, 0xb3b9, 0x30a3, 0x2c0f, 0x2aac, 0x0612, 0x7089, 0x3411, 0x7622, 0xc9c0, 0xc1c3, 0xbff6, 0x5611, 0x9789,
    0x262d, 0xe5ee, 0xb519, 0xa81e, 0x89d0, 0x9f5a, 0xee2e, 0x955b, 0x9f33, 0xd46c, 0xc9de, 0x0222, 0x07db, 0x821c, 0x2c5c, 0x3089,
    0xb18f, 0x42bd, 0x9bc9, 0x0ebf, 0xcfee, 0x0105, 0x4734, 0xc240, 0x5aaf, 0x1d85, 0xb5f4, 0x39a0, 0x782a, 0xcecb, 0xc797, 0xccda,
    0xbc8f, 0x03d4, 0x2c45, 0x7412, 0xa59f, 0x9111, 0xfdb3, 0x9cd4, 0x3ab9, 0xf00e, 0xa072, 0x25fb, 0x398a, 0x5953, 0x95f9, 0x89d4,
    0xb738, 0x810e, 0x66f2, 0xbefe, 0x9e11, 0xbe00, 0x4e27, 0xd7ac, 0xef9f, 0xe31b, 0xcbf9, 0xe760, 0x336e, 0x936f, 0xca3f, 0x3749,
    0xfa13, 0x58d3, 0x789f, 0x5103, 0xdce9, 0x44d7, 0x898a, 0xe7d4, 0xe230, 0x644f, 0xf7a7, 0x287b, 0xadc4, 0xcd5e, 0xfb9f, 0x778c,
    0x662c, 0x9001, 0x5aab, 0x2609, 0xb652, 0x5116, 0xb556, 0x24e0, 0xd3b2, 0xd7d1, 0xff09, 0x3e89, 0xf0f2, 0x55e9, 0xc5d4, 0xdf6a,
    0x0508, 0xb201, 0x72ee, 0xf486, 0x4efd, 0x9cb9, 0x2b89, 0xe8e1, 0x7df2, 0xb840, 0x7a46, 0x4934, 0xe5e0, 0x9a4c, 0x691e, 0x1636,
    0xa8b7, 0xf0ad, 0x33c5, 0x4d6e, 0x3c0a, 0x904a, 0x3a96, 0xb06f, 0x3331, 0xb6c4, 0x5deb, 0x52b5, 0xb5f4, 0x4651, 0x6a2d, 0xf5c6,
    0x8bc1, 0x4468, 0xbc0a, 0xbc29, 0x232d, 0x62cc, 0xc57a, 0x3a95, 0x7e45, 0xdaf6, 0x9b1e, 0x6fb6, 0x6b25, 0x6433, 0x3241, 0xaa6d,
    0xf128, 0x8c1c, 0x7710, 0xe6bd, 0x5a82, 0x39c1, 0xe3aa, 0xa8ed, 0xc26b, 0xa2fe, 0xbf77, 0xdf68, 0x8fd7, 0x7cad, 0xaf17, 0xd2f3,
    0xc487, 0xad21, 0xbcba, 0xad83, 0x88c5, 0x491c, 0x812d, 0x9f7e, 0xdb7c, 0x237c, 0x950a, 0x2b87, 0xceee, 0xb712, 0xf2e1, 0xa0b3,
    0x39dc, 0xb35d, 0x7163, 0x4b81, 0x4511, 0xf376, 0xfe6e, 0x64e7, 0xbdb6, 0x278f, 0xc279, 0x483c, 0x93db, 0xf91c, 0xd45c, 0xf782,
    0x6dae, 0xf138, 0xa5d6, 0x7624, 0xb713, 0xe9c1, 0xd072, 0x022e, 0x15e8, 0x50e0, 0x6ad8, 0xb43c, 0xaa87, 0x0709, 0x8ec4, 0x8da8,
    0x0511, 0x1f88, 0x3783, 0x7d51, 0x3700, 0x4b84, 0x20b1, 0x62ea, 0xe95a, 0x378b, 0xcdc0, 0x98bb, 0xdf5a, 0xa39f, 0x61d6, 0x0c00,
    0xcd87, 0x7db9, 0x7030, 0x6b8e, 0xed78, 0xc6bb, 0x6d25, 0x7526, 0x35e0, 0x8a32, 0xe74d, 0xe96c, 0x9f3c, 0xb025, 0x31c1, 0x2dd8,
    0x5d1f, 0xf1a5, 0xa645, 0x25bc, 0x73a3, 0xb7f8, 0x283b, 0x498a, 0x91ac, 0x2e00, 0x101c, 0x8479, 0x979f, 0x4c50, 0x2750, 0xe0f8,
    0xb265, 0x27b2, 0xdc93, 0x8b5a, 0x732e, 0x4a31, 0x58ff, 0x3311, 0xcba2, 0x5e8c, 0x9d42, 0x529f, 0x5666, 0xf66a, 0x4faf, 0x65c4,
    0xd45c, 0xb2c2, 0x627e, 0x964b, 0x464d, 0x96de, 0x3ae6, 0xe753, 0x8afd, 0xcdfd, 0x805f, 0x6708, 0xe9fb, 0xab38, 0x3c96, 0x6f0b,
    0x728e, 0x2c3e, 0x73d1, 0x7b17, 0x9798, 0xc615, 0xdde9, 0x9e60, 0xef92, 0xc4f1, 0xe788, 0x1f68, 0x8149, 0x05fb, 0xa447, 0x4214,
    0x8509, 0x53fe, 0xd8f2, 0xc89c, 0x0243, 0x2e55, 0xc678, 0x32dd, 0x3199, 0x4295, 0xdd55, 0x43f5, 0x0bba, 0x6072, 0x017d, 0xd6b5,
    0xec5b, 0x3061, 0x86b8, 0x8854, 0xb1f6, 0x7496, 0x8d99, 0x41c5, 0x41ee, 0x1c7d, 0xe8e9, 0x2756, 0xd93f, 0xf2db, 0x3370, 0xf742,
    0x1189, 0x2e53, 0x3e81, 0x5e30, 0x02e1, 0xac5a, 0x80c9, 0x4aae, 0x69d5, 0x1ed2, 0xadd3, 0xc6ce, 0x3a33, 0xf402, 0x1dd5, 0x608f,
    0x8619, 0x4135, 0x2e1b, 0xa8a7, 0x21a3, 0x77ad, 0x41fd, 0xcfad, 0xeb18, 0x2c33, 0x8c38, 0xe9fd, 0x1f8f, 0xb920, 0x48ef, 0xe1ec,
    0xa41c, 0x02e4, 0x8fe8, 0xa0a5, 0xab6b, 0x270a, 0x67a9, 0x755b, 0x9ffa, 0x5dcc, 0x40a6, 0x4325, 0xbab2, 0xd600, 0x816c, 0x7d2d,
    0x2e19, 0xd3c2, 0x4ac7, 0x799b, 0x4dea, 0xd975, 0x1ccc, 0x22c1, 0x9b50, 0x232e, 0x8444, 0x8ee7, 0x1d94, 0x3cd5, 0x7896, 0x869c,
    0xef1a, 0xfab9, 0x9204, 0x8181, 0x673d, 0x9c72, 0xc0de, 0x2174, 0xc862, 0x6288, 0xaca3, 0xb485, 0xda8d, 0x5e72, 0x641a, 0xc511,
    0x5aad, 0xc51c, 0x858c, 0x40be, 0xa61d, 0x8bfa, 0x87e0, 0x3d86, 0x8af3, 0x9875, 0x4be5, 0xe5a7, 0xa493, 0x4a0d, 0x9e37, 0x91e0,
    0x2cd7, 0xa6db, 0xd1a8, 0x9a53, 0xa9a4, 0xf29c, 0x1a48, 0xe584, 0x5f59, 0xf81a, 0xd09c, 0xbe80, 0xef0e, 0xcd70, 0x45a2, 0xf8e0,
    0x0a1e, 0x5a54, 0x4f3f, 0xeba4, 0xa18a, 0x6951, 0x350c, 0x4a8d, 0x7a4d, 0x8b1d, 0x25e0, 0x65cb, 0x8de5, 0x94da, 0xdd98, 0xd858,
    0x1f8f, 0x006e, 0xa398, 0x2cb0, 0xedf0, 0xf79a, 0x49ab, 0x8025, 0x6926, 0x519d, 0x5352, 0xacb0, 0x5584, 0x4b0d, 0xedd9, 0x011b,
    0xc2be, 0x407b, 0xe0a8, 0x0fdc, 0xbf81, 0x3385, 0x1e16, 0x9c6f, 0xb1a3, 0x623c, 0x1d08, 0x2ee6, 0xbad4, 0xb948, 0xa298, 0x5680,
    0x11ab, 0x686d, 0x24b1, 0x2225, 0xb76d, 0x6186, 0x6cd6, 0xd7e6, 0x721e, 0x0a19, 0xa39b, 0x729f, 0x7340, 0xe753, 0x6c92, 0xee57,
    0x92de, 0x8c9f, 0x3a99, 0xeaf9, 0x8755, 0x94a4, 0x84db, 0xada7, 0x015a, 0xecd3, 0x042e, 0x0887, 0x14b3, 0x3b69, 0xa0ff, 0x30ef,
    0xd56d, 0xa7f1, 0x39b9, 0x0c46, 0x916b, 0xce66, 0xe99f, 0xfb4d, 0x8e98, 0x249a, 0xf850, 0xabd7, 0xb595, 0x9a4f, 0x199c, 0xf91d,
    0x10d6, 0xbbce, 0x25e4, 0x6284, 0x8853, 0x1ec5, 0xf322, 0x20dc, 0xc1af, 0x6200, 0x7625, 0x6240, 0x8ccf, 0x874d, 0xd49f, 0xb433,
    0xc52a, 0xf00e, 0x8f7e, 0x24a3, 0x0f3a, 0xc450, 0x6dd2, 0x20f5, 0x5add, 0x0c34, 0x503c, 0x9bed, 0x91d2, 0x4419, 0x94c6, 0x8205,
    0x5aef, 0xb317, 0x335e, 0x0411, 0x59cd, 0x4bf9, 0x3ab8, 0xc096, 0xd2f5, 0x60d1, 0xd5b4, 0x539d, 0x1c7c, 0xf103, 0x8147, 0x54e4,
    0xc32f, 0xd9ca, 0x9adc, 0x4cc5, 0xcc31, 0xb148, 0xef46, 0xa760, 0xfb40, 0x93f5, 0x722b, 0x2e73, 0x8543, 0xacc0, 0xc5df, 0x119e,
    0x1774, 0xbf8e, 0xbbcf, 0x052e, 0x9b13, 0x7e46, 0x7578, 0x7f61, 0x9d88, 0xf049, 0x4db9, 0x9c2a, 0xc507, 0xb49d, 0x32c4, 0xaf8a,
    0x39cd, 0x663f, 0x9899, 0x0e41, 0x6b9d, 0xeb6d, 0xabc4, 0x152b, 0x1c13, 0xf6f2, 0xecef, 0xf6f8, 0x153a, 0x8452, 0xdcb6, 0x5878,
    0x74bc, 0x9644, 0xe00c, 0x4371, 0xf372, 0xffc4, 0x0528, 0x77d0, 0x11ae, 0x7f88, 0xd0f9, 0xa381, 0x8fc4, 0xf626, 0xbcea, 0x88bb,
    0x1b4f, 0xfe7c, 0x8d86, 0x9aa8, 0x98c5, 0xb0c5, 0x2920, 0x18e2, 0xf19d, 0xd837, 0x175d, 0x3106, 0xcf0e, 0x62d9, 0x5126, 0x2f1a,
    0x291a, 0x5442, 0x88e5, 0x4460, 0x123d, 0x0280, 0x939d, 0xec72, 0xa7b6, 0xe598, 0x1a44, 0x7930, 0x8dfe, 0xc1b3, 0x3b8c, 0xcd01,
    0xe20e, 0x738b, 0x4676, 0xcb8e, 0x0702, 0x276c, 0x3523, 0x8914, 0x3839, 0x42d6, 0x1040, 0xc032, 0x4807, 0xc86f, 0xe2ec, 0x9626,
    0x72cf, 0x7ea5, 0x6724, 0x3594, 0xaec5, 0xa084, 0x12b0, 0x47d3, 0x5ffa, 0x6184, 0xac71, 0xd4c1, 0xd90a, 0x0b53, 0x1273, 0x90ee,
    0x9056, 0xfe7d, 0x583b, 0x2275, 0x71aa, 0x5d5d, 0xe5aa, 0x644e, 0x3437, 0xa9d5, 0xbe6c, 0x300c, 0x1d77, 0x1d21, 0x99e4, 0xb61f,
    0x183a, 0x026e, 0xf39c, 0xec9d, 0x8851, 0xdbf4, 0xbc15, 0x1c95, 0xc2b6, 0x9a6b, 0xd245, 0x15ce, 0x922d, 0xaf19, 0xed73, 0x1113,
    0xb07b, 0x405f, 0x1fa3, 0xc8f7, 0x9bfc, 0x48bb, 0x9878, 0xd12a, 0xb1d6, 0xe859, 0xd0a4, 0xb427, 0xf4ab, 0xb0fb, 0xc5de, 0xdf95,
    0x67a7, 0x34b4, 0x6f24, 0xe701, 0x6641, 0x9ec9, 0x11bb, 0x2530, 0xe051, 0x9f49, 0x9e9d, 0x43dd, 0xe2c6, 0x7110, 0xc05b, 0xb1fe,
    0x54c6, 0x424e, 0xc175, 0x90a9, 0x5152, 0xc794, 0xf360, 0x1e30, 0x0577, 0x4160, 0xbdcb, 0x2810, 0x7af9, 0xbc10, 0xfea8, 0x8b1a,
    0x3766, 0xd286, 0xe282, 0x4a58, 0x17db, 0xbb1c, 0xdd63, 0x443f, 0x5112, 0xe73c, 0xec43, 0x0e7f, 0xfc1d, 0xfd48, 0xc6fb, 0x0042,
    0x178c, 0x754d, 0x2a92, 0xf30e, 0x6500, 0x9fed, 0xe438, 0xc1ed, 0x0b6b, 0x5ffc, 0xc4a8, 0x0f52, 0x65ad, 0x5e72, 0x2411, 0x5943,
    0xe5c4, 0x00f7, 0x1e8d, 0xe430, 0x7471, 0xeaff, 0x30e1, 0x8451, 0x3547, 0x514d, 0x5e0a, 0xcd46, 0x1787, 0xe7ce, 0x8527, 0xb06c,
    0x1b19, 0xb270, 0x0fbc, 0x11c3, 0xb248, 0x7fe6, 0xa0c7, 0x5b00, 0x27f4, 0x5747, 0xec07, 0x9585, 0x721a, 0xa028, 0x5df0, 0x1297,
    0x5916, 0x4d13, 0xbc0e, 0x2a1d, 0x5b4e, 0xd085, 0x65fd, 0x17fa, 0x3541, 0x248b, 0x5ec1, 0x7fc0, 0x764f, 0xacba, 0xc6a9, 0x9f0e,
    0x09c3, 0x3ac6, 0xedcd, 0xb64a, 0x1c8c, 0xfd7d, 0xa6e5, 0xafe4, 0x476f, 0xa245, 0x02be, 0x8e33, 0x658a, 0x7150, 0x1c08, 0xa7ad,
    0xffa7, 0xabeb, 0x1bdd, 0x39ac, 0xb3c3, 0xf5b9, 0x1e8f, 0x59c8, 0x814b, 0x1010, 0x212d, 0xcd87, 0x61bf, 0xb01e, 0x9f4b, 0xd0bf,
    0x15ce, 0xb766, 0x098c, 0x523e, 0x8f13, 0x96c7, 0xbc65, 0xaf36, 0xde25, 0x240f, 0x9f9d, 0x74f1, 0x0d55, 0xa9ee, 0x1630, 0x3115,
    0xcfc6, 0x7a95, 0x66c3, 0xd867, 0x6d2c, 0xcca6, 0x4468, 0xcc49, 0xd1bc, 0x2ae8, 0xa027, 0x0623, 0x2b32, 0x3e03, 0x6aee, 0x7202,
    0xf997, 0x3959, 0x6fd1, 0xff2b, 0xfd2b, 0xb1df, 0xef0c, 0x6f88, 0xe869, 0x27af, 0x2172, 0x6d4a, 0x3ec7, 0x0a16, 0x4c41, 0xef53,
    0x47d0, 0x7e12, 0x8d96, 0x73ec, 0x7ec8, 0xaf6b, 0x094c, 0x1a0f, 0x66e5, 0xf41b, 0x9e83, 0x2123, 0x2bf5, 0x8a75, 0xcd57, 0xd76a,
    0xf76a, 0x39b0, 0xf565, 0x7ea4, 0x6226, 0x9cc9, 0x94b0, 0x2f5f, 0xea8b, 0x603b, 0xaf09, 0x42d6, 0xd72b, 0x39dd, 0x05fa, 0x4b09,
    0x6e02, 0xe386, 0x491d, 0x21c2, 0xe7ee, 0xe00a, 0xe71d, 0x15a2, 0x0915, 0x52b9, 0xa716, 0xbe11, 0xc558, 0xb18e, 0xb255, 0x7d8f,
    0xd994, 0x997a, 0x371b, 0x3a34, 0xc152, 0x8d9c, 0x4b1f, 0x5559, 0xf0d6, 0xe8be, 0x3738, 0x691b, 0xbbdb, 0xc94c, 0xd334, 0xd4bd,
    0xd0b6, 0x3ff2, 0x1a35, 0x9f73, 0xaff5, 0x8894, 0x9fa2, 0xb99c, 0x0899, 0x95df, 0x0c9d, 0x2490, 0x60aa, 0xb759, 0x4dc2, 0x08f8,
    0xf267, 0xa1cd, 0x99c0, 0x4370, 0x2604, 0xa267, 0xf82b, 0x6ffa, 0x8fa2, 0x4448, 0x70d2, 0xfbac, 0xda22, 0x3077, 0x8bbc, 0x4504,
    0x8639, 0x906b, 0x49a3, 0x5299, 0xe627, 0xbb1c, 0x3cad, 0x2888, 0x3dc1, 0x7498, 0xe9f2, 0x441f, 0x6f3d, 0x87e0, 0x1b6b, 0x4630,
    0x1c3d, 0x03ac, 0x4a32, 0x53e3, 0xa388, 0xe137, 0xc9a2, 0x35d8, 0xe33b, 0x5ded, 0xda9c, 0xbe1d, 0x2753, 0xcf66, 0x4f6f, 0x7c61,
    0x2ce8, 0x39fb, 0xe841, 0x48bd, 0xa1d4, 0x71b7, 0x1009, 0xacf9, 0x08dd, 0x0def, 0x21e6, 0xb459, 0x6a55, 0xf747, 0xdf0c, 0x29de,
    0xb951, 0xd835, 0x3d2e, 0xcd20, 0x5530, 0x381f, 0x3558, 0x8580, 0x8fef, 0x88bc, 0xbb6b, 0x1bfe, 0xa0b4, 0xee39, 0x8605, 0x8379,
    0xeafb, 0x09c2, 0xced1, 0x3778, 0x024a, 0x8e6c, 0xb38a, 0xb97d, 0x5242, 0xe8f2, 0x5f4f, 0xb4bf, 0xd357, 0xc185, 0xa490, 0xd07d,
    0xb3ff, 0xa075, 0x2f89, 0xb8ba, 0x5e49, 0x7d2f, 0xf917, 0x6585, 0xc213, 0x7fc3, 0x2213, 0x28dc, 0x4b9f, 0xbcf5, 0xdf60, 0x8aca,
    0x6ed9, 0x34be, 0x9e30, 0x7c52, 0x2edb, 0xdb58, 0x08fb, 0xe8a9, 0x8a32, 0xf4bf, 0x14ea, 0x2cf4, 0x3382, 0x8abe, 0xbfb7, 0x7ea9,
    0x7e97, 0x457a, 0xa61d, 0xc837, 0xea29, 0x6e6f, 0x1ab6, 0x0473, 0x2df5, 0x660f, 0xe564, 0xa044, 0x3564, 0x53a9, 0x534c, 0xeaec,
    0xeec4, 0x580b, 0xbf27, 0x1cdf, 0x56d8, 0x0a7e, 0x3a35, 0xfd03, 0xa911, 0x8853, 0x7d9d, 0xac79, 0x1c30, 0xdef5, 0xcc5a, 0xa0e7,
    0x1368, 0x1851, 0xedaf, 0x5535, 0x2c19, 0xb1f9, 0xe7fe, 0xb8de, 0x0fe0, 0xc6b4, 0xa428, 0xe5cc, 0x734f, 0xb267, 0x2198, 0x246c,
    0x2911, 0x78b0, 0x628c, 0xc6aa, 0xb191, 0xb5ef, 0xb903, 0xe120, 0x2f26, 0x62cd, 0x9c2b, 0x6ae5, 0x26af, 0x323b, 0xae49, 0xcbc8,
    0xf4c9, 0xd207, 0x1b17, 0x6139, 0x5f6b, 0xd5df, 0xf6be, 0x0158, 0x2c2b, 0x94c3, 0xc532, 0x0503, 0x22ad, 0xc142, 0xd214, 0xdfdd,
    0x640f, 0x03c4, 0x8127, 0xcf4c, 0x7e55, 0x5fc5, 0x3f30, 0xa797, 0x24b9, 0xab39, 0x3b62, 0x47cc, 0xf442, 0xe0ad, 0x9145, 0xbbec,
    0x2cfb, 0x93b9, 0x0b1d, 0x95d5, 0xc771, 0x5028, 0x24d0, 0x846b, 0xcf22, 0x2b49, 0x7757, 0xb171, 0x68d8, 0x5047, 0x3490, 0xedcd,
    0x6e0e, 0xce54, 0xdbd0, 0x344a, 0x0475, 0x7203, 0xce99, 0x8aeb, 0x1a25, 0xf0a4, 0xee1c, 0xcab1, 0x2e4f, 0x2e4b, 0xe932, 0x55d2,
    0x4e58, 0xe66e, 0x629a, 0x449c, 0xaf7e, 0x7ee5, 0x97fc, 0x10ac, 0xcd12, 0x4d5e, 0xb15a, 0x46b4, 0x7317, 0x1785, 0x60dc, 0x46d1,
    0x9d5a, 0x1573, 0xfb4e, 0x9b3d, 0x933d, 0x3ec3, 0xb101, 0xedb6, 0x27b9, 0x2a1d, 0x0f25, 0x2331, 0x8615, 0x4732, 0x71d0, 0xa613,
    0x732c, 0xbb3b, 0x8e53, 0x671e, 0x6ade, 0xa827, 0xbe15, 0x9ca5, 0x8255, 0x2607, 0x3217, 0xc854, 0x76bc, 0xb70e, 0xb6c9, 0x0b70,
    0xd04d, 0x7e2b, 0x307d, 0x51b1, 0x8203, 0x0010, 0x783f, 0x5a85, 0xedbd, 0xb6b7, 0xc14b, 0x28d1, 0xb4f1, 0x3f63, 0x2efe, 0xe136,
    0x3dcc, 0x6b2a, 0xc320, 0x9ee9, 0x54da, 0xfa07, 0x4ceb, 0x46ee, 0xd331, 0x485b, 0x8059, 0xe1df, 0xb118, 0xb6f2, 0xde25, 0x843e,
    0x6d2f, 0x1592, 0x9420, 0x4d36, 0x3014, 0xd7fe, 0xfe1e, 0x83e7, 0x9488, 0x5d87, 0xef5f, 0x5b29, 0x7c28, 0x12fc, 0x6c7f, 0x63d7,
    0xd882, 0xb74e, 0xfdcd, 0x3593, 0xd0cc, 0x8a8a, 0x424a, 0x5611, 0x2bfe, 0xaf63, 0xeaf4, 0xe6e4, 0x6783, 0x873b, 0xc6c5, 0x21cc,
    0x6254, 0x50b6, 0x070e, 0x2b61, 0x04bb, 0xd09f, 0x646f, 0x4472, 0xcc66, 0x4d92, 0x4c35, 0xe1c4, 0xa511, 0xa602, 0xbe2b, 0xb279,
    0xf5a6, 0xc8b2, 0x0336, 0x1c99, 0x4a0a, 0x57be, 0xe40b, 0x389b, 0x8105, 0xbe37, 0x88b3, 0xd2fd, 0xe73d, 0x8005, 0xa872, 0x7ca8,
    0x260b, 0x0ca2, 0x321b, 0x31b9, 0x6f53, 0xdbf8, 0x150a, 0x9ea9, 0xcdaa, 0x1df1, 0x5294, 0x8c3a, 0x00f4, 0xc48f, 0xffcf, 0x79b6,
    0xcf82, 0x306f, 0x6018, 0xeda4, 0x33d1, 0x47bf, 0xbff5, 0x8523, 0x4e9d, 0x3fe5, 0x3867, 0x49b7, 0x859b, 0xe15e, 0x02fd, 0x556c,
    0xb69c, 0x8e73, 0x8607, 0x4dd8, 0xe71f, 0xd424, 0xc1b6, 0xbd25, 0x58a7, 0xcdad, 0x4552, 0xd215, 0x6928, 0x22b0, 0x553d, 0x8e15,
    0x286a, 0xe78d, 0x6952, 0xea35, 0x0979, 0x289a, 0xabd4, 0xfa3a, 0x990f, 0x6775, 0xa0e8, 0x9690, 0x9ffd, 0xd347, 0x9e39, 0x9499,
    0x9a61, 0x832b, 0x3bb9, 0x153f, 0xeb81, 0x7b2a, 0x644a, 0xf273, 0xb5a8, 0xc3d9, 0x2f40, 0xd2e3, 0xbefb, 0x5c74, 0x2a3b, 0xec37,
    0x4aa3, 0x4f27, 0x3ba5, 0xfbe3, 0x4e5b, 0xb053, 0xc58c, 0x7e68, 0xecb2, 0xd002, 0x30f7, 0xad34, 0x9b98, 0x65e6, 0x89f6, 0x4ac8,
    0xdfab, 0xffdf, 0x53f4, 0xc58b, 0x03b8, 0x7b1f, 0x3e90, 0xb928, 0xb4f9, 0xcf8c, 0xe329, 0x5639, 0xebc0, 0xf5e5, 0x32a9, 0xb89a,
    0x0889, 0x3040, 0xbbef, 0xb436, 0x8dbd, 0x7d0b, 0x72d8, 0x2045, 0x5dd1, 0x7c97, 0x1f6f, 0x2923, 0xe5d2, 0x913a, 0x1e01, 0xb083,
    0x1cc6, 0x81a0, 0x9786, 0x444a, 0xbf1c, 0x6615, 0xda59, 0xb3d1, 0xaef2, 0x27cd, 0xfbe1, 0xcba3, 0xe0bf, 0x5b1e, 0x6a4d, 0x3fd2,
    0xbc6c, 0xbbeb, 0x9701, 0x4cc1, 0x5af9, 0x14bf, 0x6195, 0x165b, 0x88b7, 0xd849, 0x6b1b, 0x4ded, 0xf3f3, 0x3554, 0xfa36, 0x265c,
    0x7004, 0xed80, 0x9740, 0x1f0c, 0xb4f8, 0xb614, 0x097a, 0xacfa, 0x83e3, 0x6bae, 0xdc36, 0x4ab4, 0x9751, 0xe027, 0x14f7, 0xf677,
    0x4893, 0x8b3f, 0x419e, 0xa71b, 0x514e, 0xe597, 0x8784, 0xbf42, 0x91bd, 0xb61f, 0xdacf, 0x0727, 0x4349, 0x1a53, 0x064c, 0x34f1,
    0x7fa6, 0x9091, 0xabf4, 0x8b5d, 0x84a1, 0xcd3a, 0xe5b9, 0x9739, 0x9c19, 0xa23b, 0xaeff, 0x92f7, 0x10c1, 0xc115, 0xbe78, 0x7914,
    0x1753, 0x9f4a, 0xf89c, 0x4cd0, 0x141a, 0x458b, 0x228b, 0xa17c, 0x2535, 0x512f, 0xfd59, 0xe85e, 0x5923, 0xf038, 0x722b, 0x8cba,
    0x7a16, 0x1fd6, 0xf677, 0x66d2, 0xd569, 0xf587, 0xd0f2, 0x8d1c, 0xe7df, 0x3a92, 0x6701, 0x0c07, 0x565e, 0x21f8, 0x3aa1, 0x8c37,
    0x1afc, 0x6117, 0xc0d5, 0x6f65, 0x4eae, 0x72ba, 0xb867, 0x6bac, 0x7767, 0x4c86, 0x298d, 0x2d20, 0xc2db, 0x4f14, 0xb59a, 0x0655,
    0x1594, 0xb869, 0x5f91, 0x36fb, 0x5695, 0x611d, 0x74e8, 0xd137, 0xdf8b, 0x0bb4, 0xbf0f, 0xc567, 0x797e, 0x0ed6, 0xa546, 0x1c6e,
    0xcde3, 0xa1b5, 0x6708, 0xe87d, 0xb44b, 0x9330, 0x16f1, 0xf450, 0x44a5, 0xb335, 0x7e33, 0xb903, 0x15b5, 0xb6ff, 0x9065, 0xa250,
    0x9071, 0xdf5b, 0x9816, 0x2961, 0xbf7d, 0x29fc, 0xc374, 0xce11, 0x836e, 0x54b8, 0x3a03, 0x76aa, 0x936f, 0x7bc6, 0x6237, 0x3e4e,
    0x324f, 0x9a3e, 0x800c, 0x399d, 0x0052, 0xb4fb, 0x53f7, 0x3a03, 0xd13d, 0xf852, 0xe21c, 0x1793, 0xef0a, 0x8ffd, 0x0a66, 0x893c,
    0xb0ff, 0x81bc, 0x18d1, 0x139d, 0xcf73, 0x5233, 0xf66e, 0x163b, 0x5bda, 0xbcac, 0x229d, 0x7f69, 0xc579, 0x44e1, 0x1d37, 0x2e6b,
    0xd292, 0xebb9, 0x68b9, 0x8c52, 0xf60c, 0xce2b, 0xcd4c, 0x634f, 0xe989, 0xf6e3, 0x0420, 0x7c62, 0xf422, 0x2a32, 0x7362, 0x0ba7,
    0xc593, 0xf492, 0x229d, 0x7335, 0x4dc6, 0xc3e0, 0x8f92, 0x644b, 0x791b, 0x529d, 0x8bbc, 0xe727, 0x38f8, 0x2e29, 0xca26, 0x5149,
    0xc102, 0x9f38, 0x45d4, 0xb236, 0x60c5, 0xbcd8, 0x28b6, 0xbecb, 0xe1ce, 0xf1ff, 0x5b0a, 0xc2f8, 0xd255, 0xbd95, 0x6337, 0xa21d,
    0xa475, 0xf4fa, 0xbe41, 0x6dc2, 0x09c1, 0x510b, 0x58ba, 0x9ad5, 0x7378, 0x8da3, 0x5026, 0x5d80, 0x1f31, 0xe3b6, 0xa4c9, 0x3380,
    0x97ee, 0x25c9, 0x0436, 0x24ce, 0x13da, 0x4704, 0x5413, 0xc2ff, 0x965d, 0x94b3, 0x25a5, 0x6ef3, 0x3eed, 0x6a4d, 0xb99f, 0xed3c,
    0xabf5, 0xa801, 0xbc8a, 0xd0d2, 0xdab4, 0xb3c8, 0x63b8, 0xc45d, 0x6b51, 0x4cca, 0x12ac, 0x3a00, 0xb175, 0xf998, 0x30f3, 0x89a2,
    0x799d, 0x5884, 0x58a3, 0x05b6, 0xea87, 0x1acf, 0x8525, 0x0e83, 0x6b8c, 0xf211, 0x6acc, 0xabd6, 0xf73f, 0x3857, 0x9e80, 0xb583,
    0xc26b, 0x9ab1, 0xb651, 0x11f2, 0x9ff8, 0x8e1a, 0x0a5d, 0x1378, 0x08ec, 0xd71f, 0x3e24, 0x7c31, 0x3124, 0xebd7, 0x3a79, 0x303a,
    0x1069, 0x786f, 0xbff6, 0x1e72, 0xc82f, 0xce38, 0x39ca, 0x67de, 0x4dab, 0x8527, 0xf944, 0x4d3f, 0xc092, 0x17d4, 0x8199, 0xeb91,
    0x5620, 0xc220, 0x0c62, 0x4eb3, 0x40d4, 0x6a22, 0xee76, 0xe2b5, 0x7ca2, 0xdbb5, 0x0559, 0xcba5, 0xe77f, 0x1e88, 0xd527, 0x2bd6,
    0x8e9d, 0x2ea1, 0x7efa, 0xe09b, 0x9816, 0xdf5c, 0x37cc, 0xbda1, 0xb109, 0x30fe, 0x67ec, 0xceaa, 0x6846, 0xe0c3, 0x1acf, 0xa7e5,
    0x5d68, 0x7b5a, 0xe78f, 0x4ca5, 0xac9d, 0xb9e6, 0xf9cf, 0xb4aa, 0x7eb5, 0x71a2, 0x6318, 0x77fb, 0x25d1, 0xddc2, 0x5cca, 0xa910,
    0xae87, 0x8c29, 0xa27b, 0x65c0, 0x4d92, 0xb445, 0x8cf7, 0x2662, 0x91f1, 0x40b5, 0x1581, 0x53bd, 0xc394, 0x5346, 0x69da, 0x2b21,
    0x568d, 0x8b6d, 0x38a7, 0x7958, 0xdaa4, 0xd776, 0x5e40, 0x33e3, 0x4f82, 0x17e8, 0x1a3a, 0x78aa, 0x457b, 0x5d8c, 0x7536, 0xfc6f,
    0xb27e, 0x0a12, 0xff5b, 0x6f67, 0xe3f3, 0x9b04, 0x8f1d, 0xe0b5, 0x74b5, 0x6757, 0x28dc, 0xa7f9, 0xafe0, 0x175d, 0xb69b, 0xddc4,
    0x47ea, 0x1f71, 0xb877, 0xea5d, 0xca2f, 0x04eb, 0x9593, 0x32ea, 0xb756, 0xb59c, 0xb58b, 0x6d53, 0xa7be, 0xb9f6, 0x0a3e, 0xa281,
    0x64d2, 0x896f, 0x3253, 0x672e, 0x5e83, 0xc9ae, 0xdc12, 0x531f, 0x65a8, 0xbfea, 0x90d4, 0x3ef0, 0x1278, 0xbd1f, 0x90d6, 0x5072,
    0xbfbf, 0xcc73, 0xe7cd, 0x5d47, 0x8298, 0x6c4d, 0x619a, 0xac5a, 0x0679, 0x99da, 0x87d3, 0x9d83, 0xb5f3, 0xf713, 0x4fab, 0x3fe1,
    0x17c8, 0x5355, 0xa03e, 0x5e9e, 0xc898, 0x5e4e, 0x59a0, 0x0c37, 0xf913, 0xcd8f, 0x0427, 0x343c, 0xd8a0, 0xbc9b, 0xd06c, 0x3ba5,
    0xd46b, 0x8f80, 0x0f7d, 0x37a6, 0x132a, 0x1fad, 0xcc27, 0xc2b7, 0x154c, 0x7b9f, 0xabf5, 0xf8c4, 0xe167, 0x00f8, 0xc14d, 0xa116,
    0xa5b8, 0x18ce, 0x75f1, 0x0f45, 0x3580, 0x5ef2, 0x359e, 0xc285, 0x4b53, 0x7b44, 0x01ba, 0x4b60, 0xf7b1, 0x75e8, 0x9513, 0x7fff,
    0x2434, 0xcdaa, 0x405e, 0x86fa, 0x933d, 0x1918, 0x2706, 0xc0a0, 0x4408, 0x7a0e, 0x04a9, 0x16b0, 0xa36d, 0xaba7, 0x2301, 0xbaaf,
    0x70f6, 0xf2ea, 0xa830, 0xdab4, 0xc090, 0xb9a5, 0xe5d9, 0x54a1, 0x00ad, 0x1c23, 0xd051, 0xeff0, 0x6cfd, 0x3109, 0x46b6, 0x2607,
    0xd573, 0x5400, 0x5336, 0x00ea, 0x2218, 0x3aa7, 0x0c08, 0x189a, 0x7b0d, 0x1c2b, 0x3cd0, 0x36d0, 0x7d4e, 0xb33f, 0x8083, 0xa943,
    0x63ca, 0x62bc, 0xf3d5, 0xca81, 0x8d0a, 0x448c, 0x281b, 0xc91b, 0x4573, 0x6b3e, 0x7ec0, 0x3582, 0x3dca, 0x1e19, 0x9515, 0x5e4d,
    0x9671, 0x5790, 0xe8d9, 0x02f7, 0xe70e, 0x4e61, 0x5d00, 0x653a, 0x2aa7, 0x5107, 0xc733, 0x40b8, 0xf85c, 0xbbcd, 0x2dae, 0xb163,
    0xf082, 0x5157, 0xdda5, 0x9038, 0xc64b, 0xbda3, 0x023b, 0x4e81, 0xcdf4, 0x8ba1, 0xe3ce, 0xd7a1, 0x7771, 0x551f, 0x7809, 0x8160,
    0x9d7f, 0x7572, 0x6a15, 0x92b9, 0x116d, 0x065a, 0x43bf, 0x6908, 0x4b2a, 0x6fb1, 0xdeaa, 0xc3ee, 0xa5f2, 0x5154, 0xc657, 0x3f97,
    0x1177, 0x0fc2, 0xb27d, 0x8566, 0x9fa1, 0xcb02, 0xc206, 0x3b61, 0xd685, 0x085c, 0x9e59, 0x39da, 0x2f41, 0xd631, 0x2f58, 0x0fd8,
    0xa8f1, 0xb2aa, 0x07bc, 0x5db9, 0xd88d, 0xfc9f, 0x3210, 0x0e9b, 0x5ce0, 0x3740, 0x85f9, 0xf811, 0x1f4f, 0xe7f6, 0x2e43, 0xe871,
    0x48f8, 0x5712, 0x8725, 0xaba2, 0x5457, 0xfaba, 0xfd4f, 0x0e4a, 0x2376, 0xd47f, 0x1526, 0x67c5, 0x8284, 0x895d, 0x42d8, 0xb23b,
    0xff14, 0x7c56, 0xba9a, 0xb98c, 0x7bb3, 0xb349, 0xe1c3, 0x6882, 0x6819, 0xcebd, 0x87f7, 0xbca8, 0x05cd, 0xdbb3, 0x914b, 0x6882,
    0xa154, 0x4852, 0x3875, 0xac72, 0x27c2, 0xc2d4, 0x91e4, 0x6dd0, 0x0113, 0x4b1a, 0x770f, 0x14e9, 0x9693, 0x3eb7, 0x8258, 0x391e,
    0x6e39, 0xa775, 0x438a, 0xa3c1, 0x4234, 0x945e, 0x54aa, 0xb14e, 0xfd27, 0xc53d, 0x7776, 0x9943, 0x02bb, 0x70aa, 0x6338, 0xa45e,
    0xacd0, 0x6c9e, 0x6b34, 0xd96d, 0x6532, 0x8165, 0xa595, 0x2885, 0x43aa, 0x2f3f, 0xbad7, 0x9cde, 0x98b5, 0xae48, 0x05aa, 0x9d12,
    0x4cad, 0x712a, 0x2b4c, 0xc1e8, 0x7b63, 0xf1f2, 0xd497, 0x4b8e, 0x345b, 0x11cb, 0xaf41, 0xbd74, 0xc765, 0xd2e1, 0x5fdb, 0xa893,
    0x85c9, 0xb4fd, 0x8c31, 0x2c21, 0x5ff5, 0x7c81, 0xa630, 0x34f4, 0x478d, 0xabfd, 0x9f56, 0x0331, 0xbe3e, 0x782a, 0x2c98, 0xfea8,
    0x78c1, 0x7e77, 0xc2bb, 0x618f, 0x7e8d, 0x0614, 0xf35b, 0xc1cc, 0xae08, 0x1378, 0x522f, 0x00cb, 0x0d22, 0x166b, 0x8b0a, 0xa9ac,
    0xce8d, 0x7a80, 0xd043, 0x4623, 0x7356, 0xe232, 0x498b, 0xb1ad, 0xf110, 0x5464, 0xab5e, 0xf371, 0x4481, 0x2462, 0x9ef5, 0xa66c,
    0x58c4, 0xdc71, 0x22a6, 0x7848, 0xab02, 0xf2d1, 0x8ac2, 0xc6a0, 0x9278, 0x9155, 0x4b09, 0xe2d4, 0x953f, 0x3753, 0x3094, 0x043d,
    0xb16c, 0x7e34, 0x3439, 0x70fc, 0x02ac, 0xc88a, 0x8d6b, 0xe544, 0xac7f, 0x2381, 0x2dbc, 0xc131, 0x70c7, 0x2306, 0x4c96, 0x04f0,
    0xdb0c, 0x0029, 0x2bdb, 0xa3a0, 0x6813, 0xc241, 0xbc99, 0x349c, 0x91fa, 0xba78, 0x4ca1, 0x8b24, 0x290d, 0x19ae, 0xe444, 0x3cd2,
    0xe0b7, 0xe92a, 0x7ce4, 0x9e38, 0x794a, 0x2d96, 0xb7b0, 0x3e46, 0x6e2e, 0x7c69, 0x3d40, 0x67fa, 0x9068, 0xcc20, 0x6d4c, 0xb2bf,
    0x75ea, 0xc6a9, 0x8725, 0x2932, 0x2508, 0x6677, 0xf2b5, 0x0e49, 0xe4e5, 0x25e9, 0xd1c3, 0xc94f, 0x99d3, 0x8991, 0x81e6, 0x0009,
    0x96ae, 0x4c81, 0x3706, 0x6779, 0x4a78, 0xf768, 0x561e, 0x5343, 0xb268, 0x2a26, 0xb8b9, 0x8b61, 0xf8b0, 0x5fc9, 0x80d9, 0x7074,
    0x27a1, 0x750d, 0xa55d, 0xf67e, 0x5940, 0xb971, 0xdee6, 0x7e3d, 0x4b81, 0xd2be, 0x1d44, 0x14df, 0xc0ea, 0x3b09, 0x2d55, 0x2262,
    0x95b6, 0xa135, 0xb781, 0x0e3c, 0xf189, 0xf411, 0x3e89, 0xe2ca, 0x7d7d, 0x5fd4, 0x46f7, 0x76fc, 0x06ed, 0x0609, 0x4f1e, 0x2695,
    0x768c, 0xb857, 0xbf50, 0xa11d, 0x83fe, 0x7d4f, 0x7afb, 0xd702, 0x0e24, 0x2802, 0x39f2, 0x8d65, 0x7fa1, 0xca1f, 0x525c, 0xa06f,
    0x281b, 0x485e, 0x1b1f, 0x7c1c, 0xf1cb, 0xd9a3, 0x8ebb, 0xd370, 0x5bc1, 0xb871, 0x56cf, 0x1e4d, 0x2074, 0xcef8, 0xe7dc, 0xe5b7,
    0x70f6, 0xa5a4, 0xd5c8, 0x66a5, 0x2c97, 0x5c18, 0x08c7, 0x9325, 0xfd20, 0xf4c3, 0xfaa4, 0xfa6b, 0xbf48, 0xbae5, 0xa4cc, 0x9ec6,
    0x2026, 0x0b0d, 0x46ad, 0x42a4, 0xd692, 0x462d, 0xac8d, 0x33c1, 0x6180, 0x371c, 0x1f0a, 0x1cee, 0xb290, 0xb29f, 0xa2ed, 0xe668,
    0xad34, 0xb9f6, 0xb1a3, 0x2c94, 0xe260, 0xe7e3, 0x1210, 0x5549, 0x70ba, 0x701b, 0xfa1d, 0xcb8b, 0x712d, 0x7974, 0x2071, 0x69f9,
    0xd827, 0x1a4f, 0xe6ff, 0x9b61, 0x3331, 0xbfb7, 0x45d0, 0x3a4a, 0x2b12, 0x46de, 0x9e7a, 0xb66c, 0x3294, 0x9111, 0x201e, 0x893b,
    0x4990, 0xda6e, 0xe39f, 0x8089, 0x3ca4, 0x9ab8, 0x68b5, 0xe7e4, 0x494c, 0x390f, 0x9b3a, 0x184c, 0x8ea6, 0x59cc, 0x0924, 0x768e,
    0x3275, 0x0f37, 0x70e3, 0x67f0, 0xa2eb, 0xb460, 0x5045, 0x45a4, 0xdcba, 0xbac7, 0x9bf4, 0xd65a, 0x1dcc, 0x3265, 0x473b, 0x56bf,
    0xec5d, 0x540e, 0xc49c, 0x980d, 0xdab3, 0xd6aa, 0x2680, 0x3d93, 0xef28, 0x56b2, 0x08c4, 0xa046, 0x18f9, 0x980e, 0xeaab, 0x611c,
    0x995b, 0xead1, 0x2128, 0x31d8, 0xc91a, 0x7a2d, 0x09cb, 0xdc57, 0x22d0, 0xcdf0, 0xa641, 0x1045, 0xf990, 0x4697, 0x4824, 0xff7a,
    0xc3ef, 0xdbe9, 0x755e, 0x50bd, 0x63d4, 0xe5d8, 0xad32, 0x70ef, 0x5293, 0x3819, 0x358d, 0xcb03, 0x197c, 0x5841, 0x98da, 0xee32,
    0xff28, 0x1634, 0xfc9c, 0x2aa8, 0x510f, 0x4f2f, 0xf82d, 0xacf4, 0x31a8, 0x235b, 0x1435, 0x9fbf, 0x5327, 0x65cd, 0x9a93, 0x5c0a,
    0x8692, 0x8f0f, 0xdebc, 0x3015, 0x8769, 0xfa37, 0xa6b3, 0xc475, 0xebe7, 0xb44c, 0xdc60, 0xa81a, 0xa17e, 0xa677, 0x2f83, 0x0a5e,
    0xde33, 0x6265, 0xd019, 0x2bed, 0xee18, 0x5973, 0xe93f, 0x8e09, 0xc590, 0xc61a, 0x04a3, 0x6853, 0xbfe9, 0x1009, 0xfe64, 0x6cfe,
    0x7291, 0xf29a, 0xb183, 0x63b0, 0xfcb8, 0x2deb, 0x04c3, 0xa2c6, 0xbb6a, 0x0a65, 0x8012, 0xef14, 0xca50, 0x76be, 0x1275, 0xca32,
    0x38c3, 0x0882, 0x3062, 0xb741, 0x5b80, 0xa714, 0xf2c8, 0x7e32, 0x22cf, 0x294b, 0x5e50, 0xf598, 0xdd1b, 0xad63, 0x7b64, 0x5add,
    0x4e48, 0xf388, 0x668a, 0xc117, 0x8315, 0x82f8, 0x013d, 0x9e65, 0x4977, 0xe16d, 0x6b76, 0xff86, 0xb53f, 0xa52c, 0xed78, 0x6a45,
    0x9929, 0xa994, 0x7a4f, 0xf62f, 0x5c9a, 0x2e1d, 0x729c, 0xa3f7, 0x15b6, 0x27f4, 0xd017, 0x7b18, 0x501e, 0x8de3, 0x6168, 0x763c,
    0x67fa, 0xe6f9, 0x3e97, 0xc5e9, 0xe1c8, 0xe37a, 0x1de8, 0x71ed, 0xa65a, 0x4875, 0xb158, 0xe0f6, 0x8ba6, 0xf5c4, 0xb46d, 0x4f14,
    0x11c0, 0x4ea3, 0xd2b0, 0xba40, 0xbcbf, 0xcc96, 0x0e93, 0x4de1, 0xf2a2, 0x0522, 0xd0c0, 0xd469, 0xc630, 0xe9a0, 0x483c, 0x37a5,
    0x9604, 0x89ee, 0x427f, 0x97a8, 0xe827, 0x217a, 0x2495, 0xffe5, 0x6a62, 0xb68e, 0x2c83, 0x4309, 0x7ebe, 0x14ab, 0xa311, 0x0542,
    0x3ccb, 0x68cc, 0x2650, 0x7d16, 0x4f2e, 0x489d, 0xb46d, 0xf289, 0x95db, 0x6be7, 0x9f28, 0x850d, 0xf4b1, 0xe0a5, 0x0faf, 0x3fb5,
    0x36a9, 0x018b, 0x430d, 0x03ed, 0x6d83, 0xf704, 0x271a, 0x52e1, 0xb5da, 0x0aca, 0x7fd0, 0x7d37, 0xc7ee, 0x95d8, 0x3d46, 0x4153,
    0x3ca4, 0xd115, 0x2a05, 0x602d, 0xef43, 0x5038, 0x9a09, 0x307f, 0x63b0, 0x6f57, 0x4214, 0xb8a8, 0x98e4, 0x7b09, 0xdf8e, 0x56f6,
    0x303f, 0xdad2, 0xd916, 0x8040, 0x5128, 0x0631, 0x7f3f, 0x9d71, 0x311d, 0x8c32, 0x160a, 0x8f1d, 0xa87a, 0xf573, 0x4ec9, 0xdfe3,
    0xbb8f, 0xc899, 0x5a9c, 0x2d1f, 0x804e, 0x7978, 0x3d31, 0xce4e, 0x4870, 0x8a7f, 0x8850, 0x42c2, 0x7821, 0xa8d2, 0x27b4, 0x6df2,
    0xf118, 0x0ad2, 0x656e, 0x2a35, 0x7a68, 0xd90a, 0xcedc, 0x3a23, 0x0c76, 0xe9da, 0x2204, 0x2049, 0x69b9, 0x9777, 0xeb7d, 0xe574,
    0xebe8, 0xf85d, 0xfce5, 0x557b, 0xed9c, 0x426c, 0x63b8, 0xba85, 0xb873, 0xa06c, 0x08b8, 0x9ee5, 0x5faf, 0x4220, 0x9fe2, 0x9d3e,
    0x6f84, 0xeea1, 0x10db, 0xc75f, 0xd893, 0xe1a3, 0xffb9, 0xab8d, 0x002e, 0x3adb, 0x9e84, 0x804f, 0x5cf0, 0xc806, 0x6f23, 0x7ea2,
    0x87f7, 0x7178, 0x1daf, 0xf2cf, 0x2a7c, 0x112a, 0x1b64, 0x0bc1, 0xaffa, 0xfc3c, 0x2210, 0xf0ac, 0x24e8, 0x06f1, 0x47f5, 0x256c,
    0x29cd, 0x4b4b, 0xcc34, 0xc544, 0x62fc, 0x7a0e, 0x43aa, 0x9c3a, 0x4c9c, 0xfe38, 0x4e6a, 0xa6b3, 0xdb7c, 0xbb21, 0x7d98, 0xfff1,
    0xd212, 0xacf7, 0x91ca, 0xc6ae, 0x3240, 0x33c1, 0xba0f, 0x0083, 0xb362, 0x50ee, 0xfb33, 0x039a, 0xa51a, 0x9f59, 0x67bd, 0x6f05,
    0x264d, 0x4de2, 0x504a, 0x397f, 0x18ed, 0xe450, 0x1483, 0xdeb7, 0xba11, 0x1b03, 0xbc80, 0x330f, 0x46ab, 0x8cdc, 0x02a3, 0xe5f7,
    0x9489, 0x8be9, 0xf609, 0x3aaa, 0x0835, 0xe039, 0xdd89, 0xff5f, 0xcefb, 0xb997, 0x82ea, 0x4b4a, 0xc58d, 0x9b75, 0x8ef9, 0x0aa4,
    0xf349, 0x8b75, 0x1de6, 0xe19c, 0x01bb, 0x4a84, 0x3413, 0x6d94, 0x98e4, 0xe04c, 0x3b8f, 0x6cf6, 0x07bd, 0x4154, 0x3212, 0xd54c,
    0x21a3, 0x5766, 0xaf38, 0x604d, 0xb7ac, 0x34ad, 0x6b9d, 0x96ea, 0x970b, 0xb94d, 0x7007, 0xe346, 0x73a0, 0x7345, 0x9591, 0xb0cd,
    0xa716, 0x0117, 0x7de0, 0x2327, 0x2cb7, 0xbeb2, 0xac23, 0x6b6a, 0xc150, 0x052a, 0xe670, 0x43ec, 0x9015, 0xc489, 0x87b9, 0x9a73,
    0x53b8, 0xc06f, 0xea2b, 0xf129, 0x53f9, 0x3725, 0x921b, 0x7db1, 0x27ee, 0x3b19, 0x415c, 0x8f1b, 0xa493, 0x86e0, 0x9b44, 0x4219,
    0xe006, 0x13d3, 0x80ff, 0x0bb7, 0xb128, 0x3af8, 0xce82, 0x22c9, 0x93b0, 0xa8ae, 0x9fea, 0x4f88, 0x5902, 0xea8e, 0xc76d, 0x2a06,
    0x8d17, 0xe021, 0x9bb0, 0x4ed1, 0xf865, 0xd5b8, 0xc6d5, 0x9242, 0x25ea, 0x920c, 0x3db6, 0xba66, 0x55bd, 0x1e5e, 0x07e3, 0xc715,
    0xc46a, 0x90ba, 0x001d, 0x50da, 0xae65, 0xa15a, 0x350a, 0x0636, 0xf85d, 0x51da, 0x12d9, 0xcf5b, 0xe3c6, 0x6f7c, 0xfcf4, 0xa08f,
    0xb80e, 0x3787, 0x8099, 0x82cb, 0xc84c, 0xe669, 0xc7a0, 0xdb2e, 0xbd54, 0x793d, 0x73e7, 0x78ab, 0x8c73, 0x69be, 0x8b46, 0x7052,
    0x028a, 0xace2, 0x9c03, 0x501a, 0x4bc2, 0xbbe9, 0xc185, 0xb047, 0x5f99, 0xefce, 0xb1fb, 0xaafa, 0xb9b5, 0xf75b, 0x7c28, 0x429e,
    0x46f2, 0xafae, 0x1db4, 0x3eb6, 0xeef0, 0x2758, 0x9a42, 0x8706, 0xa27c, 0x13b2, 0xbabc, 0x857b, 0x55fe, 0x8118, 0x1d3e, 0x9656,
    0xd0c0, 0x0554, 0xbd83, 0x0f10, 0xb882, 0x3cb8, 0x9dc5, 0xe38a, 0xc1bd, 0xd98d, 0xb838, 0x71e3, 0x6c34, 0x0e34, 0xe0d3, 0x7cc5,
    0x340c, 0x99ab, 0xbfd2, 0xdc16, 0x9faa, 0x3e89, 0x8c92, 0xec5a, 0x11b2, 0xec7f, 0xb108, 0x446c, 0xc7b0, 0x647e, 0xfd92, 0xb9c3,
    0xed52, 0x9f27, 0x9569, 0x3b48, 0x2c04, 0xbdd3, 0x3b9d, 0x8a90, 0x9f19, 0xce2c, 0x284d, 0x5bbc, 0x9470, 0x282d, 0x0ebf, 0xe396,
    0x01ab, 0xae96, 0x7bb8, 0x5c89, 0x15c2, 0xba15, 0x345f, 0x89b9, 0xcf43, 0xf6b6, 0xbd9d, 0xc103, 0xfedf, 0xfbfb, 0xb419, 0x8317,
    0x9e98, 0xe761, 0x1c95, 0x2a48, 0xe595, 0xc148, 0x54d9, 0xb7eb, 0xfff7, 0xf4c0, 0xcd0f, 0x4807, 0xd3d3, 0xa140, 0x31ca, 0x339e,
    0xba29, 0x0f6c, 0x2e4c, 0x698c, 0x9494, 0x1003, 0x6f78, 0x05b7, 0x2781, 0x8d66, 0x0f47, 0xaedf, 0x20cf, 0x17a7, 0x109f, 0xc2ee,
    0xb2e2, 0xb316, 0x13c4, 0xd9b2, 0x2c7a, 0xb134, 0xeb42, 0xa62a, 0x74ac, 0xdc51, 0x3950, 0xbe54, 0xd3a6, 0xbd87, 0xbdbe, 0x516b,
    0xefce, 0x4549, 0x7c4e, 0x54bb, 0x6769, 0x9e67, 0x63af, 0x2edc, 0xeebe, 0x73a1, 0x9cd3, 0x698b, 0x5ad2, 0x6f94, 0x2aef, 0x71dd,
    0x8077, 0x3f5f, 0x03cc, 0xef0f, 0x5009, 0xdf9f, 0x48b4, 0xb7dd, 0x1586, 0x7bf3, 0xc7e2, 0xee39, 0x4537, 0xa911, 0x6e69, 0x4992,
    0xbcea, 0x413d, 0xd28f, 0x17a4, 0xe18a, 0xab57, 0x7ecf, 0xfbbf, 0x8148, 0xd46f, 0x251a, 0xf492, 0xe23e, 0xa3c8, 0x62e0, 0xb066,
    0xe5ae, 0x3142, 0x3d7f, 0xb7e8, 0xa799, 0x8692, 0xfef8, 0x7796, 0x82cf, 0x32ba, 0x9b8f, 0xaf42, 0xe1da, 0x77ec, 0x47a0, 0x509c,
    0xc3d4, 0x5c52, 0x65e6, 0x53da, 0x5e52, 0x64dd, 0x76a9, 0x8aef, 0xc36b, 0x42ed, 0x2ee2, 0xfb86, 0xf464, 0x3c53, 0x6046, 0xc71a,
    0x48da, 0x95d0, 0xd9a9, 0x29da, 0x926f, 0xc829, 0xe7e0, 0x97dd, 0xe4e5, 0xc7ae, 0x9f28, 0x8106, 0x6ad5, 0x2631, 0x9521, 0xc326,
    0x2ed5, 0x579e, 0x331e, 0x52e7, 0x410a, 0xe10b, 0x490f, 0x22fc, 0x217f, 0xba21, 0x0902, 0xd1fa, 0xd690, 0xa948, 0x12ec, 0x2692,
    0x9846, 0xe21a, 0xb922, 0xe267, 0x77e4, 0xae6b, 0x2542, 0xf348, 0xec12, 0x69dd, 0x858a, 0x8b07, 0xa987, 0x97dd, 0xead6, 0x25b4,
    0xb038, 0x5c30, 0xff06, 0x065b, 0xf50c, 0x1de7, 0x3bda, 0x326d, 0x8fd0, 0x9d19, 0xca4a, 0x7377, 0xd615, 0x42bb, 0xb29f, 0x675b,
    0x4a44, 0xf331, 0x84b4, 0x2727, 0xc741, 0x2b70, 0x20e0, 0x8c6e, 0xd097, 0xb069, 0xc96c, 0x9ce8, 0x6f32, 0x9913, 0x2484, 0x24d7,
    0x8260, 0xfb12, 0x5676, 0x07cb, 0xed9d, 0x0191, 0xdcc7, 0x4fe1, 0x8aad, 0xb6ed, 0x518a, 0x8392, 0x4841, 0x48b6, 0xbf36, 0x4a01,
    0x5d20, 0x0e29, 0xad2c, 0xe5ad, 0xf7d8, 0x1942, 0x8c95, 0x8dce, 0x52e0, 0x9a49, 0xadb6, 0x2e28, 0x952f, 0xddda, 0x65f8, 0x9520,
    0x678f, 0x2d58, 0x8e35, 0x98c2, 0xa615, 0x5a0d, 0x01b7, 0x39dc, 0x1668, 0x3aab, 0x458d, 0x4ddd, 0x8a63, 0xe34a, 0x007c, 0xb714,
    0x572f, 0xe007, 0x6b65, 0xb37d, 0x88fd, 0x39f3, 0x622d, 0x4a0e, 0xbb20, 0x8ea6, 0x3d28, 0x5e61, 0xfcca, 0x0246, 0x1b00, 0x7329,
    0xaa12, 0x5417, 0xc315, 0xa2d4, 0xa1bd, 0xdd71, 0xc872, 0xd6f3, 0xbf53, 0xc35d, 0x1527, 0xc5e5, 0x01cb, 0x2291, 0x863d, 0xbf2c,
    0x46bf, 0x7de5, 0xc025, 0xce32, 0x01ff, 0x3790, 0xe37b, 0x3ba8, 0xd9be, 0x5c7d, 0x4a9c, 0xf51f, 0x8f50, 0x8a67, 0xf76f, 0xe376,
    0x1c40, 0x3859, 0xd9e8, 0xb794, 0x6be7, 0x29d0, 0x96c7, 0x35b6, 0x99bb, 0x5419, 0xf72b, 0x8735, 0x1bcf, 0xfe89, 0xa854, 0x9acf,
    0xc21e, 0x64d5, 0x743b, 0x1b60, 0xf226, 0xa42b, 0x9a4e, 0x0535, 0x0703, 0x3ae3, 0x70dd, 0x61f0, 0x3e21, 0xe23e, 0xf722, 0x3293,
    0x1868, 0x0b30, 0x7f7d, 0x1089, 0x97e4, 0xc532, 0x1a85, 0x8cb9, 0x41e6, 0x57f6, 0xea5c, 0xd56c, 0x4db8, 0x574c, 0x0690, 0xaa8e,
    0xe7a9, 0x79d2, 0x1887, 0x2884, 0xf0cd, 0xf9da, 0x5873, 0x714b, 0x233c, 0xc8e9, 0x12c0, 0xbc65, 0x0277, 0x5df4, 0x5dd4, 0xd520,
    0x80d9, 0x65aa, 0x28a8, 0x8f45, 0xc10a, 0x1da6, 0x4988, 0x3a82, 0xdc39, 0xa1f1, 0xb598, 0x9c0c, 0x14d4, 0xf4ef, 0x88b2, 0x7709,
    0x5d97, 0x0a09, 0x05c2, 0x2b3e, 0x9d3f, 0x9aa1, 0x37bd, 0x7274, 0x96b1, 0x0da8, 0x5b08, 0xc415, 0xddb2, 0x3987, 0xb75e, 0x67a4,
    0xbfe1, 0x48de, 0x122b, 0xbd61, 0x8a9a, 0x8949, 0x618e, 0xc5ab, 0x14f3, 0x6d2b, 0xe7ab, 0x6ead, 0xf67a, 0x877b, 0x5e97, 0xb0bb,
    0x524c, 0xca77, 0x5ccb, 0x011a, 0x9eca, 0xd09d, 0x99f9, 0x233e, 0x51c5, 0x7821, 0x3c94, 0xe088, 0xd916, 0x990f, 0xd791, 0xaeab,
    0xc7d6, 0x1dcf, 0x40e8, 0xcc68, 0x9fee, 0x4623, 0xe874, 0xdcbf, 0x206e, 0x5cab, 0xd760, 0x88db, 0x7ff3, 0xa706, 0x0007, 0x3044,
    0x7c0e, 0xd838, 0x066b, 0x2faa, 0xa4c1, 0xcdd5, 0x28fc, 0xc63c, 0xccba, 0xdf68, 0x7231, 0x2151, 0x05fd, 0x8898, 0xda3c, 0x96cf,
    0x1301, 0xb599, 0x81a5, 0x95e1, 0xb45b, 0x7a41, 0xac04, 0x5650, 0xbaf1, 0x7b87, 0xa38e, 0xce22, 0x4698, 0xd395, 0x2cde, 0xf629,
    0x1931, 0xb855, 0xb373, 0xe47c, 0x6674, 0xac59, 0xd695, 0xc5fb, 0x07e8, 0x8293, 0x7ea6, 0x3e00, 0x7db4, 0xfc35, 0x2331, 0x3498,
    0xa3b3, 0x4947, 0x6935, 0x9b69, 0x8329, 0x33b3, 0xc215, 0x30e6, 0x28da, 0x3cc2, 0x3307, 0xca17, 0xe7b6, 0x753f, 0xece8, 0x2af8,
    0xf00e, 0x57d7, 0xdcbd, 0xf51d, 0xa330, 0x6e40, 0xdc8d, 0xb511, 0x8b98, 0x08b0, 0xacca, 0x9624, 0x6185, 0xcff7, 0x5e3c, 0xc49a,
    0x0444, 0x79eb, 0x5466, 0x068c, 0xcfa9, 0x688e, 0x886f, 0x9318, 0x366b, 0x7b7f, 0x3490, 0xb050, 0x0896, 0xdc15, 0x8fee, 0x1f47,
    0x4eeb, 0x0bd6, 0xc311, 0xdf1b, 0x224c, 0xfd91, 0xbcbf, 0x4e0a, 0x681e, 0x80cc, 0x0f6f, 0x314f, 0xdac8, 0xc7e7, 0x7f30, 0xab61,
    0x46fd, 0x508d, 0x680f, 0xa8cc, 0x6536, 0xf6d8, 0xa4ea, 0xcb7b, 0x37f7, 0x7ac4, 0x1f01, 0x5c51, 0x5693, 0x4026, 0xadc3, 0x4bae,
    0x0c0e, 0x916a, 0x6f37, 0xc816, 0xb309, 0x2c68, 0x40ed, 0x737d, 0x35c4, 0x61ff, 0x815d, 0xbf0e, 0x1acf, 0x901a, 0xc1de, 0x757f,
    0x062e, 0x3e49, 0x90f2, 0xfbd4, 0x1707, 0xa4b3, 0x054a, 0x5099, 0x09d1, 0xe5a0, 0x3126, 0x51b4, 0x86ee, 0xc184, 0x2639, 0x50b0,
    0x85da, 0x0d94, 0xb20e, 0x7d88, 0x2cce, 0xb4c2, 0x7af8, 0x2fe8, 0x14e7, 0x8b4a, 0xa56e, 0x96f2, 0x5ae1, 0xbc9f, 0xaa15, 0xd787,
    0x6426, 0x1c2c, 0x83e7, 0x2124, 0xc080, 0x2022, 0xdf67, 0xc101, 0x104a, 0xcf1f, 0x71d9, 0xbbfb, 0x570d, 0x6837, 0x2124, 0xf6dd,
    0xa29a, 0x0d6d, 0x245e, 0x7513, 0x6ed4, 0x38c5, 0xc4a3, 0xb5ea, 0xadcd, 0x43c6, 0xe66f, 0xb88a, 0xdc52, 0xc988, 0x03a3, 0xae05,
    0x0b3b, 0x2b40, 0xbdc3, 0xe248, 0x44f1, 0xff34, 0xb114, 0xe344, 0x37b0, 0xb25e, 0xafd8, 0x6ecb, 0x8c26, 0x245b, 0x0e45, 0x2ed6,
    0xd090, 0x8603, 0x26f6, 0xcc3a, 0x607c, 0x4273, 0xbfbf, 0x6015, 0x30c7, 0x3a83, 0x772f, 0xcb67, 0xe876, 0x1ae5, 0xe255, 0xfd8d,
    0x2db5, 0x1497, 0x8350, 0xb0d8, 0x8f9d, 0xc003, 0x4018, 0xa5f6, 0xf450, 0x7263, 0x8201, 0xe5a0, 0xf3a1, 0xcdf0, 0xa581, 0x110e,
    0x0628, 0xd461, 0xe2ab, 0x4895, 0xf10a, 0x43e0, 0x5625, 0xb0ec, 0x5628, 0x8693, 0x5274, 0x1f25, 0xd08d, 0xfcc7, 0xa1fe, 0xf2ae,
    0x85e9, 0xe949, 0xe15b, 0xa665, 0x93e0, 0xc893, 0x9a4f, 0x1f9c, 0x4285, 0x5a3e, 0x4723, 0x4419, 0x62b9, 0x251e, 0xe691, 0xde36,
    0xc18f, 0xbda3, 0x4848, 0x57b0, 0x17d7, 0x971a, 0xb99a, 0x5311, 0x5e37, 0xa706, 0x3b20, 0xab3b, 0xee02, 0xa335, 0xe676, 0xe1f4,
    0x5629, 0x2258, 0xacc2, 0x8471, 0x4d0f, 0x66f8, 0x1583, 0x8ed0, 0xa694, 0x1d05, 0x2607, 0x55c2, 0xb6cb, 0xd1de, 0x1959, 0xfec5,
    0x0931, 0x6ed1, 0x109e, 0x0f23, 0xd42c, 0x7e35, 0x63f7, 0x1900, 0x1154, 0x82e4, 0xbbf4, 0x0f4f, 0xa20c, 0x2a4d, 0x9b7d, 0x47f9,
    0x68ba, 0xa0e5, 0x8240, 0xb4a1, 0xbe67, 0xd148, 0x4f7d, 0x5a27, 0x2ccc, 0xd5c5, 0x0d81, 0x8e21, 0xd527, 0x6448, 0xcda4, 0x0351,
    0x6b57, 0x7cf8, 0xbc80, 0x2c70, 0x2d5d, 0x233d, 0x1705, 0xfd58, 0xbfbf, 0x694a, 0x27c6, 0x92e7, 0x560a, 0x9611, 0xf4f7, 0xc938,
    0x0fff, 0xadef, 0xc6b4, 0x487a, 0xf340, 0x2591, 0x2e0f, 0x1028, 0x697f, 0x0790, 0xb462, 0x08d0, 0xab1a, 0x546e, 0xdb39, 0xa472,
    0xfe47, 0xe52b, 0x94b9, 0x1533, 0x32ba, 0x9845, 0xdc99, 0x22a0, 0x41d7, 0x1137, 0x996f, 0x258f, 0x7b49, 0xd29b, 0x6ea4, 0x3258,
    0x2635, 0xfa91, 0xa6eb, 0xf989, 0xfef2, 0x69dc, 0xdf17, 0x675e, 0x7907, 0x9d6c, 0x997b, 0x895e, 0x2df4, 0x025e, 0x61f1, 0xc2b1,
    0x605a, 0x0c80, 0xaa1e, 0xd6f6, 0xfb93, 0xd757, 0x0683, 0xd36d, 0xf7df, 0x99c8, 0xf3af, 0x5ee1, 0x8b12, 0xb3f6, 0xcc59, 0x77db,
    0x0dbc, 0x9fd3, 0x17b6, 0x2964, 0xfcc3, 0x8c41, 0xd852, 0x3e65, 0xffa7, 0xea76, 0x039c, 0x7b57, 0x5b07, 0xb627, 0xc99a, 0x66a0,
    0xb7e2, 0xbff8, 0xd582, 0x274b, 0xa733, 0xc28e, 0x2e8e, 0x824d, 0xca2c, 0x8a0f, 0xe15a, 0x7e6e, 0x06ba, 0xf635, 0x19e9, 0xb653,
    0xb0da, 0x1ecc, 0xd5e4, 0xe194, 0x100c, 0x62ca, 0xd7a0, 0x9bc5, 0x29b5, 0xa9b8, 0x018f, 0xf250, 0x379c, 0x9fe0, 0xc1ff, 0xc0cf,
    0xb326, 0x34b6, 0xb7ac, 0x63c1, 0x5cf2, 0x23f3, 0x368b, 0xc9d7, 0x290d, 0xd115, 0xd546, 0x6bbc, 0x7794, 0x3d69, 0xab1c, 0x325a,
    0x81dc, 0x608c, 0x6641, 0xd3b5, 0x6415, 0xab89, 0xe2c7, 0xae13, 0xab7e, 0xfe46, 0x6a27, 0xa9d5, 0xd10d, 0xd78f, 0x42f6, 0x29cf,
    0x887a, 0x07be, 0xb96e, 0x91e7, 0x4c1d, 0xad92, 0x4854, 0x6c8b, 0x0cd9, 0xc5e6, 0x0a44, 0xb65c, 0x6eed, 0x1599, 0x1bcd, 0x5875,
    0x7b1c, 0xb61f, 0x159e, 0x594c, 0x2c30, 0x0c93, 0x479e, 0xcbda, 0xc156, 0x7328, 0xdc38, 0x057a, 0x3ca2, 0x5d4b, 0x8c4d, 0x222c,
    0xf637, 0x3e1f, 0x0b9f, 0x5f52, 0xac00, 0xf984, 0xd5a7, 0x550c, 0xf5d0, 0x279f, 0x831e, 0x95e2, 0x8614, 0xf2e1, 0x4fc1, 0xbd3a,
    0x1edd, 0xd89b, 0xf8cd, 0x73ed, 0xa3b0, 0x13ed, 0x9bee, 0x73b0, 0x2f8c, 0xfb74, 0xbe8c, 0x10cd, 0x97ad, 0x1920, 0x25d7, 0x5278,
    0x429f, 0x44f0, 0xa705, 0x218f, 0xbbed, 0x89d2, 0x9864, 0x95d8, 0xec55, 0x1d44, 0x0aa8, 0xe9df, 0x5e5e, 0x3147, 0x72d2, 0x1d34,
    0x7782, 0xe905, 0xeca3, 0xcd25, 0x0de4, 0x37b2, 0xbd8b, 0x4c1a, 0x4277, 0xf230, 0x4002, 0x7f57, 0x0785, 0xdb1f, 0xdf5c, 0x8b45,
    0x3c09, 0xf13e, 0x4c7a, 0xd628, 0xc33b, 0xc88e, 0x9257, 0x698c, 0x80ab, 0x35ea, 0x33ad, 0x39e6, 0xa10f, 0x14e7, 0xf8c3, 0x5cf9,
    0x1749, 0x7075, 0x95e9, 0xb688, 0xb61b, 0xd5ec, 0xd243, 0x23b7, 0xce52, 0x1a83, 0x574e, 0xacb7, 0xb96e, 0x5b5c, 0xd0b8, 0xc51e,
    0x38ca, 0x8011, 0x84c9, 0x22b5, 0x1131, 0x07ca, 0x0d4b, 0x32b3, 0xcb27, 0x68a7, 0x58fa, 0xb584, 0xff83, 0xc9c5, 0x9d70, 0x8913,
    0x1888, 0x5fff, 0x616e, 0x29ab, 0xefa0, 0x34b0, 0x47e7, 0xf10e, 0x2f80, 0x9f65, 0xc35a, 0x9c6f, 0xe2c1, 0x39e3, 0x59ae, 0x20a2,
    0x171e, 0x968f, 0xa0ba, 0x54cb, 0xfd1e, 0x8199, 0x9b11, 0x7be0, 0x6c1c, 0x147a, 0x9d6d, 0x3440, 0x330a, 0x63f3, 0x64ac, 0xd610,
    0x1d99, 0x10a5, 0x840a, 0xc80c, 0x15d2, 0x8202, 0xd44b, 0xd2ae, 0x4a4a, 0x13f8, 0x0ae4, 0xfa1c, 0xc0c8, 0xfec2, 0x2219, 0xe647,
    0x3d72, 0x41ad, 0xb92f, 0x61e9, 0xe65e, 0x57ff, 0x1581, 0xf79c, 0x8bd1, 0x0081, 0xebd0, 0x35b6, 0xfceb, 0xdf87, 0x9a38, 0xa08a,
    0x50bf, 0x4385, 0xfa87, 0xdb4c, 0x8bef, 0xd405, 0x7537, 0x0f2e, 0x8b00, 0x733b, 0x7cd0, 0x193a, 0x98de, 0x1a08, 0x19c5, 0x86ae,
    0x9a03, 0xf68b, 0xaeec, 0xe7ac, 0x3434, 0x9515, 0x9e63, 0x8079, 0xdaa1, 0x5bc7, 0xf6f3, 0xe16b, 0x2680, 0x208e, 0xd1ed, 0x6d0f,
    0x644a, 0x21a9, 0x89b3, 0x54f9, 0xbd50, 0x28be, 0x707b, 0x151b, 0xe5f4, 0x204b, 0x2fda, 0xf56d, 0xb848, 0xe3cc, 0x787c, 0x9a6d,
    0xa321, 0x9239, 0x2abd, 0x2ba4, 0x55f3, 0x2af0, 0x9f85, 0x1910, 0x90d2, 0xbd61, 0x399f, 0x06fc, 0x810f, 0xf319, 0xe79b, 0xe828,
    0x928f, 0x3c22, 0xbe65, 0xce9a, 0x1d48, 0x6634, 0x53f7, 0x7afe, 0xd776, 0xe634, 0x02d8, 0x3242, 0x7453, 0x9c22, 0xbe10, 0xe20c,
    0x5720, 0x59c5, 0x9d7d, 0x1b59, 0xc2f3, 0xf392, 0xcac1, 0xebec, 0x6eb7, 0x245d, 0xf6a7, 0x1df1, 0xe5f2, 0x0b30, 0xff15, 0xe667,
    0x9ddf, 0x8bff, 0xed63, 0x89cb, 0x2720, 0x5a8a, 0xf567, 0xff6d, 0x63d7, 0xf804, 0x9ca0, 0x1b40, 0x2a57, 0x6b0e, 0xb258, 0x4617,
    0x3c53, 0xfa38, 0x3ff8, 0x4c63, 0xfa7b, 0xb115, 0x19e1, 0x4b96, 0xbca4, 0xf7c5, 0x38e1, 0x45dc, 0x3674, 0x04ec, 0x8424, 0x645f,
    0xd08a, 0x7252, 0x338a, 0x7016, 0x5e2a, 0xbbc3, 0x72a5, 0x88f7, 0x1765, 0xf0cb, 0x6c01, 0xa3fa, 0x3fa8, 0x60a1, 0x6525, 0xd71f,
    0x6107, 0x88ab, 0x12fb, 0xfc4c, 0x83de, 0x0d89, 0xceb0, 0xb2a8, 0x4ae1, 0x06b6, 0xd315, 0x464e, 0x5be2, 0x6461, 0x2a9c, 0x869f,
    0xfcdb, 0xb827, 0x75a1, 0x1304, 0x4dba, 0x27f2, 0x317d, 0x2631, 0x066c, 0xd39b, 0xa7c4, 0x6805, 0x218b, 0x74f3, 0x2e3c, 0xcdb5,
    0x5b8e, 0x8226, 0xdf5b, 0x10a5, 0xee6c, 0x9afb, 0x7308, 0xc3aa, 0x71cb, 0x882c, 0x601e, 0x8ed3, 0x4790, 0x9591, 0xee4a, 0x99b3,
    0x7d2a, 0x8e8d, 0x607d, 0xac2c, 0x891a, 0x2529, 0xdfc2, 0x0da5, 0xcd42, 0x0b87, 0x4ec0, 0xaae9, 0x455a, 0x8806, 0xad7a, 0x8a6a,
    0x4a37, 0xcbbe, 0x35e6, 0x1701, 0xd178, 0xd37a, 0xd8b0, 0x4933, 0x11a2, 0x1b4c, 0x42c0, 0x36ff, 0xf2ce, 0xec96, 0x1304, 0x1233,
    0x33be, 0x8e9f, 0x68e6, 0x1d21, 0xaba0, 0x2178, 0x7344, 0x9de4, 0x9033, 0x6b9b, 0x27bf, 0x5841, 0x285a, 0x6200, 0xcaa3, 0x95d3,
    0xd34e, 0xb287, 0x6f65, 0x44f3, 0xcc4b, 0x191b, 0x197e, 0x35ce, 0x92c2, 0xc717, 0xa5d2, 0xfe5d, 0x5eeb, 0xa57e, 0x2492, 0x8caa,
    0x8aeb, 0xb960, 0xcbb8, 0xef69, 0x589f, 0x72e8, 0x29d4, 0x5d7f, 0xfb96, 0x2ee6, 0xc194, 0x0391, 0x4fe6, 0xb2df, 0xb58a, 0xa081,
    0x251f, 0xeb91, 0xacae, 0x7802, 0x863d, 0xb5e4, 0x9740, 0xa40b, 0xe575, 0xfaa9, 0x7c1f, 0x4c8a, 0x9532, 0xe45c, 0xf6ca, 0xcda9,
    0x7500, 0x77ef, 0x8daf, 0x54a6, 0x3b56, 0x5794, 0x893d, 0xfb04, 0x43b4, 0xf87a, 0x7312, 0xe871, 0x4944, 0x12bc, 0xe603, 0x82f9,
    0xf60a, 0x93e0, 0xd696, 0x35c4, 0xae96, 0xdbf1, 0xfbc7, 0xd67c, 0x8213, 0x8d03, 0x807e, 0x3103, 0xa6fd, 0xb53b, 0xa575, 0xc1c1,
    0x6c4f, 0x9b4a, 0x7bb5, 0x2655, 0x0726, 0xf582, 0x5f57, 0x4d07, 0x24df, 0xd366, 0x5b03, 0xea70, 0xa9cc, 0x019d, 0x1bdf, 0x3dcd,
    0x8459, 0x3089, 0x9de8, 0xabc5, 0xfcae, 0xa549, 0x38e3, 0x37b2, 0x68e3, 0xbd44, 0x35b7, 0x636b, 0xad95, 0x0c2c, 0x946e, 0x7d7b,
    0x732c, 0x5c89, 0x2a8c, 0xe60c, 0x775a, 0x5acb, 0xc1e6, 0x5217, 0xe363, 0x32bf, 0x6039, 0x951b, 0x0ece, 0xe79b, 0x5eed, 0xf991,
    0x9658, 0xae9f, 0x7b78, 0xaf9b, 0x2fcf, 0x1406, 0x885e, 0x5a3d, 0x2236, 0x3275, 0xe6a1, 0x4341, 0xca50, 0xc53c, 0x6f83, 0x3d6e,
    0x13e0, 0x5cbf, 0xf702, 0xbd60, 0x4f3f, 0x7d79, 0x0ec6, 0x30be, 0x4b9d, 0xf18b, 0x3188, 0x1c07, 0x1d90, 0x14c9, 0xfef3, 0x06da,
    0x7a52, 0x633d, 0xb006, 0xbed5, 0x0f48, 0x122c, 0x6c13, 0xf8a9, 0xbe61, 0xfba3, 0xa609, 0xd81f, 0x2677, 0xa482, 0x2a7a, 0x662d,
    0x60b9, 0xa4f9, 0x05e8, 0x7de1, 0x5a27, 0x3b9c, 0xebc0, 0x3793, 0xb1cc, 0x52e5, 0x45bb, 0x5ac1, 0x8369, 0xc132, 0x93c8, 0xde36,
    0x069b, 0x0b61, 0x4474, 0xfefc, 0x6a73, 0x71d2, 0xadca, 0xf589, 0xd5ad, 0x8fe5, 0x4ebf, 0xd191, 0xf35e, 0x560d, 0x0128, 0x8441,
    0xf40a, 0xa64a, 0x4412, 0xa117, 0x6b60, 0x5b4b, 0x46a7, 0xdd24, 0xf24a, 0x01d4, 0xdba6, 0xd4d4, 0xf5b0, 0x0ce0, 0xfd47, 0x2029,
    0x998d, 0xcc1e, 0x098f, 0x3da6, 0x1894, 0xed08, 0x5f53, 0x5b70, 0x8871, 0xce44, 0x8396, 0x8726, 0x6a59, 0x6de6, 0x7763, 0x4c3e,
    0xf027, 0x39c2, 0x664b, 0x489d, 0x5e3d, 0x8a8b, 0x5549, 0xc001, 0x716a, 0x1169, 0xfa18, 0xb5d5, 0x31a9, 0xffee, 0x632d, 0x9551,
    0x196d, 0x328d, 0x9821, 0xf05f, 0xf904, 0x25da, 0xda81, 0x5cea, 0x7efa, 0xfdd9, 0xaf56, 0xf877, 0xcca9, 0x6828, 0x58ed, 0x9ab6,
    0xff5b, 0xa06d, 0xe968, 0x3df5, 0x160e, 0x5f75, 0x9577, 0xa6b9, 0x1b72, 0xfcba, 0x6fe2, 0xd151, 0xfcb0, 0x8a5c, 0x355c, 0x2e36,
    0xf48c, 0x33b6, 0x5100, 0x34be, 0xf30f, 0xa658, 0xc126, 0x5484, 0xe997, 0xcdaf, 0x04d2, 0xcd0f, 0x63ad, 0xa8d4, 0xb9aa, 0x7429,
    0x5402, 0x8355, 0x123c, 0xf2b6, 0x7e27, 0x5812, 0xcd04, 0x7fdb, 0x64ba, 0xa6d3, 0xd3cd, 0xa2dc, 0x240e, 0x8449, 0x2b9b, 0x0366,
    0x2143, 0x2caa, 0x5cf8, 0xd04e, 0xf5ff, 0xe09e, 0xfd0c, 0xc4d3, 0x809a, 0x54d2, 0x7ee3, 0x5478, 0x80b1, 0x7c07, 0xf55b, 0x0540,
    0xa857, 0xf39b, 0xed8b, 0x8075, 0x89cb, 0xda7b, 0x09b9, 0x61fe, 0x498b, 0x5ac8, 0x84ae, 0x4e0c, 0x7d09, 0xadca, 0x45ad, 0x5582,
    0x1dd0, 0xe281, 0xacd4, 0x30a1, 0xf930, 0x2eac, 0xc008, 0x5866, 0x8453, 0x1257, 0xe050, 0x8645, 0x7d06, 0x15cb, 0xafd4, 0xa278,
    0x3ebb, 0x6a40, 0x5032, 0xa8bc, 0x3457, 0x34b6, 0xa16f, 0x8ba2, 0x4e40, 0xcb9c, 0xa95d, 0x9e5e, 0xe504, 0xaed9, 0xcb7c, 0x8d00,
    0xf098, 0x823d, 0xf972, 0x6b43, 0xfbea, 0xd299, 0x83e6, 0xe1cd, 0xbd11, 0xed47, 0xb3ed, 0x0208, 0xb9f7, 0x9232, 0xd4e6, 0xc86a,
    0xe177, 0xc85a, 0xd6fa, 0xd51b, 0x8115, 0x9cd7, 0x31ee, 0x636d, 0x7f1a, 0x1475, 0x3099, 0x0779, 0x4143, 0x179a, 0x4cca, 0x3a82,
    0x27e4, 0xa0f3, 0xc39d, 0x3dc2, 0x0584, 0xf673, 0x0a7c, 0x5b96, 0x7b28, 0x34bf, 0x4c83, 0x0f58, 0xa0d3, 0xf54f, 0x985e, 0x1ba2,
    0xe2de, 0x56fa, 0xe6b1, 0x1729, 0x7b56, 0x30f3, 0xa10a, 0x77dc, 0x7079, 0xb84d, 0xd143, 0xa4d7, 0x7f1e, 0x6012, 0xa165, 0x1697,
    0xd9f6, 0x3bc1, 0x541a, 0x0db9, 0x2541, 0xac50, 0x5d95, 0xe851, 0x96dc, 0x9fc3, 0xc4eb, 0x9db6, 0xa2f4, 0x2b2e, 0x760f, 0x68b7,
    0x1d37, 0xc72d, 0xac2d, 0x286a, 0x366f, 0xf710, 0x1c94, 0x7f8a, 0x3ea0, 0xa242, 0x0a1d, 0x3a1d, 0x93d8, 0xe857, 0xe91d, 0x01cc,
    0xa52b, 0xb7a8, 0xbbc1, 0xe8b2, 0x727d, 0xee3c, 0xcefe, 0xd295, 0x7089, 0x4d6d, 0xffed, 0x44bf, 0x39a5, 0x07dd, 0x31c9, 0xa42f,
    0xf2de, 0x320a, 0x1c39, 0x6a7c, 0xcda0, 0xdd4c, 0x1a54, 0x5906, 0x8de2, 0x255f, 0x2200, 0x32cb, 0x7ccb, 0xf87b, 0x8bc5, 0x04b3,
    0xafd2, 0xe1bd, 0xd363, 0x843b, 0x0c81, 0x9e44, 0xf88e, 0x8ce9, 0xf07e, 0xc4be, 0xa867, 0x43f7, 0xe633, 0x4770, 0xd759, 0xea9e,
    0x4e21, 0x1895, 0xf3ab, 0xe6e0, 0x644c, 0xb9a7, 0x5825, 0x0ada, 0x8a95, 0xfcb6, 0x27b6, 0xa279, 0x3f45, 0xc082, 0x3934, 0x4fd3,
    0xa83f, 0xef09, 0x3bd3, 0x3de7, 0x1aa4, 0x8679, 0xbc13, 0xb1e2, 0x86ff, 0xf4db, 0x3114, 0x82f9, 0x31f0, 0x8df2, 0xba93, 0x8096,
    0xa146, 0x63eb, 0xb746, 0x4f36, 0x25b8, 0x4a3d, 0xdbcf, 0xc39a, 0xe903, 0x4b55, 0xf214, 0x44b3, 0xe897, 0x5889, 0xe930, 0x3bc4,
    0xc4ba, 0x7ca2, 0x5dde, 0x1b42, 0xcc32, 0x58ef, 0x435c, 0x040f, 0x2c6d, 0x34c5, 0xd4d0, 0x9152, 0xae2c, 0x677c, 0x7745, 0xd2a8,
    0xe6a7, 0x6513, 0xb3ed, 0xfcfb, 0x453e, 0x3514, 0xf32d, 0xd9d1, 0xe586, 0x9c48, 0x1fea, 0x7d09, 0x8e15, 0xc091, 0xdb90, 0x4912,
    0xc39c, 0x8f95, 0x6a55, 0xc9da, 0x587d, 0xafb1, 0x0039, 0x6dfd, 0x6113, 0x438c, 0x966f, 0xa68f, 0xf435, 0x4819, 0xf13d, 0x7560,
    0xa08f, 0xd520, 0xfe60, 0xf1d5, 0xfe1e, 0x084a, 0x33fe, 0xcc1d, 0x445f, 0xe2a6, 0x1807, 0x570b, 0x4d09, 0xe0bd, 0x981a, 0x2053,
    0xeb27, 0x94fa, 0x5a00, 0x9f4a, 0xfed1, 0x0cd6, 0xac79, 0x0243, 0x2d34, 0x4847, 0x40bd, 0xa23f, 0xa561, 0x8bd3, 0x5451, 0x254e,
    0xd958, 0xd51d, 0x737a, 0xd740, 0x93b5, 0x39e1, 0x7c20, 0x4101, 0x51e5, 0x7980, 0x0937, 0x864e, 0x4ac0, 0x8910, 0xeea6, 0x9213,
    0x09b6, 0x61de, 0xedb2, 0x991d, 0x067c, 0xda6b, 0x49ea, 0xfb6c, 0x212f, 0xd203, 0x6686, 0x0bf8, 0x6afd, 0x76c5, 0x144a, 0xc704,
    0x2344, 0xee21, 0xb804, 0xfed4, 0x5153, 0x27ec, 0xf15e, 0x070c, 0xe26a, 0x23e0, 0xea4e, 0x665e, 0xb491, 0x71a0, 0xf704, 0x96e3,
    0x7599, 0x3348, 0xae48, 0x5ce0, 0xbed6, 0x6a7b, 0x2263, 0xbc07, 0x5551, 0xd7ca, 0x62a1, 0x1343, 0xf657, 0x34f5, 0xecfc, 0x6713,
    0x98a9, 0x113c, 0x38d0, 0x6228, 0x8a3e, 0x1883, 0x0187, 0x14da, 0x523b, 0x0cdc, 0x7a1a, 0xfad1, 0xbfc2, 0x3a7d, 0x10fc, 0x4f58,
    0x0d15, 0xae54, 0xec7f, 0x3826, 0x7f2c, 0xf717, 0xc7b2, 0xcea3, 0x69e7, 0xb8b9, 0x57d3, 0x8fb8, 0x00bb, 0xda7b, 0xe238, 0x3a07,
    0xdbdb, 0x9778, 0x2aae, 0xa2c2, 0x99cc, 0x39b2, 0x6269, 0x88f1, 0x85a5, 0xc780, 0x3f69, 0xef2e, 0xa9ad, 0x6bb6, 0xe464, 0x03f9,
    0x3684, 0xe00e, 0xc132, 0x207b, 0xa6c8, 0xa258, 0x139f, 0xe5d8, 0x8740, 0x3bd3, 0x30fd, 0x00da, 0x4b8b, 0x635c, 0x3fd1, 0x9c70,
    0x1726, 0x41ec, 0x8a6c, 0x0a3b, 0xe34e, 0xa186, 0x11d7, 0xa9e5, 0xe902, 0x4ed9, 0x8916, 0x9702, 0xb7a7, 0x754d, 0x6118, 0x2554,
    0xe03b, 0x3d81, 0x0d31, 0xb372, 0x9d03, 0x7644, 0x2807, 0xdc2c, 0x5db3, 0x9031, 0xa0da, 0x8e4e, 0x9ffb, 0xb3b8, 0x9988, 0x12e5,
    0xfcd8, 0x39a5, 0x1ce0, 0x8a17, 0xd216, 0x4e0e, 0x55a7, 0xe642, 0x709a, 0x05fc, 0x6de5, 0xedea, 0x36f5, 0xaf64, 0xbed7, 0x4c02,
    0x8081, 0xa3bc, 0x7950, 0x3699, 0xd12f, 0x64ea, 0x6eb3, 0xb434, 0x2587, 0x4cdf, 0x2249, 0x0795, 0xcf70, 0x9798, 0xcb38, 0x49f5,
    0xc742, 0x0fb1, 0x6ed6, 0xbbef, 0xd96f, 0x255f, 0xbb9f, 0xd49a, 0x98bf, 0xb7f7, 0xcca9, 0x9770, 0x7ce6, 0x5a0d, 0x7d70, 0x3894,
    0x15a5, 0x57dc, 0x7651, 0x9785, 0xba8b, 0x4865, 0x996e, 0x9880, 0x9f11, 0x70ea, 0xf81b, 0xe43a, 0xb334, 0xc307, 0xf8b3, 0x162b,
    0x38b7, 0xbd1d, 0xd51e, 0xe14c, 0x74b1, 0xf581, 0x1997, 0x337f, 0x65c1, 0x97e0, 0x4c33, 0xdf23, 0xe6d0, 0x9d48, 0x64c1, 0xd38e,
    0x25fc, 0x06e6, 0x3d0e, 0x6bc4, 0xd876, 0xe2bc, 0xa210, 0xdba2, 0x129f, 0x636e, 0x2d12, 0x43df, 0x2c97, 0xd21a, 0x8dc3, 0x7419,
    0x9b7f, 0xa307, 0x6c83, 0xe3cd, 0x271b, 0x7493, 0x8d55, 0xe980, 0x63f4, 0x40b9, 0x5b57, 0xb893, 0xd9ff, 0x8934, 0x8488, 0x2d8f,
    0xbfd3, 0xc5e9, 0xce58, 0xf0db, 0xb243, 0xde01, 0xca67, 0xf826, 0x5085, 0xf36b, 0x9410, 0xedff, 0x24eb, 0x48e0, 0x3e42, 0x8849,
    0xc1fb, 0x8a6c, 0x19e3, 0x54ee, 0x7c11, 0x4097, 0x7cb2, 0x052d, 0xa7a1, 0xb59c, 0x30e2, 0xbf4f, 0xc3c6, 0x15dc, 0x34a3, 0x7f21,
    0x7976, 0x1204, 0xf2f1, 0x0c73, 0xd731, 0xcc47, 0x9c3e, 0x909d, 0xb10d, 0x57fd, 0xc7d9, 0x5237, 0x8d80, 0x9360, 0x05f8, 0x9f53,
    0x0668, 0xa46d, 0x89fc, 0x6e4b, 0x06db, 0xdf9b, 0x9581, 0xbd0f, 0xcd1b, 0x619e, 0xcb9c, 0x36ee, 0x1976, 0x2349, 0x14e2, 0x28ca,
    0x7145, 0xd02b, 0x3bc4, 0x4bff, 0xdea2, 0x2799, 0xe96f, 0x6f98, 0x1490, 0x3029, 0x2b42, 0x8818, 0x5fa0, 0x05be, 0x28b2, 0x2dc6,
    0x4b25, 0x8a0f, 0x31ad, 0x1174, 0x62c1, 0xbfbe, 0xcd85, 0x6fc5, 0xf8b3, 0x17c6, 0xf25f, 0x0af8, 0x585c, 0x7991, 0x0d13, 0xb322,
    0x4d84, 0x4d86, 0x018a, 0xe522, 0x67dc, 0x520d, 0xcbc0, 0x87a4, 0xe353, 0x830a, 0xe916, 0x4f30, 0x9c9c, 0xdbfd, 0x3242, 0xd033,
    0xfa72, 0x3c69, 0x4dbe, 0xc7f5, 0x331f, 0x3705, 0x629a, 0xa3d1, 0xd6b7, 0x1324, 0x33fb, 0xcef9, 0x05ce, 0xc8bf, 0x4d03, 0xcebf,
    0x3c7e, 0x3f1f, 0x651b, 0xb564, 0x1a32, 0x95ad, 0xa504, 0xf35d, 0x0da8, 0xbfaf, 0xf428, 0x0f0b, 0x4dd1, 0x3a29, 0xf681, 0x4b24,
    0x06ae, 0x2488, 0xe2fd, 0xc364, 0x233a, 0x8385, 0xda84, 0x07d0, 0x9b77, 0xf6ce, 0xe73b, 0xbe8d, 0xaf12, 0xa8f1, 0x4c7e, 0x542f,
    0xf489, 0xc206, 0x4f45, 0x425d, 0xa4ed, 0x248e, 0x1f10, 0xf542, 0x0be8, 0xbd21, 0x074b, 0xd73c, 0x847a, 0x2c60, 0x912f, 0x8b31,
    0xea1e, 0x137d, 0xbe40, 0xdd4c, 0xe669, 0xcb50, 0x031a, 0x724a, 0x0345, 0xcdcd, 0x2af1, 0xbd41, 0xe97b, 0x9a2d, 0xcb58, 0x43fb,
    0xb3f8, 0x5b45, 0x70db, 0xb991, 0xbf68, 0x18bd, 0x2bae, 0xf7ec, 0xde5d, 0xba72, 0xa549, 0x5f50, 0x59fd, 0xa6a0, 0x6630, 0xa4df,
    0xa71a, 0x4253, 0x7459, 0x9736, 0x3805, 0x1c65, 0xf237, 0xe1c8, 0x5272, 0x0b38, 0xe5ec, 0x56a2, 0x5260, 0x047e, 0xd16a, 0xc6b3,
    0x411a, 0xf7f6, 0x42a5, 0xf0a0, 0x28eb, 0x744b, 0x04b0, 0x8de9, 0x0d55, 0x5eb8, 0x18f7, 0x06df, 0xef96, 0x8508, 0x2141, 0xd4cb,
    0xc7f1, 0x521a, 0x6216, 0x1abd, 0xdb4c, 0x6cea, 0x0596, 0x7ce7, 0x554a, 0x8a18, 0xc702, 0xbe3a, 0x8f0b, 0x37fc, 0xae76, 0x2cf1,
    0xea36, 0xed22, 0x0580, 0x6507, 0xa8cd, 0x2145, 0x2be8, 0x71c9, 0xa923, 0xb8fb, 0x7522, 0xd572, 0x6ea0, 0x8ba3, 0xb63d, 0x7f7b,
    0x5ef3, 0x4be9, 0xac3e, 0x3972, 0x9b96, 0x9ae2, 0xe316, 0x922b, 0x6025, 0x8d7e, 0x44fd, 0xcfa4, 0x4ccd, 0x6cb8, 0xfa54, 0xef3a,
    0x85a8, 0xf7da, 0xc230, 0x3c67, 0x0e58, 0xf1bf, 0x6b25, 0x861c, 0x4a18, 0x4050, 0x949c, 0x7a99, 0x086c, 0x667e, 0x60f5, 0x317f,
    0x066e, 0xa0c8, 0x3fb0, 0x6cdc, 0x4c39, 0x6c63, 0x7884, 0x982f, 0x4f46, 0xc087, 0x9ea7, 0x0e72, 0x40f0, 0xc2bb, 0x94d1, 0xae22,
    0x71c1, 0x3d2b, 0x498f, 0x4445, 0x30df, 0x9fc9, 0xd42e, 0xd579, 0x107b, 0xd3c8, 0x1a35, 0x4de5, 0xf648, 0xa9ab, 0xa530, 0x9f6e,
    0xe0af, 0x29d2, 0xd12f, 0xd690, 0xc878, 0x8f79, 0xfba6, 0x2d84, 0x8703, 0x3634, 0xdadc, 0xa625, 0x28d1, 0x421d, 0xa5be, 0x323e,
    0x94c3, 0x4a2a, 0x3469, 0xf232, 0xefb3, 0xcd6f, 0xc0e4, 0x9263, 0xa4a8, 0xba6c, 0x70bc, 0x4ee8, 0x7981, 0xd140, 0x4ec2, 0xa5da,
    0x9804, 0x2813, 0xdd90, 0x401e, 0xf3b1, 0x9a31, 0xea5e, 0x18ac, 0xf3b6, 0x6993, 0xc86d, 0x6a57, 0xc9b9, 0xdae3, 0x9ced, 0x6c1a,
    0x5d07, 0x13e9, 0xe389, 0x63c4, 0x321f, 0x04c5, 0xd30b, 0x1773, 0x36ec, 0xa351, 0xcb00, 0x252e, 0xdb6a, 0x4143, 0x7181, 0x494a,
    0x5ec8, 0x4499, 0xa99f, 0x1b19, 0xb926, 0x0aa8, 0x0a6c, 0x4845, 0x099d, 0x3dc5, 0xfe19, 0xd69b, 0xf0f7, 0x6526, 0x322e, 0x7442,
    0xc0dc, 0xf775, 0x7fc3, 0x5e88, 0xe777, 0xb7d8, 0xf477, 0xe735, 0x7f94, 0xa58a, 0x23d2, 0x204b, 0x6d55, 0x45c7, 0x6938, 0xb64c,
    0xef4b, 0x9066, 0x4241, 0x8102, 0x0c39, 0x46dc, 0x69aa, 0xd2d6, 0xc514, 0xfdcc, 0xdac0, 0x0e79, 0x73df, 0xa0f0, 0x6550, 0x8b44,
    0x3e98, 0xb9d7, 0xf9e9, 0x500b, 0x070d, 0x40bc, 0x56f7, 0xac3b, 0xbeef, 0x4024, 0x3e03, 0x37d2, 0x8885, 0x12e4, 0xd9b3, 0x417d,
    0x8bce, 0x84a2, 0x7c25, 0x3385, 0xe822, 0x9cf1, 0x5ddf, 0xf6f7, 0xaa6a, 0x5cbb, 0x852c, 0xdd88, 0x2fb5, 0x365f, 0x7e1d, 0x19be,
    0xdc82, 0x8826, 0x0acd, 0x4dde, 0x902b, 0xe17d, 0x745b, 0x3917, 0xbd51, 0x5a2d, 0xa461, 0x0b49, 0x8e5b, 0xc4a0, 0xaec5, 0x6765,
    0xfead, 0x0252, 0xf431, 0x9c13, 0x5049, 0x42e5, 0x84e1, 0x1b32, 0xc5eb, 0x75a2, 0xec31, 0xb74f, 0x09de, 0xb56c, 0x0c6f, 0xb032,
    0x28eb, 0xf779, 0x3334, 0x1599, 0x8a21, 0xc431, 0x0e6e, 0x8858, 0xcb03, 0x42b7, 0xa9bd, 0xe246, 0xe825, 0x5f0a, 0x1c48, 0xcc8f,
    0x9a36, 0x5288, 0x0f2d, 0xcc58, 0x4fe9, 0x56d8, 0xc47e, 0xce19, 0xabe9, 0xcb90, 0xc69b, 0xb767, 0xef97, 0x963d, 0xe809, 0x0742,
    0x3a20, 0x04da, 0xbbf5, 0x0cc4, 0x0445, 0xfae0, 0x2f0a, 0xbc8b, 0xc05d, 0xb0d4, 0x68e4, 0xac62, 0x0721, 0xce41, 0x9df6, 0x3d98,
    0x38b5, 0x2651, 0xf9ea, 0x7dd0, 0xfa63, 0xdec9, 0x4a8c, 0xc63b, 0x78b5, 0x499c, 0x933b, 0xa15a, 0xd637, 0x38d6, 0x30ca, 0xff67,
    0xae7c, 0x1554, 0xb5e1, 0x40f1, 0x15e5, 0x7f9d, 0x27fd, 0x203d, 0xfdb3, 0xc38c, 0xc4ad, 0x011d, 0x64b3, 0xe648, 0xf7b4, 0xaf03,
    0x3c85, 0x96ba, 0xa93e, 0x1210, 0x6afe, 0xc8d5, 0x8cd3, 0xe227, 0xd09d, 0x42cd, 0x98e0, 0xe0c0, 0xbb10, 0xe547, 0x4e78, 0xa13f,
    0xac48, 0xf5f9, 0xf9cb, 0x67ad, 0xde50, 0x3479, 0x930e, 0x2608, 0x6b47, 0x01f7, 0x67e9, 0x2008, 0x8229, 0x632b, 0x354b, 0x3d6a,
    0x8fe3, 0x24df, 0xd9f0, 0x92aa, 0xc50f, 0xeb05, 0x492a, 0x2870, 0xdff6, 0x7235, 0xe65e, 0x891d, 0xa373, 0xcba1, 0xf0ec, 0x1d51,
    0xe1dc, 0xdbd8, 0x2880, 0xde88, 0x84d6, 0xe384, 0x5218, 0x6875, 0x7976, 0x5b20, 0xc562, 0xf0b7, 0xe8ce, 0xe8ff, 0xaa8b, 0x2d53,
    0xa532, 0xb9c6, 0x10d2, 0xb135, 0x33d8, 0x0373, 0x8556, 0xc7a3, 0x5b0c, 0xfae5, 0x5282, 0x560c, 0x9ca9, 0x03fc, 0x0fec, 0xcc37,
    0x8579, 0x6407, 0xaacb, 0xab18, 0x38c9, 0x3ecf, 0x8ee1, 0xaa17, 0x2080, 0x2624, 0x17dd, 0x02ca, 0x29ec, 0x03de, 0xf33e, 0xeb57,
    0x76ba, 0xa681, 0x9aba, 0xc730, 0xeac4, 0xb81a, 0x8f37, 0x1651, 0x7e2d, 0x67f1, 0x7c17, 0xab1c, 0xbc00, 0x8e64, 0xeb47, 0x2e80,
    0x557d, 0x938e, 0xb185, 0x7ae9, 0x3178, 0xe063, 0xbb45, 0xd575, 0xe0cb, 0x21fa, 0x6245, 0x8db5, 0xdedb, 0x27cb, 0xf33d, 0x0c02,
    0x86c5, 0xa420, 0x8c76, 0xd636, 0x250e, 0x9720, 0xfc8e, 0x930e, 0x0da9, 0xac63, 0xc9f7, 0x93d5, 0x1ed8, 0x52e2, 0x0ad7, 0xecb6,
    0x9827, 0xd78e, 0x356e, 0xa38e, 0xae2c, 0x4a5c, 0x9108, 0xfd2d, 0xc295, 0x75c8, 0x6f57, 0x711a, 0xa8ee, 0xb0d9, 0xd656, 0x4be3,
    0xdfb1, 0xd3b2, 0xc2d2, 0x87da, 0x2605, 0x1690, 0xab31, 0xe466, 0x55d5, 0x234f, 0x6aef, 0xc3c7, 0xea78, 0x2186, 0x3e6b, 0xd766,
    0x1be3, 0x04fd, 0xf770, 0x2291, 0xf640, 0xe6c1, 0x1203, 0x5bca, 0x5633, 0xb097, 0xd1e0, 0x348b, 0x3167, 0xe324, 0x104d, 0x8f93,
    0x13bc, 0xbe53, 0xe29b, 0x2daa, 0x3902, 0x9473, 0xc0f1, 0xd8ea, 0x2afd, 0x8fc2, 0x55c8, 0x968b, 0x4c2a, 0xb26c, 0x9dc6, 0xe72f,
    0x36e1, 0x5904, 0x803f, 0x9d88, 0x58ff, 0x07a3, 0x8801, 0x53d4, 0xb3fd, 0xc971, 0xe4c3, 0x0784, 0x29a8, 0xeaa6, 0x5d09, 0xe392,
    0x3d4c, 0x54f9, 0x58b3, 0xc127, 0xb157, 0x56da, 0xaba1, 0x6724, 0xe975, 0x1ccd, 0x495d, 0x0fae, 0x7945, 0xa598, 0x88c6, 0x3c94,
    0xc784, 0x78a2, 0x20bf, 0x6204, 0x2db4, 0xe717, 0x84ce, 0x6fec, 0x7c34, 0x1f78, 0xcab5, 0xc1b2, 0x4af1, 0xdb7f, 0xc046, 0x7c7d,
    0xfe9e, 0xf0d0, 0x59d1, 0xe3fa, 0xea4b, 0x8bd8, 0x210b, 0xadaf, 0x7584, 0x5d88, 0xcc70, 0xdabc, 0xaf17, 0x831c, 0xa739, 0x2026,
    0x341c, 0x70ed, 0xf1b9, 0x658b, 0xd3b9, 0xa728, 0xe245, 0x6293, 0xd72e, 0x79ab, 0x6e9e, 0xe28c, 0x56a1, 0xb1b6, 0x85e0, 0xb6da,
    0x820b, 0x52d5, 0xe2d5, 0xdfa3, 0x4731, 0x4985, 0x1efa, 0xf31b, 0x3b80, 0x4cf9, 0x2dda, 0x4b51, 0x32eb, 0xbb17, 0xe8e8, 0x0278,
    0x6af7, 0xb6ee, 0xd3fe, 0x45b6, 0xb257, 0x51ec, 0xc22b, 0x065d, 0x7543, 0x0719, 0x8343, 0x91ad, 0x15fa, 0x5166, 0x419f, 0x1743,
    0x79e2, 0xa422, 0xb887, 0xa5b8, 0x3359, 0x8ddf, 0xeb4f, 0xa5e7, 0x2fc1, 0x4e2c, 0x8472, 0x5ce6, 0x5221, 0xa57e, 0x85ac, 0x7c1b,
    0xe25e, 0x27c4, 0x705d, 0x4811, 0x38e6, 0xd965, 0x8e5c, 0x5dd6, 0x8ec0, 0x5ed7, 0x837a, 0x9ea6, 0x5a51, 0x869a, 0xcf50, 0x4a4a,
    0x206f, 0x75c4, 0x67c2, 0xcfc3, 0x2217, 0x3f05, 0x13cd, 0x5cb6, 0xce8b, 0x2c3b, 0xaefa, 0xb320, 0x61f5, 0x8279, 0xfd4c, 0x4d9e,
    0x98a6, 0x0875, 0x37a3, 0x5a2f, 0xdea9, 0x17b4, 0xf89d, 0x939a, 0xe3ea, 0x7ffe, 0xb20a, 0x8103, 0xfcfb, 0x055b, 0x52d2, 0x2471,
    0x3807, 0xc0c7, 0x454d, 0x9f58, 0x8eb7, 0x2aff, 0x6e44, 0xd610, 0x1c30, 0x1a37, 0x5448, 0x9987, 0xbfc2, 0x7a0c, 0x179e, 0x5f8e,
    0x1423, 0x0612, 0x62a4, 0x11a0, 0x22fb, 0xcee0, 0xfac4, 0xfa2b, 0xbd20, 0xd18b, 0x19cf, 0x5859, 0xdf40, 0x69c6, 0x37e7, 0xa24f,
    0x0afa, 0xe63d, 0x6dfe, 0xfe04, 0xfc8c, 0x07e1, 0x1889, 0xf885, 0xa503, 0xb326, 0xe331, 0x03a8, 0xd0db, 0x9c47, 0xe46f, 0xc282,
    0x631c, 0x35af, 0xf22d, 0xabf5, 0x8d20, 0xa8fb, 0xd69b, 0x0c24, 0xeaaa, 0x22a1, 0x8d8a, 0xec30, 0xea79, 0x37d8, 0x326b, 0xe874,
    0x6b98, 0xaf3b, 0xc69a, 0x7d5c, 0xf6e6, 0x73b8, 0x786d, 0xd2a5, 0x7d53, 0xfa23, 0x9279, 0x8d1c, 0x0287, 0xe13e, 0xbb91, 0xaefe,
    0x1beb, 0x1452, 0xaf16, 0x0eb5, 0xac7c, 0x3814, 0x15fb, 0x6c10, 0xc4d8, 0xaa43, 0xa817, 0xac1e, 0x0fee, 0xdbb5, 0x3e21, 0x4374,
    0xb428, 0x4ccf, 0xfbfb, 0x56f2, 0x110e, 0xf497, 0x3bb9, 0x9b01, 0x4170, 0x5a38, 0x60fa, 0x796f, 0xca16, 0x2905, 0x3cd1, 0x85a2,
    0x5cd8, 0x8714, 0x2a25, 0xc77c, 0x184b, 0xf63d, 0x8aa9, 0xe47e, 0x2bfd, 0x0785, 0xcc49, 0xafad, 0x48f7, 0xa963, 0x9ede, 0x27de,
    0xc704, 0x5808, 0x82ec, 0x6c4b, 0xe65f, 0xf888, 0x5849, 0xb023, 0x15b2, 0xa66a, 0x1587, 0xb427, 0xa4e3, 0x3b9f, 0x5004, 0xcef2,
    0xcc38, 0xdb03, 0xbc2f, 0x0bd3, 0x6fea, 0x4584, 0x4e81, 0x6804, 0x885f, 0x4182, 0x24d8, 0xb681, 0x96d1, 0xdcf9, 0xe072, 0x323d,
    0x0e79, 0xd1f2, 0x9842, 0x4702, 0x1a1d, 0xd5a5, 0x0bdb, 0x98a8, 0xa655, 0x19e3, 0x3ee3, 0xd0e2, 0x1837, 0xc923, 0x24f7, 0x3b81,
    0x9858, 0xc52f, 0x8602, 0xb94c, 0x5aa0, 0x6ff9, 0xc34b, 0x1127, 0xca5e, 0xc735, 0xa4b0, 0x2811, 0x02e6, 0x9a79, 0xd6b5, 0x2721,
    0x7cda, 0x23a4, 0x40ca, 0x18a3, 0x579f, 0xc9fc, 0xdc49, 0x031b, 0x27ba, 0x579f, 0x33e7, 0x0b2c, 0xb15c, 0x69ab, 0x3377, 0xa3e0,
    0x778d, 0x62a9, 0x7074, 0x5574, 0x87c5, 0xa7ab, 0x92d6, 0x2286, 0x6a3d, 0x6fbe, 0x0698, 0x13f1, 0x9e7b, 0xedfe, 0x9d6d, 0xf31e,
    0x8c71, 0x1e27,
};
