#include <stdint.h>
#include "gpu/gpu3d/raster/texture_palette_bank_fallback.h"

const uint8_t texture_palette_bank_fallback[TEXTURE_PALETTE_BANK_FALLBACK_BYTES] = {
    0x00, 0x00, 0x00, 0x00, 0x00, 0x00, 0x00, 0x00, 0x00, 0x00, 0x00, 0x00, 0x00, 0x00, 0x00, 0x00,
    0x00, 0x00, 0x00, 0x00, 0x00, 0x00, 0x00, 0x00, 0x00, 0x00, 0x00, 0x00, 0x00, 0x00, 0x00, 0x00,
    0x00, 0x00, 0x00, 0x00, 0x00, 0x00, 0x00, 0x00, 0x00, 0x00, 0x00, 0x00, 0x00, 0x00, 0x00, 0x00,
    0x00, 0x00, 0x00, 0x00, 0x00, 0x00, 0x00, 0x00, 0x00, 0x00, 0x00, 0x00, 0x00, 0x00, 0x00, 0x00,
    0x00, 0x00, 0x00, 0x00, 0x00, 0x00, 0x00, 0x00, 0x00, 0x00, 0x00, 0x00, 0x00, 0x00, 0x00, 0x00,
    0x00, 0x00, 0x00, 0x00, 0x00, 0x00, 0x00, 0x00, 0x00, 0x00, 0x00, 0x00, 0x00, 0x00, 0x00, 0x00,
    0x00, 0x00, 0x00, 0x00, 0x00, 0x00, 0x00, 0x00, 0x00, 0x00, 0x00, 0x00, 0x00, 0x00, 0x00, 0x00,
    0x00, 0x00, 0x00, 0x00, 0x00, 0x00, 0x00, 0x00, 0x00, 0x00, 0x00, 0x00, 0x00, 0x00, 0x00, 0x00,
    0x00, 0x00, 0x00, 0x00, 0x00, 0x00, 0x00, 0x00, 0x00, 0x00, 0x00, 0x00, 0x00, 0x00, 0x00, 0x00,
    0x00, 0x00, 0x00, 0x00, 0x00, 0x00, 0x00, 0x00, 0x00, 0x00, 0x00, 0x00, 0x00, 0x00, 0x00, 0x00,
    0x00, 0x00, 0x00, 0x00, 0x00, 0x00, 0x00, 0x00, 0x00, 0x00, 0x00, 0x00, 0x00, 0x00, 0x00, 0x00,
    0x00, 0x00, 0x00, 0x00, 0x00, 0x00, 0x00, 0x00, 0x00, 0x00, 0x00, 0x00, 0x00, 0x00, 0x00, 0x00,
    0x00, 0x00, 0x00, 0x00, 0x00, 0x00, 0x00, 0x00, 0x00, 0x00, 0x00, 0x00, 0x00, 0x00, 0x00, 0x00,
    0x00, 0x00, 0x00, 0x00, 0x00, 0x00, 0x00, 0x00, 0x00, 0x00, 0x00, 0x00, 0x00, 0x00, 0x00, 0x00,
    0x00, 0x00, 0x00, 0x00, 0x00, 0x00, 0x00, 0x00, 0x00, 0x00, 0x00, 0x00, 0x00, 0x00, 0x00, 0x00,
    0x00, 0x00, 0x00, 0x00, 0x00, 0x00, 0x00, 0x00, 0x00, 0x00, 0x00, 0x00, 0x00, 0x00, 0x00, 0x00,
    0x00, 0x00, 0x00, 0x00, 0x00, 0x00, 0x00, 0x00, 0x00, 0x00, 0x00, 0x00, 0x00, 0x00, 0x00, 0x00,
    0x00, 0x00, 0x00, 0x00, 0x00, 0x00, 0x00, 0x00, 0x00, 0x00, 0x00, 0x00, 0x00, 0x00, 0x00, 0x00,
    0x00, 0x00, 0x00, 0x00, 0x00, 0x00, 0x00, 0x00, 0x00, 0x00, 0x00, 0x00, 0x00, 0x00, 0x00, 0x00,
    0x00, 0x00, 0x00, 0x00, 0x00, 0x00, 0x00, 0x00, 0x00, 0x00, 0x00, 0x00, 0x00, 0x00, 0x00, 0x00,
    0x00, 0x00, 0x00, 0x00, 0x00, 0x00, 0x00, 0x00, 0x00, 0x00, 0x00, 0x00, 0x00, 0x00, 0x00, 0x00,
    0x00, 0x00, 0x00, 0x00, 0x00, 0x00, 0x00, 0x00, 0x00, 0x00, 0x00, 0x00, 0x00, 0x00, 0x00, 0x00,
    0x00, 0x00, 0x00, 0x00, 0x00, 0x00, 0x00, 0x00, 0x00, 0x00, 0x00, 0x00, 0x00, 0x00, 0x00, 0x00,
    0x00, 0x00, 0x00, 0x00, 0x00, 0x00, 0x00, 0x00, 0x00, 0x00, 0x00, 0x00, 0x00, 0x00, 0x00, 0x00,
    0x00, 0x00, 0x00, 0x00, 0x00, 0x00, 0x00, 0x00, 0x00, 0x00, 0x00, 0x00, 0x00, 0x00, 0x00, 0x00,
    0x00, 0x00, 0x00, 0x00, 0x00, 0x00, 0x00, 0x00, 0x00, 0x00, 0x00, 0x00, 0x00, 0x00, 0x00, 0x00,
    0x00, 0x00, 0x00, 0x00, 0x00, 0x00, 0x00, 0x00, 0x00, 0x00, 0x00, 0x00, 0x00, 0x00, 0x00, 0x00,
    0x00, 0x00, 0x00, 0x00, 0x00, 0x00, 0x00, 0x00, 0x00, 0x00, 0x00, 0x00, 0x00, 0x00, 0x00, 0x00,
    0x00, 0x00, 0x00, 0x00, 0x00, 0x00, 0x00, 0x00, 0x00, 0x00, 0x00, 0x00, 0x00, 0x00, 0x00, 0x00,
    0x00, 0x00, 0x00, 0x00, 0x00, 0x00, 0x00, 0x00, 0x00, 0x00, 0x00, 0x00, 0x00, 0x00, 0x00, 0x00,
    0x00, 0x00, 0x00, 0x00, 0x00, 0x00, 0x00, 0x00, 0x00, 0x00, 0x00, 0x00, 0x00, 0x00, 0x00, 0x00,
    0x00, 0x00, 0x00, 0x00, 0x00, 0x00, 0x00, 0x00, 0x00, 0x00, 0x00, 0x00, 0x00, 0x00, 0x00, 0x00,
    0x00, 0x01, 0x01, 0x01, 0x01, 0x04, 0x01, 0x04, 0x01, 0x00, 0x00, 0x00, 0x20, 0x00, 0x04, 0x00,
    0x10, 0x00, 0x00, 0x01, 0x00, 0x00, 0x08, 0x00, 0x00, 0x00, 0x00, 0x63, 0x16, 0x79, 0x50, 0x00,
    0x22, 0x87, 0x87, 0x87, 0x87, 0x87, 0x87, 0x34, 0x54, 0x00, 0x41, 0x0e, 0x2f, 0x00, 0x00, 0x00,
    0x0a, 0x00, 0x00, 0x00, 0x20, 0x00, 0x00, 0x00, 0x0d, 0x00, 0x00, 0x00, 0x87, 0xde, 0x00, 0x02,
    0x0e, 0xbd, 0x01, 0x04, 0x25, 0x73, 0x25, 0x63, 0x6d, 0x69, 0x63, 0x72, 0x6f, 0x70, 0x68, 0x6f,
    0x6e, 0x65, 0x25, 0x63, 0x25, 0x73, 0x2e, 0x77, 0x61, 0x76, 0x00, 0x25, 0x73, 0x25, 0x63, 0x6d,
    0x69, 0x63, 0x72, 0x6f, 0x70, 0x68, 0x6f, 0x6e, 0x65, 0x25, 0x63, 0x6d, 0x69, 0x63, 0x72, 0x6f,
    0x70, 0x68, 0x6f, 0x6e, 0x65, 0x2e, 0x77, 0x61, 0x76, 0x00, 0x00, 0x00, 0x67, 0x72, 0x61, 0x5f,
    0x00, 0x00, 0x7e, 0x02, 0x00, 0x80, 0x00, 0x80, 0x00, 0x80, 0x00, 0x69, 0x00, 0x1d, 0x1d, 0x1d,
    0x1d, 0x1d, 0x1d, 0x0a, 0x0d, 0x10, 0x13, 0x1d, 0x00, 0x2d, 0x34, 0x93, 0xcd, 0xcd, 0xcd, 0xcd,
    0xcd, 0xcd, 0xcd, 0xcd, 0xcd, 0xcd, 0xcd, 0xcd, 0xcd, 0xcd, 0xcd, 0x00, 0x00, 0x00, 0x00, 0x00,
    0x00, 0x00, 0x00, 0x00, 0x00, 0x00, 0x00, 0x00, 0x00, 0x00, 0x00, 0x1b, 0x1b, 0x1b, 0x1b, 0x1b,
    0x1b, 0x1b, 0x1b, 0x1b, 0x1b, 0x1b, 0x1b, 0x1b, 0x1b, 0x1b, 0x1b, 0xcd, 0xcd, 0xcd, 0xcd, 0xcd,
    0xcd, 0xcd, 0xcd, 0xcd, 0xcd, 0xcd, 0xcd, 0x97, 0xcd, 0xcd, 0xcd, 0xcd, 0xcd, 0xcd, 0xcd, 0xcd,
    0xcd, 0xcd, 0xcd, 0xcd, 0xcd, 0xcd, 0xcd, 0xcd, 0xcd, 0xcd, 0xcd, 0xcd, 0xcd, 0xcd, 0xcd, 0xcd,
    0xcd, 0xcd, 0xcd, 0xcd, 0xcd, 0xcd, 0xcd, 0xcd, 0xcd, 0xcd, 0xcd, 0xcd, 0xcd, 0xcd, 0xcd, 0xcd,
    0xcd, 0xcd, 0xcd, 0xcd, 0xcd, 0xcd, 0xcd, 0xcd, 0xcd, 0xcd, 0xcd, 0xcd, 0xcd, 0xcd, 0xcd, 0xcd,
    0xcd, 0xcd, 0xcd, 0xcd, 0xcd, 0xcd, 0xcd, 0xcd, 0xcd, 0xcd, 0xcd, 0xcd, 0x68, 0xcc, 0xcd, 0xc8,
    0xca, 0xcd, 0xcd, 0xcd, 0xcd, 0xcd, 0x43, 0xcd, 0xcd, 0xcd, 0xcd, 0x00, 0xcd, 0xcd, 0xcd, 0x45,
    0xcd, 0xcd, 0xcd, 0xcd, 0xcd, 0xcd, 0xcd, 0xcd, 0xcd, 0xcd, 0x4b, 0x16, 0x16, 0x16, 0x16, 0x16,
    0x16, 0x16, 0x16, 0x16, 0x16, 0x16, 0x16, 0x16, 0x16, 0x16, 0x16, 0x79, 0xcd, 0x4f, 0xcd, 0xcd,
    0xcd, 0xcd, 0x5a, 0x00, 0x26, 0x26, 0x26, 0x26, 0xcd, 0xcd, 0xcd, 0xcd, 0xcd, 0xcd, 0xcd, 0xcd,
    0xcd, 0xcd, 0xcd, 0xcd, 0xcd, 0xcd, 0xcd, 0xcd, 0xcd, 0xcd, 0xcd, 0xcd, 0xcd, 0xcd, 0xcd, 0xcd,
    0xcd, 0x81, 0x00, 0x10, 0x17, 0x10, 0x20, 0x10, 0x29, 0x65, 0x6e, 0x63, 0x72, 0x79, 0x4f, 0x62,
    0x6a, 0x00, 0x25, 0x73, 0x25, 0x63, 0x64, 0x72, 0x61, 0x73, 0x74, 0x69, 0x63, 0x5f, 0x64, 0x6c,
    0x64, 0x69, 0x2e, 0x69, 0x6d, 0x67, 0x00, 0x43, 0x6f, 0x75, 0x6c, 0x64, 0x6e, 0x27, 0x74, 0x20,
    0x6c, 0x6f, 0x61, 0x64, 0x20, 0x64, 0x72, 0x61, 0x73, 0x74, 0x69, 0x63, 0x5f, 0x64, 0x6c, 0x64,
    0x69, 0x2e, 0x69, 0x6d, 0x67, 0x3a, 0x20, 0x00, 0x66, 0x61, 0x74, 0x3a, 0x2f, 0x25, 0x73, 0x00,
    0x25, 0x73, 0x25, 0x63, 0x73, 0x6c, 0x6f, 0x74, 0x32, 0x25, 0x63, 0x25, 0x73, 0x2e, 0x67, 0x62,
    0x61, 0x00, 0x25, 0x73, 0x25, 0x63, 0x73, 0x6c, 0x6f, 0x74, 0x32, 0x25, 0x63, 0x25, 0x73, 0x2e,
    0x73, 0x61, 0x76, 0x00, 0x72, 0x62, 0x2b, 0x00, 0x25, 0x73, 0x25, 0x63, 0x62, 0x61, 0x63, 0x6b,
    0x75, 0x70, 0x25, 0x63, 0x25, 0x73, 0x2e, 0x73, 0x61, 0x76, 0x00, 0x25, 0x73, 0x25, 0x63, 0x62,
    0x61, 0x63, 0x6b, 0x75, 0x70, 0x25, 0x63, 0x25, 0x73, 0x2e, 0x64, 0x73, 0x76, 0x00, 0x73, 0x6c,
    0x6f, 0x74, 0x32, 0x5f, 0x67, 0x61, 0x6d, 0x65, 0x70, 0x61, 0x6b, 0x00, 0x53, 0x52, 0x41, 0x4d,
    0x5f, 0x56, 0x31, 0x31, 0x30, 0x00, 0x50, 0x41, 0x53, 0x53, 0x00, 0x25, 0x73, 0x25, 0x63, 0x75,
    0x6e, 0x7a, 0x69, 0x70, 0x5f, 0x63, 0x61, 0x63, 0x68, 0x65, 0x00, 0x25, 0x73, 0x25, 0x63, 0x25,
    0x73, 0x25, 0x63, 0x25, 0x73, 0x2e, 0x25, 0x73, 0x00, 0x73, 0x63, 0x72, 0x69, 0x70, 0x74, 0x73,
    0x00, 0x25, 0x73, 0x25, 0x63, 0x25, 0x73, 0x25, 0x63, 0x64, 0x65, 0x66, 0x61, 0x75, 0x6c, 0x74,
    0x2e, 0x25, 0x73, 0x00, 0x25, 0x73, 0x25, 0x63, 0x67, 0x61, 0x6d, 0x65, 0x5f, 0x64, 0x61, 0x74,
    0x61, 0x62, 0x61, 0x73, 0x65, 0x2e, 0x78, 0x6d, 0x6c, 0x00, 0x25, 0x73, 0x25, 0x63, 0x67, 0x61,
    0x6d, 0x65, 0x5f, 0x64, 0x61, 0x74, 0x61, 0x62, 0x61, 0x73, 0x65, 0x5f, 0x75, 0x73, 0x65, 0x72,
    0x2e, 0x78, 0x6d, 0x6c, 0x00, 0x25, 0x73, 0x25, 0x63, 0x75, 0x73, 0x72, 0x63, 0x68, 0x65, 0x61,
    0x74, 0x2e, 0x64, 0x61, 0x74, 0x00, 0x13, 0x21, 0x29, 0x00, 0x00, 0x00, 0x00, 0x00, 0x00, 0x00,
    0x7f, 0x00, 0x00, 0x00, 0x25, 0x73, 0x25, 0x63, 0x73, 0x79, 0x73, 0x74, 0x65, 0x6d, 0x25, 0x63,
    0x6e, 0x64, 0x73, 0x5f, 0x66, 0x69, 0x72, 0x6d, 0x77, 0x61, 0x72, 0x65, 0x5f, 0x6d, 0x6f, 0x64,
    0x69, 0x66, 0x69, 0x65, 0x64, 0x2e, 0x62, 0x69, 0x6e, 0x00, 0x00, 0x89, 0x1d, 0x89, 0x41, 0x89,
    0x44, 0x00, 0xda, 0x31, 0xda, 0x39, 0xda, 0x3c, 0x01, 0x03, 0x07, 0x01, 0x01, 0x03, 0x03, 0x01,
    0x00, 0x0d, 0x29, 0x31, 0x34, 0x39, 0x41, 0xe5, 0xe5, 0xe5, 0xe5, 0x53, 0x39, 0x00, 0xbf, 0xbf,
    0xbf, 0xbf, 0xbf, 0xbf, 0x39, 0x86, 0x00, 0x6c, 0x72, 0x76, 0x5f, 0x7c, 0x7c, 0x3c, 0x2d, 0x2d,
    0x53, 0x6e, 0x69, 0x70, 0x20, 0x61, 0x62, 0x6f, 0x76, 0x65, 0x20, 0x68, 0x65, 0x72, 0x65, 0x20,
    0x74, 0x6f, 0x20, 0x63, 0x72, 0x65, 0x61, 0x74, 0x65, 0x20, 0x61, 0x20, 0x72, 0x61, 0x77, 0x20,
    0x73, 0x61, 0x76, 0x20, 0x62, 0x79, 0x20, 0x65, 0x78, 0x63, 0x6c, 0x75, 0x64, 0x69, 0x6e, 0x67,
    0x20, 0x74, 0x68, 0x69, 0x73, 0x20, 0x44, 0x65, 0x53, 0x6d, 0x75, 0x4d, 0x45, 0x20, 0x73, 0x61,
    0x76, 0x65, 0x64, 0x61, 0x74, 0x61, 0x20, 0x66, 0x6f, 0x6f, 0x74, 0x65, 0x72, 0x3a, 0x00, 0x7c,
    0x2d, 0x44, 0x45, 0x53, 0x4d, 0x55, 0x4d, 0x45, 0x20, 0x53, 0x41, 0x56, 0x45, 0x2d, 0x7c, 0x00,
    0x0d, 0x1d, 0x1d, 0x1d, 0x11, 0x15, 0x1d, 0x1d, 0x1d, 0x1d, 0x1d, 0x1d, 0x1d, 0x1d, 0x1d, 0x1d,
    0x1d, 0x1d, 0x1d, 0x1d, 0x1d, 0x1d, 0x1d, 0x1d, 0x1d, 0x1d, 0x19, 0x1d, 0x00, 0x26, 0x61, 0x6d,
    0x70, 0x3b, 0x00, 0x26, 0x61, 0x70, 0x6f, 0x73, 0x3b, 0x00, 0x26, 0x71, 0x75, 0x6f, 0x74, 0x3b,
    0x00, 0x26, 0x6c, 0x74, 0x3b, 0x00, 0x26, 0x67, 0x74, 0x3b, 0x00, 0x55, 0x6e, 0x65, 0x78, 0x70,
    0x65, 0x63, 0x74, 0x65, 0x64, 0x20, 0x65, 0x6e, 0x64, 0x20, 0x6f, 0x66, 0x20, 0x66, 0x69, 0x6c,
    0x65, 0x2e, 0x0a, 0x00, 0x4c, 0x69, 0x6e, 0x65, 0x20, 0x64, 0x6f, 0x65, 0x73, 0x6e, 0x27, 0x74,
    0x20, 0x73, 0x74, 0x61, 0x72, 0x74, 0x20, 0x77, 0x69, 0x74, 0x68, 0x20, 0x3c, 0x0a, 0x00, 0x43,
    0x6f, 0x75, 0x6c, 0x64, 0x6e, 0x27, 0x74, 0x20, 0x66, 0x69, 0x6e, 0x64, 0x20, 0x63, 0x6c, 0x6f,
    0x73, 0x69, 0x6e, 0x67, 0x20, 0x3e, 0x00, 0x43, 0x6c, 0x6f, 0x73, 0x69, 0x6e, 0x67, 0x20, 0x2f,
    0x20, 0x6e, 0x6f, 0x74, 0x20, 0x66, 0x6f, 0x6c, 0x6c, 0x6f, 0x77, 0x65, 0x64, 0x20, 0x62, 0x79,
    0x20, 0x3e, 0x2e, 0x0a, 0x00, 0x55, 0x6e, 0x65, 0x78, 0x70, 0x65, 0x63, 0x74, 0x65, 0x64, 0x20,
    0x65, 0x6e, 0x64, 0x20, 0x6f, 0x66, 0x20, 0x73, 0x74, 0x72, 0x69, 0x6e, 0x67, 0x20, 0x28, 0x25,
    0x73, 0x29, 0x2e, 0x0a, 0x00, 0x43, 0x6f, 0x75, 0x6c, 0x64, 0x6e, 0x27, 0x74, 0x20, 0x66, 0x69,
    0x6e, 0x64, 0x20, 0x3d, 0x20, 0x61, 0x66, 0x74, 0x65, 0x72, 0x20, 0x70, 0x61, 0x72, 0x61, 0x6d,
    0x65, 0x74, 0x65, 0x72, 0x20, 0x28, 0x25, 0x73, 0x29, 0x2e, 0x0a, 0x00, 0x50, 0x61, 0x72, 0x61,
    0x6d, 0x65, 0x74, 0x65, 0x72, 0x20, 0x76, 0x61, 0x6c, 0x75, 0x65, 0x20, 0x64, 0x6f, 0x65, 0x73,
    0x6e, 0x27, 0x74, 0x20, 0x73, 0x74, 0x61, 0x72, 0x74, 0x20, 0x77, 0x69, 0x74, 0x68, 0x20, 0x6f,
    0x70, 0x65, 0x6e, 0x69, 0x6e, 0x67, 0x20, 0x71, 0x75, 0x6f, 0x74, 0x65, 0x2e, 0x0a, 0x00, 0x3c,
    0x3f, 0x78, 0x6d, 0x6c, 0x20, 0x76, 0x65, 0x72, 0x73, 0x69, 0x6f, 0x6e, 0x3d, 0x27, 0x31, 0x2e,
    0x30, 0x27, 0x20, 0x65, 0x6e, 0x63, 0x6f, 0x64, 0x69, 0x6e, 0x67, 0x3d, 0x27, 0x55, 0x54, 0x46,
    0x2d, 0x38, 0x27, 0x3f, 0x3e, 0x00, 0x64, 0x61, 0x74, 0x61, 0x62, 0x61, 0x73, 0x65, 0x00, 0x57,
    0x72, 0x6f, 0x6e, 0x67, 0x20, 0x74, 0x61, 0x67, 0x20, 0x6e, 0x61, 0x6d, 0x65, 0x3a, 0x20, 0x65,
    0x78, 0x70, 0x65, 0x63, 0x74, 0x65, 0x64, 0x20, 0x64, 0x61, 0x74, 0x61, 0x62, 0x61, 0x73, 0x65,
    0x2c, 0x20, 0x67, 0x6f, 0x74, 0x20, 0x25, 0x73, 0x0a, 0x00, 0x63, 0x61, 0x72, 0x74, 0x72, 0x69,
    0x64, 0x67, 0x65, 0x00, 0x74, 0x69, 0x74, 0x6c, 0x65, 0x00, 0x73, 0x6c, 0x6f, 0x74, 0x31, 0x00,
    0x63, 0x72, 0x63, 0x33, 0x32, 0x00, 0x73, 0x61, 0x76, 0x65, 0x00, 0x74, 0x79, 0x70, 0x65, 0x00,
    0x65, 0x65, 0x70, 0x72, 0x6f, 0x6d, 0x00, 0x66, 0x6c, 0x61, 0x73, 0x68, 0x00, 0x6e, 0x61, 0x6e,
    0x64, 0x00, 0x55, 0x6e, 0x6b, 0x6e, 0x6f, 0x77, 0x6e, 0x20, 0x73, 0x61, 0x76, 0x65, 0x20, 0x74,
    0x79, 0x70, 0x65, 0x20, 0x25, 0x73, 0x2e, 0x0a, 0x00, 0x69, 0x72, 0x70, 0x6f, 0x72, 0x74, 0x00,
    0x62, 0x6c, 0x75, 0x65, 0x74, 0x6f, 0x6f, 0x74, 0x68, 0x00, 0x45, 0x78, 0x70, 0x65, 0x63, 0x74,
    0x65, 0x64, 0x20, 0x63, 0x6c, 0x6f, 0x73, 0x69, 0x6e, 0x67, 0x20, 0x63, 0x61, 0x72, 0x74, 0x72,
    0x69, 0x64, 0x67, 0x65, 0x20, 0x61, 0x6e, 0x64, 0x20, 0x67, 0x6f, 0x74, 0x20, 0x28, 0x25, 0x73,
    0x2c, 0x20, 0x25, 0x64, 0x29, 0x0a, 0x00, 0x3c, 0x3f, 0x78, 0x6d, 0x6c, 0x20, 0x76, 0x65, 0x72,
    0x73, 0x69, 0x6f, 0x6e, 0x3d, 0x27, 0x31, 0x2e, 0x30, 0x27, 0x20, 0x65, 0x6e, 0x63, 0x6f, 0x64,
    0x69, 0x6e, 0x67, 0x3d, 0x27, 0x55, 0x54, 0x46, 0x2d, 0x38, 0x27, 0x3f, 0x3e, 0x0a, 0x00, 0x3c,
    0x64, 0x61, 0x74, 0x61, 0x62, 0x61, 0x73, 0x65, 0x3e, 0x0a, 0x00, 0x20, 0x20, 0x3c, 0x63, 0x61,
    0x72, 0x74, 0x72, 0x69, 0x64, 0x67, 0x65, 0x20, 0x74, 0x69, 0x74, 0x6c, 0x65, 0x3d, 0x27, 0x25,
    0x73, 0x27, 0x3e, 0x0a, 0x00, 0x20, 0x20, 0x20, 0x20, 0x3c, 0x73, 0x6c, 0x6f, 0x74, 0x31, 0x3e,
    0x0a, 0x00, 0x20, 0x20, 0x20, 0x20, 0x20, 0x20, 0x3c, 0x72, 0x6f, 0x6d, 0x20, 0x6e, 0x61, 0x6d,
    0x65, 0x3d, 0x27, 0x72, 0x6f, 0x6d, 0x27, 0x20, 0x73, 0x69, 0x7a, 0x65, 0x3d, 0x27, 0x30, 0x78,
    0x25, 0x30, 0x38, 0x78, 0x27, 0x20, 0x63, 0x72, 0x63, 0x33, 0x32, 0x3d, 0x27, 0x25, 0x30, 0x38,
    0x78, 0x27, 0x20, 0x00, 0x69, 0x64, 0x3d, 0x27, 0x25, 0x30, 0x38, 0x78, 0x27, 0x20, 0x74, 0x69,
    0x74, 0x6c, 0x65, 0x3d, 0x27, 0x25, 0x73, 0x27, 0x20, 0x2f, 0x3e, 0x0a, 0x00, 0x20, 0x20, 0x20,
    0x20, 0x20, 0x20, 0x3c, 0x73, 0x61, 0x76, 0x65, 0x20, 0x6e, 0x61, 0x6d, 0x65, 0x3d, 0x27, 0x73,
    0x61, 0x76, 0x65, 0x27, 0x20, 0x73, 0x69, 0x7a, 0x65, 0x3d, 0x27, 0x30, 0x78, 0x25, 0x78, 0x27,
    0x00, 0x20, 0x74, 0x79, 0x70, 0x65, 0x3d, 0x27, 0x45, 0x45, 0x50, 0x52, 0x4f, 0x4d, 0x27, 0x20,
    0x2f, 0x3e, 0x0a, 0x00, 0x20, 0x74, 0x79, 0x70, 0x65, 0x3d, 0x27, 0x46, 0x6c, 0x61, 0x73, 0x68,
    0x27, 0x20, 0x69, 0x64, 0x3d, 0x27, 0x30, 0x78, 0x25, 0x78, 0x27, 0x20, 0x2f, 0x3e, 0x0a, 0x00,
    0x20, 0x74, 0x79, 0x70, 0x65, 0x3d, 0x27, 0x4e, 0x41, 0x4e, 0x44, 0x27, 0x20, 0x2f, 0x3e, 0x0a,
    0x00, 0x20, 0x20, 0x20, 0x20, 0x20, 0x20, 0x3c, 0x69, 0x72, 0x70, 0x6f, 0x72, 0x74, 0x2f, 0x3e,
    0x0a, 0x00, 0x20, 0x20, 0x20, 0x20, 0x20, 0x20, 0x3c, 0x62, 0x6c, 0x75, 0x65, 0x74, 0x6f, 0x6f,
    0x74, 0x68, 0x2f, 0x3e, 0x0a, 0x00, 0x20, 0x20, 0x20, 0x20, 0x3c, 0x2f, 0x73, 0x6c, 0x6f, 0x74,
    0x31, 0x3e, 0x0a, 0x00, 0x20, 0x20, 0x3c, 0x2f, 0x63, 0x61, 0x72, 0x74, 0x72, 0x69, 0x64, 0x67,
    0x65, 0x3e, 0x0a, 0x00, 0x3c, 0x2f, 0x64, 0x61, 0x74, 0x61, 0x62, 0x61, 0x73, 0x65, 0x3e, 0x0a,
    0x00, 0x00, 0x00, 0x00, 0x00, 0x00, 0x00, 0x00, 0x96, 0x30, 0x07, 0x77, 0x2c, 0x61, 0x0e, 0xee,
    0xba, 0x51, 0x09, 0x99, 0x19, 0xc4, 0x6d, 0x07, 0x8f, 0xf4, 0x6a, 0x70, 0x35, 0xa5, 0x63, 0xe9,
    0xa3, 0x95, 0x64, 0x9e, 0x32, 0x88, 0xdb, 0x0e, 0xa4, 0xb8, 0xdc, 0x79, 0x1e, 0xe9, 0xd5, 0xe0,
    0x88, 0xd9, 0xd2, 0x97, 0x2b, 0x4c, 0xb6, 0x09, 0xbd, 0x7c, 0xb1, 0x7e, 0x07, 0x2d, 0xb8, 0xe7,
    0x91, 0x1d, 0xbf, 0x90, 0x64, 0x10, 0xb7, 0x1d, 0xf2, 0x20, 0xb0, 0x6a, 0x48, 0x71, 0xb9, 0xf3,
    0xde, 0x41, 0xbe, 0x84, 0x7d, 0xd4, 0xda, 0x1a, 0xeb, 0xe4, 0xdd, 0x6d, 0x51, 0xb5, 0xd4, 0xf4,
    0xc7, 0x85, 0xd3, 0x83, 0x56, 0x98, 0x6c, 0x13, 0xc0, 0xa8, 0x6b, 0x64, 0x7a, 0xf9, 0x62, 0xfd,
    0xec, 0xc9, 0x65, 0x8a, 0x4f, 0x5c, 0x01, 0x14, 0xd9, 0x6c, 0x06, 0x63, 0x63, 0x3d, 0x0f, 0xfa,
    0xf5, 0x0d, 0x08, 0x8d, 0xc8, 0x20, 0x6e, 0x3b, 0x5e, 0x10, 0x69, 0x4c, 0xe4, 0x41, 0x60, 0xd5,
    0x72, 0x71, 0x67, 0xa2, 0xd1, 0xe4, 0x03, 0x3c, 0x47, 0xd4, 0x04, 0x4b, 0xfd, 0x85, 0x0d, 0xd2,
    0x6b, 0xb5, 0x0a, 0xa5, 0xfa, 0xa8, 0xb5, 0x35, 0x6c, 0x98, 0xb2, 0x42, 0xd6, 0xc9, 0xbb, 0xdb,
    0x40, 0xf9, 0xbc, 0xac, 0xe3, 0x6c, 0xd8, 0x32, 0x75, 0x5c, 0xdf, 0x45, 0xcf, 0x0d, 0xd6, 0xdc,
    0x59, 0x3d, 0xd1, 0xab, 0xac, 0x30, 0xd9, 0x26, 0x3a, 0x00, 0xde, 0x51, 0x80, 0x51, 0xd7, 0xc8,
    0x16, 0x61, 0xd0, 0xbf, 0xb5, 0xf4, 0xb4, 0x21, 0x23, 0xc4, 0xb3, 0x56, 0x99, 0x95, 0xba, 0xcf,
    0x0f, 0xa5, 0xbd, 0xb8, 0x9e, 0xb8, 0x02, 0x28, 0x08, 0x88, 0x05, 0x5f, 0xb2, 0xd9, 0x0c, 0xc6,
    0x24, 0xe9, 0x0b, 0xb1, 0x87, 0x7c, 0x6f, 0x2f, 0x11, 0x4c, 0x68, 0x58, 0xab, 0x1d, 0x61, 0xc1,
    0x3d, 0x2d, 0x66, 0xb6, 0x90, 0x41, 0xdc, 0x76, 0x06, 0x71, 0xdb, 0x01, 0xbc, 0x20, 0xd2, 0x98,
    0x2a, 0x10, 0xd5, 0xef, 0x89, 0x85, 0xb1, 0x71, 0x1f, 0xb5, 0xb6, 0x06, 0xa5, 0xe4, 0xbf, 0x9f,
    0x33, 0xd4, 0xb8, 0xe8, 0xa2, 0xc9, 0x07, 0x78, 0x34, 0xf9, 0x00, 0x0f, 0x8e, 0xa8, 0x09, 0x96,
    0x18, 0x98, 0x0e, 0xe1, 0xbb, 0x0d, 0x6a, 0x7f, 0x2d, 0x3d, 0x6d, 0x08, 0x97, 0x6c, 0x64, 0x91,
    0x01, 0x5c, 0x63, 0xe6, 0xf4, 0x51, 0x6b, 0x6b, 0x62, 0x61, 0x6c, 0x1c, 0xd8, 0x30, 0x65, 0x85,
    0x4e, 0x00, 0x62, 0xf2, 0xed, 0x95, 0x06, 0x6c, 0x7b, 0xa5, 0x01, 0x1b, 0xc1, 0xf4, 0x08, 0x82,
    0x57, 0xc4, 0x0f, 0xf5, 0xc6, 0xd9, 0xb0, 0x65, 0x50, 0xe9, 0xb7, 0x12, 0xea, 0xb8, 0xbe, 0x8b,
    0x7c, 0x88, 0xb9, 0xfc, 0xdf, 0x1d, 0xdd, 0x62, 0x49, 0x2d, 0xda, 0x15, 0xf3, 0x7c, 0xd3, 0x8c,
    0x65, 0x4c, 0xd4, 0xfb, 0x58, 0x61, 0xb2, 0x4d, 0xce, 0x51, 0xb5, 0x3a, 0x74, 0x00, 0xbc, 0xa3,
    0xe2, 0x30, 0xbb, 0xd4, 0x41, 0xa5, 0xdf, 0x4a, 0xd7, 0x95, 0xd8, 0x3d, 0x6d, 0xc4, 0xd1, 0xa4,
    0xfb, 0xf4, 0xd6, 0xd3, 0x6a, 0xe9, 0x69, 0x43, 0xfc, 0xd9, 0x6e, 0x34, 0x46, 0x88, 0x67, 0xad,
    0xd0, 0xb8, 0x60, 0xda, 0x73, 0x2d, 0x04, 0x44, 0xe5, 0x1d, 0x03, 0x33, 0x5f, 0x4c, 0x0a, 0xaa,
    0xc9, 0x7c, 0x0d, 0xdd, 0x3c, 0x71, 0x05, 0x50, 0xaa, 0x41, 0x02, 0x27, 0x10, 0x10, 0x0b, 0xbe,
    0x86, 0x20, 0x0c, 0xc9, 0x25, 0xb5, 0x68, 0x57, 0xb3, 0x85, 0x6f, 0x20, 0x09, 0xd4, 0x66, 0xb9,
    0x9f, 0xe4, 0x61, 0xce, 0x0e, 0xf9, 0xde, 0x5e, 0x98, 0xc9, 0xd9, 0x29, 0x22, 0x98, 0xd0, 0xb0,
    0xb4, 0xa8, 0xd7, 0xc7, 0x17, 0x3d, 0xb3, 0x59, 0x81, 0x0d, 0xb4, 0x2e, 0x3b, 0x5c, 0xbd, 0xb7,
    0xad, 0x6c, 0xba, 0xc0, 0x20, 0x83, 0xb8, 0xed, 0xb6, 0xb3, 0xbf, 0x9a, 0x0c, 0xe2, 0xb6, 0x03,
    0x9a, 0xd2, 0xb1, 0x74, 0x39, 0x47, 0xd5, 0xea, 0xaf, 0x77, 0xd2, 0x9d, 0x15, 0x26, 0xdb, 0x04,
    0x83, 0x16, 0xdc, 0x73, 0x12, 0x0b, 0x63, 0xe3, 0x84, 0x3b, 0x64, 0x94, 0x3e, 0x6a, 0x6d, 0x0d,
    0xa8, 0x5a, 0x6a, 0x7a, 0x0b, 0xcf, 0x0e, 0xe4, 0x9d, 0xff, 0x09, 0x93, 0x27, 0xae, 0x00, 0x0a,
    0xb1, 0x9e, 0x07, 0x7d, 0x44, 0x93, 0x0f, 0xf0, 0xd2, 0xa3, 0x08, 0x87, 0x68, 0xf2, 0x01, 0x1e,
    0xfe, 0xc2, 0x06, 0x69, 0x5d, 0x57, 0x62, 0xf7, 0xcb, 0x67, 0x65, 0x80, 0x71, 0x36, 0x6c, 0x19,
    0xe7, 0x06, 0x6b, 0x6e, 0x76, 0x1b, 0xd4, 0xfe, 0xe0, 0x2b, 0xd3, 0x89, 0x5a, 0x7a, 0xda, 0x10,
    0xcc, 0x4a, 0xdd, 0x67, 0x6f, 0xdf, 0xb9, 0xf9, 0xf9, 0xef, 0xbe, 0x8e, 0x43, 0xbe, 0xb7, 0x17,
    0xd5, 0x8e, 0xb0, 0x60, 0xe8, 0xa3, 0xd6, 0xd6, 0x7e, 0x93, 0xd1, 0xa1, 0xc4, 0xc2, 0xd8, 0x38,
    0x52, 0xf2, 0xdf, 0x4f, 0xf1, 0x67, 0xbb, 0xd1, 0x67, 0x57, 0xbc, 0xa6, 0xdd, 0x06, 0xb5, 0x3f,
    0x4b, 0x36, 0xb2, 0x48, 0xda, 0x2b, 0x0d, 0xd8, 0x4c, 0x1b, 0x0a, 0xaf, 0xf6, 0x4a, 0x03, 0x36,
    0x60, 0x7a, 0x04, 0x41, 0xc3, 0xef, 0x60, 0xdf, 0x55, 0xdf, 0x67, 0xa8, 0xef, 0x8e, 0x6e, 0x31,
    0x79, 0xbe, 0x69, 0x46, 0x8c, 0xb3, 0x61, 0xcb, 0x1a, 0x83, 0x66, 0xbc, 0xa0, 0xd2, 0x6f, 0x25,
    0x36, 0xe2, 0x68, 0x52, 0x95, 0x77, 0x0c, 0xcc, 0x03, 0x47, 0x0b, 0xbb, 0xb9, 0x16, 0x02, 0x22,
    0x2f, 0x26, 0x05, 0x55, 0xbe, 0x3b, 0xba, 0xc5, 0x28, 0x0b, 0xbd, 0xb2, 0x92, 0x5a, 0xb4, 0x2b,
    0x04, 0x6a, 0xb3, 0x5c, 0xa7, 0xff, 0xd7, 0xc2, 0x31, 0xcf, 0xd0, 0xb5, 0x8b, 0x9e, 0xd9, 0x2c,
    0x1d, 0xae, 0xde, 0x5b, 0xb0, 0xc2, 0x64, 0x9b, 0x26, 0xf2, 0x63, 0xec, 0x9c, 0xa3, 0x6a, 0x75,
    0x0a, 0x93, 0x6d, 0x02, 0xa9, 0x06, 0x09, 0x9c, 0x3f, 0x36, 0x0e, 0xeb, 0x85, 0x67, 0x07, 0x72,
    0x13, 0x57, 0x00, 0x05, 0x82, 0x4a, 0xbf, 0x95, 0x14, 0x7a, 0xb8, 0xe2, 0xae, 0x2b, 0xb1, 0x7b,
    0x38, 0x1b, 0xb6, 0x0c, 0x9b, 0x8e, 0xd2, 0x92, 0x0d, 0xbe, 0xd5, 0xe5, 0xb7, 0xef, 0xdc, 0x7c,
    0x21, 0xdf, 0xdb, 0x0b, 0xd4, 0xd2, 0xd3, 0x86, 0x42, 0xe2, 0xd4, 0xf1, 0xf8, 0xb3, 0xdd, 0x68,
    0x6e, 0x83, 0xda, 0x1f, 0xcd, 0x16, 0xbe, 0x81, 0x5b, 0x26, 0xb9, 0xf6, 0xe1, 0x77, 0xb0, 0x6f,
    0x77, 0x47, 0xb7, 0x18, 0xe6, 0x5a, 0x08, 0x88, 0x70, 0x6a, 0x0f, 0xff, 0xca, 0x3b, 0x06, 0x66,
    0x5c, 0x0b, 0x01, 0x11, 0xff, 0x9e, 0x65, 0x8f, 0x69, 0xae, 0x62, 0xf8, 0xd3, 0xff, 0x6b, 0x61,
    0x45, 0xcf, 0x6c, 0x16, 0x78, 0xe2, 0x0a, 0xa0, 0xee, 0xd2, 0x0d, 0xd7, 0x54, 0x83, 0x04, 0x4e,
    0xc2, 0xb3, 0x03, 0x39, 0x61, 0x26, 0x67, 0xa7, 0xf7, 0x16, 0x60, 0xd0, 0x4d, 0x47, 0x69, 0x49,
    0xdb, 0x77, 0x6e, 0x3e, 0x4a, 0x6a, 0xd1, 0xae, 0xdc, 0x5a, 0xd6, 0xd9, 0x66, 0x0b, 0xdf, 0x40,
    0xf0, 0x3b, 0xd8, 0x37, 0x53, 0xae, 0xbc, 0xa9, 0xc5, 0x9e, 0xbb, 0xde, 0x7f, 0xcf, 0xb2, 0x47,
    0xe9, 0xff, 0xb5, 0x30, 0x1c, 0xf2, 0xbd, 0xbd, 0x8a, 0xc2, 0xba, 0xca, 0x30, 0x93, 0xb3, 0x53,
    0xa6, 0xa3, 0xb4, 0x24, 0x05, 0x36, 0xd0, 0xba, 0x93, 0x06, 0xd7, 0xcd, 0x29, 0x57, 0xde, 0x54,
    0xbf, 0x67, 0xd9, 0x23, 0x2e, 0x7a, 0x66, 0xb3, 0xb8, 0x4a, 0x61, 0xc4, 0x02, 0x1b, 0x68, 0x5d,
    0x94, 0x2b, 0x6f, 0x2a, 0x37, 0xbe, 0x0b, 0xb4, 0xa1, 0x8e, 0x0c, 0xc3, 0x1b, 0xdf, 0x05, 0x5a,
    0x8d, 0xef, 0x02, 0x2d, 0x04, 0x00, 0x06, 0x02, 0x00, 0x00, 0x00, 0x00, 0x25, 0x73, 0x25, 0x63,
    0x25, 0x73, 0x00, 0x5f, 0x73, 0x61, 0x76, 0x65, 0x73, 0x74, 0x61, 0x74, 0x65, 0x5f, 0x74, 0x65,
    0x6d, 0x70, 0x2e, 0x64, 0x73, 0x73, 0x00, 0x44, 0x72, 0x61, 0x53, 0x74, 0x69, 0x63, 0x2d, 0x53,
    0x61, 0x76, 0x65, 0x53, 0x74, 0x61, 0x74, 0x65, 0x2d, 0x2d, 0x2d, 0x2d, 0x2d, 0x2d, 0x2d, 0x2d,
    0x2d, 0x2d, 0x2d, 0x2d, 0x2d, 0x2d, 0x2d, 0x00, 0x25, 0x73, 0x25, 0x63, 0x73, 0x61, 0x76, 0x65,
    0x73, 0x74, 0x61, 0x74, 0x65, 0x73, 0x00, 0x25, 0x73, 0x25, 0x63, 0x73, 0x61, 0x76, 0x65, 0x73,
    0x74, 0x61, 0x74, 0x65, 0x73, 0x25, 0x63, 0x25, 0x73, 0x5f, 0x25, 0x64, 0x2e, 0x64, 0x73, 0x73,
    0x00, 0x25, 0x73, 0x25, 0x63, 0x75, 0x6e, 0x7a, 0x69, 0x70, 0x70, 0x65, 0x64, 0x5f, 0x72, 0x6f,
    0x6d, 0x2e, 0x6e, 0x64, 0x73, 0x00, 0x2e, 0x7a, 0x69, 0x70, 0x00, 0x2e, 0x37, 0x7a, 0x00, 0x2e,
    0x72, 0x61, 0x72, 0x00, 0x25, 0x73, 0x25, 0x63, 0x63, 0x61, 0x63, 0x68, 0x65, 0x5f, 0x69, 0x6e,
    0x66, 0x6f, 0x00, 0x00, 0x00, 0x00, 0x00, 0x00, 0x00, 0x00, 0x00, 0x00, 0x00, 0x00, 0x00, 0x00,
    0x01, 0x00, 0x00, 0x00, 0x25, 0x73, 0x20, 0x72, 0x75, 0x6e, 0x20, 0x74, 0x69, 0x6d, 0x65, 0x3a,
    0x00, 0x57, 0x61, 0x72, 0x6d, 0x75, 0x70, 0x00, 0x43, 0x6f, 0x6d, 0x70, 0x6c, 0x65, 0x74, 0x65,
    0x00, 0x56, 0x69, 0x64, 0x65, 0x6f, 0x20, 0x32, 0x44, 0x00, 0x56, 0x69, 0x64, 0x65, 0x6f, 0x20,
    0x33, 0x44, 0x00, 0x56, 0x69, 0x64, 0x65, 0x6f, 0x20, 0x47, 0x65, 0x6f, 0x6d, 0x65, 0x74, 0x72,
    0x79, 0x00, 0x53, 0x63, 0x72, 0x65, 0x65, 0x6e, 0x20, 0x55, 0x70, 0x64, 0x61, 0x74, 0x65, 0x00,
    0x41, 0x75, 0x64, 0x69, 0x6f, 0x00, 0x21, 0x29, 0x32, 0x00, 0x3a, 0x41, 0x48, 0x4f, 0x57, 0x60,
    0x69, 0x72, 0x77, 0x85, 0x99, 0xc3, 0x00, 0x00, 0xba, 0x00, 0xc8, 0x00, 0xd7, 0x00, 0xdb, 0x00,
    0xdf, 0x00, 0xe3, 0x00, 0xed, 0x00, 0xf8, 0x00, 0x00, 0x01, 0x07, 0x01, 0x0e, 0x01, 0x15, 0x01,
    0x52, 0x34, 0x20, 0x43, 0x68, 0x65, 0x61, 0x74, 0x43, 0x6f, 0x64, 0x65, 0x00, 0x25, 0x73, 0x25,
    0x63, 0x63, 0x68, 0x65, 0x61, 0x74, 0x73, 0x25, 0x63, 0x25, 0x73, 0x2e, 0x63, 0x68, 0x74, 0x00,
    0x25, 0x30, 0x38, 0x58, 0x20, 0x25, 0x30, 0x38, 0x58, 0x0a, 0x00, 0x00, 0x00, 0x80, 0x42, 0x5e,
    0x19, 0x9e, 0xbe, 0x72, 0x00, 0xb5, 0x9c, 0xc4, 0x00, 0x00, 0xfb, 0x00, 0xe8, 0x00, 0x0d, 0x01,
    0xe1, 0x00, 0xed, 0x00, 0x15, 0x00, 0x15, 0x00, 0x00, 0x00, 0x00, 0x00, 0x00, 0x00, 0x00, 0x00,
    0x00, 0x01, 0x15, 0x00, 0x0b, 0x01, 0x00, 0x4d, 0x23, 0x2f, 0x13, 0x59, 0x68, 0x40, 0x00, 0xb3,
    0x92, 0x96, 0xea, 0xf4, 0x89, 0x89, 0x00, 0x00, 0x00, 0x00, 0x63, 0x63, 0x00, 0x6d, 0x69, 0x00,
    0x70, 0x6c, 0x00, 0x76, 0x73, 0x00, 0x76, 0x63, 0x00, 0x68, 0x69, 0x00, 0x67, 0x74, 0x00, 0x65,
    0x6f, 0x72, 0x00, 0x72, 0x73, 0x62, 0x00, 0x61, 0x64, 0x63, 0x00, 0x73, 0x62, 0x63, 0x00, 0x72,
    0x73, 0x63, 0x00, 0x74, 0x73, 0x74, 0x00, 0x74, 0x65, 0x71, 0x00, 0x63, 0x6d, 0x70, 0x00, 0x63,
    0x6d, 0x6e, 0x00, 0x6f, 0x72, 0x72, 0x00, 0x6d, 0x6f, 0x76, 0x00, 0x62, 0x69, 0x63, 0x00, 0x6d,
    0x76, 0x6e, 0x00, 0x6c, 0x73, 0x6c, 0x00, 0x6c, 0x73, 0x72, 0x00, 0x61, 0x73, 0x72, 0x00, 0x66,
    0x63, 0x00, 0x66, 0x78, 0x00, 0x66, 0x78, 0x63, 0x00, 0x66, 0x73, 0x00, 0x66, 0x73, 0x63, 0x00,
    0x66, 0x73, 0x78, 0x00, 0x66, 0x73, 0x78, 0x63, 0x00, 0x73, 0x74, 0x72, 0x00, 0x6c, 0x64, 0x72,
    0x00, 0x75, 0x6d, 0x75, 0x6c, 0x6c, 0x00, 0x75, 0x6d, 0x6c, 0x61, 0x6c, 0x00, 0x73, 0x6d, 0x75,
    0x6c, 0x6c, 0x00, 0x73, 0x6d, 0x6c, 0x61, 0x6c, 0x00, 0x73, 0x74, 0x6d, 0x00, 0x6c, 0x64, 0x6d,
    0x00, 0x6d, 0x63, 0x72, 0x00, 0x6d, 0x72, 0x63, 0x00, 0x69, 0x61, 0x00, 0x64, 0x62, 0x00, 0x72,
    0x30, 0x00, 0x72, 0x31, 0x00, 0x72, 0x32, 0x00, 0x72, 0x33, 0x00, 0x72, 0x34, 0x00, 0x72, 0x35,
    0x00, 0x72, 0x36, 0x00, 0x72, 0x37, 0x00, 0x72, 0x38, 0x00, 0x72, 0x39, 0x00, 0x72, 0x31, 0x30,
    0x00, 0x72, 0x31, 0x31, 0x00, 0x72, 0x31, 0x32, 0x00, 0x73, 0x70, 0x00, 0x70, 0x63, 0x00, 0x25,
    0x73, 0x2c, 0x20, 0x72, 0x72, 0x78, 0x20, 0x23, 0x31, 0x00, 0x23, 0x30, 0x78, 0x25, 0x78, 0x00,
    0x25, 0x73, 0x25, 0x73, 0x25, 0x73, 0x20, 0x25, 0x73, 0x2c, 0x20, 0x25, 0x73, 0x00, 0x25, 0x73,
    0x25, 0x73, 0x25, 0x73, 0x20, 0x25, 0x73, 0x2c, 0x20, 0x25, 0x73, 0x2c, 0x20, 0x25, 0x73, 0x00,
    0x25, 0x73, 0x25, 0x73, 0x25, 0x73, 0x20, 0x25, 0x73, 0x25, 0x73, 0x2c, 0x20, 0x5b, 0x25, 0x73,
    0x2c, 0x20, 0x25, 0x73, 0x25, 0x73, 0x5d, 0x00, 0x25, 0x73, 0x25, 0x73, 0x25, 0x73, 0x25, 0x73,
    0x20, 0x25, 0x73, 0x2c, 0x20, 0x5b, 0x25, 0x73, 0x5d, 0x2c, 0x20, 0x25, 0x73, 0x25, 0x73, 0x00,
    0x25, 0x73, 0x25, 0x73, 0x25, 0x73, 0x20, 0x25, 0x73, 0x2c, 0x20, 0x5b, 0x25, 0x73, 0x2c, 0x20,
    0x25, 0x73, 0x25, 0x73, 0x5d, 0x25, 0x73, 0x00, 0x25, 0x73, 0x2c, 0x20, 0x25, 0x73, 0x2c, 0x20,
    0x00, 0x25, 0x73, 0x20, 0x2d, 0x20, 0x25, 0x73, 0x2c, 0x20, 0x00, 0x7d, 0x00, 0x5b, 0x65, 0x72,
    0x72, 0x6f, 0x72, 0x20, 0x28, 0x25, 0x78, 0x29, 0x5d, 0x00, 0x6d, 0x75, 0x6c, 0x25, 0x73, 0x25,
    0x73, 0x20, 0x25, 0x73, 0x2c, 0x20, 0x25, 0x73, 0x2c, 0x20, 0x25, 0x73, 0x00, 0x6d, 0x6c, 0x61,
    0x25, 0x73, 0x25, 0x73, 0x20, 0x25, 0x73, 0x2c, 0x20, 0x25, 0x73, 0x2c, 0x20, 0x25, 0x73, 0x2c,
    0x20, 0x25, 0x73, 0x00, 0x25, 0x73, 0x25, 0x73, 0x25, 0x73, 0x20, 0x25, 0x73, 0x2c, 0x20, 0x25,
    0x73, 0x2c, 0x20, 0x25, 0x73, 0x2c, 0x20, 0x25, 0x73, 0x00, 0x73, 0x77, 0x70, 0x25, 0x73, 0x20,
    0x25, 0x73, 0x2c, 0x20, 0x25, 0x73, 0x2c, 0x20, 0x5b, 0x25, 0x73, 0x5d, 0x00, 0x73, 0x77, 0x70,
    0x62, 0x25, 0x73, 0x20, 0x25, 0x73, 0x2c, 0x20, 0x25, 0x73, 0x2c, 0x20, 0x5b, 0x25, 0x73, 0x5d,
    0x00, 0x75, 0x6e, 0x64, 0x65, 0x66, 0x69, 0x6e, 0x65, 0x64, 0x00, 0x62, 0x74, 0x00, 0x73, 0x6d,
    0x6c, 0x61, 0x25, 0x63, 0x25, 0x63, 0x25, 0x73, 0x20, 0x25, 0x73, 0x2c, 0x20, 0x25, 0x73, 0x2c,
    0x20, 0x25, 0x73, 0x2c, 0x20, 0x25, 0x73, 0x00, 0x73, 0x6d, 0x75, 0x6c, 0x77, 0x25, 0x63, 0x25,
    0x73, 0x20, 0x25, 0x73, 0x2c, 0x20, 0x25, 0x73, 0x2c, 0x20, 0x25, 0x73, 0x2c, 0x20, 0x25, 0x73,
    0x00, 0x73, 0x6d, 0x6c, 0x61, 0x77, 0x25, 0x63, 0x25, 0x73, 0x20, 0x25, 0x73, 0x2c, 0x20, 0x25,
    0x73, 0x2c, 0x20, 0x25, 0x73, 0x2c, 0x20, 0x25, 0x73, 0x00, 0x73, 0x6d, 0x6c, 0x61, 0x6c, 0x25,
    0x63, 0x25, 0x63, 0x25, 0x73, 0x20, 0x25, 0x73, 0x2c, 0x20, 0x25, 0x73, 0x2c, 0x20, 0x25, 0x73,
    0x2c, 0x20, 0x25, 0x73, 0x00, 0x73, 0x6d, 0x75, 0x6c, 0x25, 0x63, 0x25, 0x63, 0x25, 0x73, 0x20,
    0x25, 0x73, 0x2c, 0x20, 0x25, 0x73, 0x2c, 0x20, 0x25, 0x73, 0x2c, 0x20, 0x25, 0x73, 0x00, 0x63,
    0x6c, 0x7a, 0x25, 0x73, 0x20, 0x25, 0x73, 0x2c, 0x20, 0x25, 0x73, 0x00, 0x62, 0x78, 0x25, 0x73,
    0x20, 0x25, 0x73, 0x00, 0x62, 0x6c, 0x78, 0x25, 0x73, 0x20, 0x25, 0x73, 0x00, 0x71, 0x61, 0x64,
    0x64, 0x00, 0x71, 0x73, 0x75, 0x62, 0x00, 0x62, 0x6b, 0x70, 0x74, 0x25, 0x73, 0x20, 0x30, 0x78,
    0x25, 0x78, 0x00, 0x6d, 0x73, 0x72, 0x25, 0x73, 0x20, 0x25, 0x73, 0x5f, 0x25, 0x73, 0x2c, 0x20,
    0x25, 0x73, 0x00, 0x6d, 0x72, 0x73, 0x25, 0x73, 0x20, 0x25, 0x73, 0x2c, 0x20, 0x25, 0x73, 0x00,
    0x6d, 0x6f, 0x76, 0x77, 0x25, 0x73, 0x20, 0x25, 0x73, 0x2c, 0x20, 0x25, 0x30, 0x38, 0x78, 0x00,
    0x6d, 0x73, 0x72, 0x25, 0x73, 0x20, 0x25, 0x73, 0x2c, 0x20, 0x25, 0x73, 0x00, 0x6d, 0x6f, 0x76,
    0x74, 0x25, 0x73, 0x20, 0x25, 0x73, 0x2c, 0x20, 0x25, 0x30, 0x38, 0x78, 0x00, 0x62, 0x66, 0x69,
    0x25, 0x73, 0x20, 0x25, 0x73, 0x2c, 0x20, 0x25, 0x73, 0x2c, 0x20, 0x23, 0x25, 0x64, 0x2c, 0x20,
    0x23, 0x25, 0x64, 0x00, 0x25, 0x73, 0x25, 0x73, 0x25, 0x73, 0x20, 0x25, 0x73, 0x25, 0x73, 0x2c,
    0x20, 0x25, 0x73, 0x25, 0x73, 0x00, 0x62, 0x25, 0x73, 0x25, 0x73, 0x20, 0x25, 0x73, 0x00, 0x62,
    0x25, 0x73, 0x25, 0x73, 0x20, 0x25, 0x78, 0x00, 0x63, 0x6f, 0x70, 0x72, 0x6f, 0x63, 0x65, 0x73,
    0x73, 0x6f, 0x72, 0x20, 0x6c, 0x6f, 0x61, 0x64, 0x2f, 0x73, 0x74, 0x6f, 0x72, 0x65, 0x20, 0x28,
    0x69, 0x6d, 0x70, 0x6c, 0x65, 0x6d, 0x65, 0x6e, 0x74, 0x20, 0x6d, 0x65, 0x29, 0x00, 0x73, 0x77,
    0x69, 0x25, 0x73, 0x20, 0x30, 0x78, 0x25, 0x78, 0x00, 0x63, 0x64, 0x70, 0x00, 0x25, 0x73, 0x25,
    0x73, 0x20, 0x70, 0x25, 0x64, 0x2c, 0x20, 0x25, 0x64, 0x2c, 0x20, 0x25, 0x73, 0x2c, 0x20, 0x63,
    0x25, 0x64, 0x2c, 0x20, 0x63, 0x25, 0x64, 0x2c, 0x20, 0x25, 0x64, 0x00, 0x62, 0x78, 0x00, 0x73,
    0x74, 0x72, 0x62, 0x00, 0x6c, 0x64, 0x72, 0x62, 0x00, 0x73, 0x74, 0x72, 0x68, 0x00, 0x6c, 0x64,
    0x73, 0x62, 0x00, 0x6c, 0x64, 0x72, 0x68, 0x00, 0x6c, 0x64, 0x73, 0x68, 0x00, 0x25, 0x73, 0x20,
    0x25, 0x73, 0x2c, 0x20, 0x25, 0x73, 0x2c, 0x20, 0x23, 0x25, 0x64, 0x00, 0x6d, 0x6f, 0x76, 0x20,
    0x25, 0x73, 0x2c, 0x20, 0x25, 0x73, 0x00, 0x25, 0x73, 0x20, 0x25, 0x73, 0x2c, 0x20, 0x23, 0x25,
    0x64, 0x00, 0x62, 0x6c, 0x78, 0x20, 0x25, 0x73, 0x00, 0x62, 0x78, 0x20, 0x25, 0x73, 0x00, 0x6c,
    0x64, 0x72, 0x20, 0x25, 0x73, 0x2c, 0x20, 0x5b, 0x70, 0x63, 0x2c, 0x20, 0x23, 0x25, 0x64, 0x5d,
    0x20, 0x28, 0x25, 0x30, 0x38, 0x78, 0x29, 0x00, 0x25, 0x73, 0x20, 0x25, 0x73, 0x2c, 0x20, 0x5b,
    0x73, 0x70, 0x2c, 0x20, 0x23, 0x25, 0x64, 0x5d, 0x00, 0x61, 0x64, 0x64, 0x20, 0x73, 0x70, 0x2c,
    0x20, 0x23, 0x2d, 0x25, 0x64, 0x00, 0x61, 0x64, 0x64, 0x20, 0x73, 0x70, 0x2c, 0x20, 0x23, 0x25,
    0x64, 0x00, 0x70, 0x6f, 0x70, 0x00, 0x70, 0x75, 0x73, 0x68, 0x00, 0x61, 0x64, 0x64, 0x20, 0x25,
    0x73, 0x2c, 0x20, 0x25, 0x73, 0x2c, 0x20, 0x23, 0x25, 0x64, 0x00, 0x62, 0x25, 0x73, 0x20, 0x25,
    0x78, 0x00, 0x73, 0x77, 0x69, 0x20, 0x25, 0x64, 0x00, 0x25, 0x73, 0x69, 0x61, 0x20, 0x25, 0x73,
    0x21, 0x2c, 0x20, 0x25, 0x73, 0x00, 0x62, 0x20, 0x25, 0x78, 0x00, 0x62, 0x6c, 0x68, 0x78, 0x20,
    0x25, 0x78, 0x00, 0x62, 0x6c, 0x6c, 0x20, 0x25, 0x78, 0x00, 0x62, 0x6c, 0x68, 0x20, 0x25, 0x78,
    0x00, 0x00, 0x00, 0x00, 0x63, 0x00, 0x8b, 0x00, 0xbf, 0x00, 0x09, 0x01, 0x25, 0x73, 0x25, 0x63,
    0x70, 0x72, 0x6f, 0x66, 0x69, 0x6c, 0x65, 0x73, 0x25, 0x63, 0x25, 0x73, 0x5f, 0x74, 0x72, 0x61,
    0x6e, 0x73, 0x6c, 0x61, 0x74, 0x69, 0x6f, 0x6e, 0x5f, 0x70, 0x6f, 0x73, 0x74, 0x2e, 0x74, 0x78,
    0x74, 0x00, 0x25, 0x73, 0x25, 0x63, 0x69, 0x6e, 0x70, 0x75, 0x74, 0x5f, 0x72, 0x65, 0x63, 0x6f,
    0x72, 0x64, 0x25, 0x63, 0x25, 0x73, 0x2e, 0x69, 0x72, 0x00, 0x64, 0x72, 0x61, 0x73, 0x74, 0x69,
    0x63, 0x00, 0x6f, 0x6e, 0x5f, 0x75, 0x6e, 0x6c, 0x6f, 0x61, 0x64, 0x00, 0x6f, 0x6e, 0x5f, 0x6c,
    0x6f, 0x61, 0x64, 0x00, 0x6f, 0x6e, 0x5f, 0x66, 0x72, 0x61, 0x6d, 0x65, 0x5f, 0x75, 0x70, 0x64,
    0x61, 0x74, 0x65, 0x00, 0x5f, 0x47, 0x00, 0x70, 0x61, 0x63, 0x6b, 0x61, 0x67, 0x65, 0x00, 0x6d,
    0x61, 0x74, 0x68, 0x00, 0x75, 0x74, 0x66, 0x38, 0x00, 0x62, 0x69, 0x74, 0x33, 0x32, 0x00, 0x67,
    0x65, 0x74, 0x5f, 0x70, 0x61, 0x74, 0x68, 0x00, 0x67, 0x65, 0x74, 0x5f, 0x62, 0x75, 0x74, 0x74,
    0x6f, 0x6e, 0x73, 0x00, 0x73, 0x65, 0x74, 0x5f, 0x62, 0x75, 0x74, 0x74, 0x6f, 0x6e, 0x73, 0x00,
    0x67, 0x65, 0x74, 0x5f, 0x74, 0x6f, 0x75, 0x63, 0x68, 0x00, 0x73, 0x65, 0x74, 0x5f, 0x74, 0x6f,
    0x75, 0x63, 0x68, 0x00, 0x67, 0x65, 0x74, 0x5f, 0x64, 0x73, 0x5f, 0x6d, 0x65, 0x6d, 0x6f, 0x72,
    0x79, 0x5f, 0x61, 0x72, 0x6d, 0x39, 0x5f, 0x38, 0x00, 0x67, 0x65, 0x74, 0x5f, 0x64, 0x73, 0x5f,
    0x6d, 0x65, 0x6d, 0x6f, 0x72, 0x79, 0x5f, 0x61, 0x72, 0x6d, 0x39, 0x5f, 0x31, 0x36, 0x00, 0x67,
    0x65, 0x74, 0x5f, 0x64, 0x73, 0x5f, 0x6d, 0x65, 0x6d, 0x6f, 0x72, 0x79, 0x5f, 0x61, 0x72, 0x6d,
    0x39, 0x5f, 0x33, 0x32, 0x00, 0x67, 0x65, 0x74, 0x5f, 0x64, 0x73, 0x5f, 0x6d, 0x65, 0x6d, 0x6f,
    0x72, 0x79, 0x5f, 0x61, 0x72, 0x6d, 0x37, 0x5f, 0x38, 0x00, 0x67, 0x65, 0x74, 0x5f, 0x64, 0x73,
    0x5f, 0x6d, 0x65, 0x6d, 0x6f, 0x72, 0x79, 0x5f, 0x61, 0x72, 0x6d, 0x37, 0x5f, 0x31, 0x36, 0x00,
    0x67, 0x65, 0x74, 0x5f, 0x64, 0x73, 0x5f, 0x6d, 0x65, 0x6d, 0x6f, 0x72, 0x79, 0x5f, 0x61, 0x72,
    0x6d, 0x37, 0x5f, 0x33, 0x32, 0x00, 0x73, 0x65, 0x74, 0x5f, 0x64, 0x73, 0x5f, 0x6d, 0x65, 0x6d,
    0x6f, 0x72, 0x79, 0x5f, 0x61, 0x72, 0x6d, 0x39, 0x5f, 0x38, 0x00, 0x73, 0x65, 0x74, 0x5f, 0x64,
    0x73, 0x5f, 0x6d, 0x65, 0x6d, 0x6f, 0x72, 0x79, 0x5f, 0x61, 0x72, 0x6d, 0x39, 0x5f, 0x31, 0x36,
    0x00, 0x73, 0x65, 0x74, 0x5f, 0x64, 0x73, 0x5f, 0x6d, 0x65, 0x6d, 0x6f, 0x72, 0x79, 0x5f, 0x61,
    0x72, 0x6d, 0x39, 0x5f, 0x33, 0x32, 0x00, 0x73, 0x65, 0x74, 0x5f, 0x64, 0x73, 0x5f, 0x6d, 0x65,
    0x6d, 0x6f, 0x72, 0x79, 0x5f, 0x61, 0x72, 0x6d, 0x37, 0x5f, 0x38, 0x00, 0x73, 0x65, 0x74, 0x5f,
    0x64, 0x73, 0x5f, 0x6d, 0x65, 0x6d, 0x6f, 0x72, 0x79, 0x5f, 0x61, 0x72, 0x6d, 0x37, 0x5f, 0x31,
    0x36, 0x00, 0x73, 0x65, 0x74, 0x5f, 0x64, 0x73, 0x5f, 0x6d, 0x65, 0x6d, 0x6f, 0x72, 0x79, 0x5f,
    0x61, 0x72, 0x6d, 0x37, 0x5f, 0x33, 0x32, 0x00, 0x42, 0x55, 0x54, 0x54, 0x4f, 0x4e, 0x5f, 0x55,
    0x50, 0x00, 0x42, 0x55, 0x54, 0x54, 0x4f, 0x4e, 0x5f, 0x44, 0x4f, 0x57, 0x4e, 0x00, 0x42, 0x55,
    0x54, 0x54, 0x4f, 0x4e, 0x5f, 0x4c, 0x45, 0x46, 0x54, 0x00, 0x42, 0x55, 0x54, 0x54, 0x4f, 0x4e,
    0x5f, 0x52, 0x49, 0x47, 0x48, 0x54, 0x00, 0x42, 0x55, 0x54, 0x54, 0x4f, 0x4e, 0x5f, 0x41, 0x00,
    0x42, 0x55, 0x54, 0x54, 0x4f, 0x4e, 0x5f, 0x42, 0x00, 0x42, 0x55, 0x54, 0x54, 0x4f, 0x4e, 0x5f,
    0x58, 0x00, 0x42, 0x55, 0x54, 0x54, 0x4f, 0x4e, 0x5f, 0x59, 0x00, 0x42, 0x55, 0x54, 0x54, 0x4f,
    0x4e, 0x5f, 0x4c, 0x00, 0x42, 0x55, 0x54, 0x54, 0x4f, 0x4e, 0x5f, 0x52, 0x00, 0x42, 0x55, 0x54,
    0x54, 0x4f, 0x4e, 0x5f, 0x53, 0x54, 0x41, 0x52, 0x54, 0x00, 0x42, 0x55, 0x54, 0x54, 0x4f, 0x4e,
    0x5f, 0x53, 0x45, 0x4c, 0x45, 0x43, 0x54, 0x00, 0x42, 0x55, 0x54, 0x54, 0x4f, 0x4e, 0x5f, 0x46,
    0x46, 0x57, 0x44, 0x00, 0x42, 0x55, 0x54, 0x54, 0x4f, 0x4e, 0x5f, 0x54, 0x4f, 0x55, 0x43, 0x48,
    0x00, 0x00, 0x21, 0x2e, 0x38, 0x78, 0x25, 0x64, 0x00, 0x77, 0x25, 0x64, 0x00, 0x5b, 0x65, 0x72,
    0x72, 0x6f, 0x72, 0x2f, 0x75, 0x6e, 0x68, 0x61, 0x6e, 0x64, 0x6c, 0x65, 0x64, 0x20, 0x28, 0x25,
    0x30, 0x38, 0x78, 0x29, 0x5d, 0x00, 0x63, 0x62, 0x25, 0x73, 0x7a, 0x20, 0x25, 0x73, 0x2c, 0x20,
    0x25, 0x73, 0x00, 0x62, 0x25, 0x73, 0x20, 0x25, 0x73, 0x00, 0x6d, 0x72, 0x73, 0x20, 0x25, 0x73,
    0x2c, 0x20, 0x6e, 0x7a, 0x63, 0x76, 0x00, 0x6d, 0x73, 0x72, 0x20, 0x6e, 0x7a, 0x63, 0x76, 0x2c,
    0x20, 0x25, 0x73, 0x00, 0x75, 0x6e, 0x73, 0x75, 0x70, 0x70, 0x6f, 0x72, 0x74, 0x65, 0x64, 0x20,
    0x73, 0x79, 0x73, 0x74, 0x65, 0x6d, 0x00, 0x74, 0x62, 0x25, 0x73, 0x7a, 0x20, 0x25, 0x73, 0x2c,
    0x20, 0x25, 0x64, 0x2c, 0x20, 0x25, 0x73, 0x00, 0x6c, 0x64, 0x72, 0x20, 0x25, 0x73, 0x2c, 0x20,
    0x5b, 0x25, 0x73, 0x5d, 0x00, 0x25, 0x73, 0x25, 0x73, 0x20, 0x25, 0x73, 0x2c, 0x20, 0x5b, 0x25,
    0x73, 0x5d, 0x2c, 0x20, 0x23, 0x25, 0x64, 0x00, 0x25, 0x73, 0x25, 0x73, 0x20, 0x25, 0x73, 0x2c,
    0x20, 0x5b, 0x25, 0x73, 0x2c, 0x20, 0x25, 0x73, 0x2c, 0x20, 0x25, 0x73, 0x20, 0x23, 0x25, 0x64,
    0x5d, 0x00, 0x25, 0x73, 0x25, 0x73, 0x20, 0x25, 0x73, 0x2c, 0x20, 0x5b, 0x25, 0x73, 0x2c, 0x20,
    0x25, 0x73, 0x5d, 0x00, 0x25, 0x73, 0x75, 0x25, 0x73, 0x20, 0x25, 0x73, 0x2c, 0x20, 0x5b, 0x25,
    0x73, 0x2c, 0x20, 0x23, 0x25, 0x64, 0x5d, 0x00, 0x25, 0x73, 0x25, 0x73, 0x20, 0x25, 0x73, 0x2c,
    0x20, 0x5b, 0x25, 0x73, 0x2c, 0x20, 0x23, 0x25, 0x64, 0x5d, 0x00, 0x25, 0x73, 0x20, 0x25, 0x73,
    0x2c, 0x20, 0x25, 0x73, 0x2c, 0x20, 0x5b, 0x25, 0x73, 0x2c, 0x20, 0x23, 0x25, 0x64, 0x5d, 0x00,
    0x25, 0x73, 0x20, 0x25, 0x73, 0x2c, 0x20, 0x25, 0x73, 0x2c, 0x20, 0x5b, 0x25, 0x73, 0x2c, 0x20,
    0x23, 0x25, 0x64, 0x5d, 0x21, 0x00, 0x25, 0x73, 0x20, 0x25, 0x73, 0x2c, 0x20, 0x25, 0x73, 0x2c,
    0x20, 0x5b, 0x25, 0x73, 0x5d, 0x2c, 0x20, 0x23, 0x25, 0x64, 0x00, 0x25, 0x73, 0x25, 0x73, 0x20,
    0x25, 0x73, 0x2c, 0x20, 0x25, 0x73, 0x2c, 0x20, 0x23, 0x25, 0x78, 0x00, 0x62, 0x66, 0x6d, 0x20,
    0x25, 0x73, 0x2c, 0x20, 0x25, 0x73, 0x2c, 0x20, 0x23, 0x25, 0x64, 0x2c, 0x20, 0x23, 0x25, 0x64,
    0x00, 0x65, 0x78, 0x74, 0x72, 0x20, 0x25, 0x73, 0x2c, 0x20, 0x25, 0x73, 0x2c, 0x20, 0x25, 0x73,
    0x2c, 0x20, 0x23, 0x25, 0x64, 0x00, 0x25, 0x73, 0x20, 0x25, 0x73, 0x2c, 0x20, 0x25, 0x73, 0x2c,
    0x20, 0x23, 0x30, 0x78, 0x25, 0x6c, 0x6c, 0x78, 0x00, 0x25, 0x73, 0x20, 0x25, 0x73, 0x2c, 0x20,
    0x25, 0x6c, 0x6c, 0x78, 0x00, 0x61, 0x64, 0x72, 0x25, 0x73, 0x20, 0x25, 0x73, 0x00, 0x25, 0x73,
    0x25, 0x73, 0x20, 0x25, 0x73, 0x2c, 0x20, 0x25, 0x73, 0x2c, 0x20, 0x25, 0x73, 0x2c, 0x20, 0x25,
    0x73, 0x20, 0x23, 0x25, 0x64, 0x00, 0x25, 0x73, 0x25, 0x73, 0x20, 0x25, 0x73, 0x2c, 0x20, 0x25,
    0x73, 0x2c, 0x20, 0x25, 0x73, 0x20, 0x25, 0x73, 0x00, 0x73, 0x68, 0x2d, 0x75, 0x6e, 0x64, 0x65,
    0x66, 0x00, 0x6d, 0x6f, 0x76, 0x20, 0x25, 0x73, 0x2c, 0x20, 0x25, 0x73, 0x2c, 0x20, 0x25, 0x73,
    0x20, 0x23, 0x25, 0x64, 0x00, 0x62, 0x6c, 0x72, 0x00, 0x65, 0x72, 0x65, 0x74, 0x00, 0x75, 0x6e,
    0x64, 0x65, 0x66, 0x2d, 0x75, 0x63, 0x62, 0x72, 0x2d, 0x6f, 0x70, 0x2d, 0x33, 0x64, 0x72, 0x70,
    0x73, 0x00, 0x75, 0x6e, 0x64, 0x65, 0x66, 0x2d, 0x75, 0x63, 0x62, 0x72, 0x2d, 0x6f, 0x70, 0x2d,
    0x35, 0x00, 0x75, 0x6e, 0x64, 0x65, 0x66, 0x2d, 0x75, 0x63, 0x62, 0x72, 0x2d, 0x6f, 0x70, 0x2d,
    0x36, 0x00, 0x75, 0x6e, 0x64, 0x65, 0x66, 0x2d, 0x75, 0x63, 0x62, 0x72, 0x2d, 0x6f, 0x70, 0x2d,
    0x37, 0x00, 0x6c, 0x64, 0x72, 0x73, 0x00, 0x6f, 0x70, 0x74, 0x2d, 0x75, 0x6e, 0x64, 0x65, 0x66,
    0x2d, 0x30, 0x00, 0x6f, 0x70, 0x74, 0x2d, 0x75, 0x6e, 0x64, 0x65, 0x66, 0x2d, 0x31, 0x00, 0x75,
    0x78, 0x74, 0x77, 0x00, 0x6f, 0x70, 0x74, 0x2d, 0x75, 0x6e, 0x64, 0x65, 0x66, 0x2d, 0x34, 0x00,
    0x6f, 0x70, 0x74, 0x2d, 0x75, 0x6e, 0x64, 0x65, 0x66, 0x2d, 0x35, 0x00, 0x73, 0x78, 0x74, 0x77,
    0x00, 0x73, 0x78, 0x74, 0x78, 0x00, 0x73, 0x74, 0x70, 0x00, 0x6c, 0x64, 0x70, 0x00, 0x73, 0x62,
    0x66, 0x6d, 0x00, 0x75, 0x62, 0x66, 0x6d, 0x00, 0x62, 0x66, 0x2d, 0x75, 0x6e, 0x64, 0x65, 0x66,
    0x00, 0x6f, 0x72, 0x6e, 0x00, 0x65, 0x6f, 0x6e, 0x00, 0x61, 0x6e, 0x64, 0x73, 0x00, 0x62, 0x69,
    0x63, 0x73, 0x00, 0x6d, 0x6f, 0x76, 0x6e, 0x00, 0x6d, 0x6f, 0x76, 0x77, 0x2d, 0x75, 0x6e, 0x64,
    0x65, 0x66, 0x00, 0x6d, 0x6f, 0x76, 0x7a, 0x00, 0x6d, 0x6f, 0x76, 0x6b, 0x00, 0x75, 0x78, 0x74,
    0x62, 0x00, 0x75, 0x78, 0x74, 0x68, 0x00, 0x75, 0x78, 0x74, 0x78, 0x00, 0x73, 0x78, 0x74, 0x62,
    0x00, 0x73, 0x78, 0x74, 0x68, 0x00, 0x63, 0x73, 0x65, 0x6c, 0x00, 0x63, 0x73, 0x69, 0x6e, 0x63,
    0x00, 0x63, 0x73, 0x69, 0x6e, 0x76, 0x00, 0x63, 0x73, 0x6e, 0x65, 0x67, 0x00, 0x72, 0x62, 0x69,
    0x74, 0x00, 0x72, 0x65, 0x76, 0x31, 0x36, 0x00, 0x72, 0x65, 0x76, 0x00, 0x75, 0x6e, 0x64, 0x65,
    0x66, 0x2d, 0x64, 0x70, 0x31, 0x2d, 0x33, 0x00, 0x63, 0x6c, 0x7a, 0x00, 0x63, 0x6c, 0x73, 0x00,
    0x75, 0x6e, 0x64, 0x65, 0x66, 0x2d, 0x64, 0x70, 0x31, 0x2d, 0x36, 0x00, 0x75, 0x6e, 0x64, 0x65,
    0x66, 0x2d, 0x64, 0x70, 0x31, 0x2d, 0x37, 0x00, 0x75, 0x6e, 0x64, 0x65, 0x66, 0x2d, 0x64, 0x70,
    0x32, 0x2d, 0x30, 0x00, 0x75, 0x6e, 0x64, 0x65, 0x66, 0x2d, 0x64, 0x70, 0x32, 0x2d, 0x31, 0x00,
    0x75, 0x64, 0x69, 0x76, 0x00, 0x73, 0x64, 0x69, 0x76, 0x00, 0x75, 0x6e, 0x64, 0x65, 0x66, 0x2d,
    0x64, 0x70, 0x32, 0x2d, 0x34, 0x00, 0x75, 0x64, 0x6e, 0x65, 0x66, 0x2d, 0x64, 0x70, 0x32, 0x2d,
    0x35, 0x00, 0x75, 0x6e, 0x64, 0x65, 0x66, 0x2d, 0x64, 0x70, 0x32, 0x2d, 0x36, 0x00, 0x75, 0x64,
    0x6e, 0x65, 0x66, 0x2d, 0x64, 0x70, 0x32, 0x2d, 0x37, 0x00, 0x6c, 0x73, 0x6c, 0x76, 0x00, 0x6c,
    0x73, 0x72, 0x76, 0x00, 0x61, 0x73, 0x72, 0x76, 0x00, 0x72, 0x6f, 0x72, 0x76, 0x00, 0x75, 0x6e,
    0x64, 0x65, 0x66, 0x2d, 0x64, 0x70, 0x32, 0x2d, 0x31, 0x32, 0x00, 0x75, 0x6e, 0x64, 0x65, 0x66,
    0x2d, 0x64, 0x70, 0x32, 0x2d, 0x31, 0x33, 0x00, 0x75, 0x6e, 0x64, 0x65, 0x66, 0x2d, 0x64, 0x70,
    0x32, 0x2d, 0x31, 0x34, 0x00, 0x75, 0x6e, 0x64, 0x65, 0x66, 0x2d, 0x64, 0x70, 0x32, 0x2d, 0x31,
    0x35, 0x00, 0x6d, 0x61, 0x64, 0x64, 0x00, 0x6d, 0x73, 0x75, 0x62, 0x00, 0x73, 0x6d, 0x61, 0x64,
    0x64, 0x6c, 0x00, 0x73, 0x6d, 0x73, 0x75, 0x62, 0x6c, 0x00, 0x73, 0x6d, 0x75, 0x6c, 0x68, 0x00,
    0x75, 0x6e, 0x64, 0x65, 0x66, 0x2d, 0x64, 0x70, 0x33, 0x2d, 0x35, 0x00, 0x75, 0x6e, 0x64, 0x65,
    0x66, 0x2d, 0x64, 0x70, 0x33, 0x2d, 0x36, 0x00, 0x75, 0x6e, 0x64, 0x65, 0x66, 0x2d, 0x64, 0x70,
    0x33, 0x2d, 0x37, 0x00, 0x75, 0x6e, 0x64, 0x65, 0x66, 0x2d, 0x64, 0x70, 0x33, 0x2d, 0x38, 0x00,
    0x75, 0x6e, 0x64, 0x65, 0x66, 0x2d, 0x64, 0x70, 0x33, 0x2d, 0x39, 0x00, 0x75, 0x6d, 0x61, 0x64,
    0x64, 0x6c, 0x00, 0x75, 0x6d, 0x73, 0x75, 0x62, 0x6c, 0x00, 0x75, 0x6d, 0x75, 0x6c, 0x68, 0x00,
    0x75, 0x6e, 0x64, 0x65, 0x66, 0x2d, 0x64, 0x70, 0x33, 0x2d, 0x31, 0x33, 0x00, 0x75, 0x6e, 0x64,
    0x65, 0x66, 0x2d, 0x64, 0x70, 0x33, 0x2d, 0x31, 0x34, 0x00, 0x75, 0x6e, 0x64, 0x65, 0x66, 0x2d,
    0x64, 0x70, 0x33, 0x2d, 0x31, 0x35, 0x00, 0x00, 0x00, 0x00, 0x00, 0x00, 0x00, 0x00, 0x00, 0x00,
    0x00, 0x00, 0x00, 0x00, 0x08, 0x00, 0x00, 0x00, 0x09, 0x00, 0x00, 0x00, 0x0a, 0x00, 0x00, 0x00,
    0x0b, 0x00, 0x00, 0x00, 0x0c, 0x00, 0x00, 0x00, 0x0d, 0x00, 0x00, 0x00, 0x0e, 0x00, 0x00, 0x00,
    0x0f, 0x00, 0x00, 0x00, 0x00, 0x00, 0x39, 0x32, 0x80, 0xc3, 0x23, 0xb9, 0x80, 0x2b, 0x51, 0xf9,
    0x00, 0x10, 0x40, 0xb9, 0x21, 0xa1, 0x0b, 0xd1, 0x82, 0x07, 0x61, 0xb9, 0x80, 0xf7, 0x20, 0xb9,
    0x00, 0x64, 0x3a, 0x12, 0x40, 0x22, 0x84, 0x52, 0xa0, 0xe1, 0xa1, 0x72, 0x00, 0x30, 0x80, 0x52,
    0x80, 0x02, 0xa0, 0x72, 0x20, 0xac, 0x92, 0x52, 0x00, 0x20, 0xa8, 0x72, 0x21, 0x00, 0x80, 0x52,
    0x81, 0x13, 0x21, 0xb9, 0x80, 0xff, 0x20, 0xb9, 0x00, 0x64, 0x3a, 0x12, 0x80, 0x07, 0x61, 0xb9,
    0x20, 0x01, 0x16, 0xb8, 0x01, 0x1c, 0x26, 0x12, 0x41, 0x00, 0x00, 0x34, 0x01, 0x42, 0x3b, 0xd5,
    0x41, 0x74, 0x00, 0x33, 0x81, 0xc3, 0x63, 0xb9, 0x21, 0x00, 0x25, 0x32, 0x00, 0x01, 0x00, 0xb4,
    0x60, 0x00, 0xf8, 0xb6, 0x80, 0xfb, 0x20, 0xb9, 0x00, 0x64, 0x3a, 0x12, 0x00, 0x42, 0x3b, 0xd5,
    0x80, 0x74, 0x00, 0x33, 0x00, 0x42, 0x3b, 0xd5, 0x60, 0x74, 0x00, 0x33, 0x20, 0x01, 0x56, 0xb8,
    0x00, 0x10, 0x00, 0x11, 0xe0, 0x03, 0x1f, 0x2a, 0xe1, 0x03, 0x3f, 0x2a, 0x00, 0x00, 0x00, 0x00,
    0x00, 0x00, 0x00, 0x00, 0x00, 0x00, 0x39, 0x32, 0x80, 0xc3, 0x23, 0xb9, 0x80, 0x2b, 0x51, 0xf9,
    0x00, 0x10, 0x40, 0xb9, 0x80, 0x00, 0x00, 0xb4, 0x81, 0xc3, 0x63, 0xb9, 0x21, 0x00, 0x25, 0x32,
    0x81, 0xc3, 0x23, 0xb9, 0x00, 0x00, 0x38, 0x00, 0x30, 0x00, 0x38, 0x00, 0x28, 0x28, 0x38, 0x28,
    0x30, 0x30, 0x38, 0x00, 0x00, 0x07, 0x07, 0x0f, 0x07, 0x27, 0x0f, 0x17, 0x07, 0x0f, 0x27, 0x17,
    0x0f, 0x17, 0x17, 0x00, 0x2b, 0x63, 0x00, 0x00, 0x1c, 0xc3, 0xd9, 0x72, 0x00, 0x00, 0x38, 0x02,
    0xe9, 0x02, 0x61, 0x03, 0xf3, 0x02, 0x6f, 0x03, 0x7b, 0x03, 0x87, 0x03, 0x94, 0x03, 0xfd, 0x02,
    0xa6, 0x03, 0x0d, 0x03, 0x18, 0x03, 0xb1, 0x03, 0x27, 0x03, 0x38, 0x03, 0x00, 0x00, 0x92, 0x01,
    0x63, 0x01, 0x79, 0x01, 0x00, 0x00, 0xe5, 0x04, 0x94, 0x03, 0xb2, 0x03, 0x00, 0x58, 0x09, 0x6e,
    0x12, 0x81, 0x94, 0xa7, 0xba, 0x1b, 0xc4, 0x2f, 0x39, 0xcf, 0x41, 0x4a, 0x00, 0x00, 0xa3, 0x05,
    0xcc, 0x05, 0x00, 0x00, 0x00, 0x00, 0x86, 0x04, 0x18, 0x04, 0x35, 0x04, 0x72, 0x65, 0x63, 0x6f,
    0x6d, 0x70, 0x69, 0x6c, 0x65, 0x72, 0x5f, 0x63, 0x70, 0x75, 0x5f, 0x6e, 0x65, 0x78, 0x74, 0x5f,
    0x61, 0x63, 0x74, 0x69, 0x6f, 0x6e, 0x5f, 0x61, 0x72, 0x6d, 0x39, 0x5f, 0x74, 0x6f, 0x5f, 0x61,
    0x72, 0x6d, 0x37, 0x00, 0x72, 0x65, 0x63, 0x6f, 0x6d, 0x70, 0x69, 0x6c, 0x65, 0x72, 0x5f, 0x63,
    0x70, 0x75, 0x5f, 0x6e, 0x65, 0x78, 0x74, 0x5f, 0x61, 0x63, 0x74, 0x69, 0x6f, 0x6e, 0x5f, 0x61,
    0x72, 0x6d, 0x37, 0x5f, 0x74, 0x6f, 0x5f, 0x65, 0x76, 0x65, 0x6e, 0x74, 0x5f, 0x75, 0x70, 0x64,
    0x61, 0x74, 0x65, 0x00, 0x72, 0x65, 0x63, 0x6f, 0x6d, 0x70, 0x69, 0x6c, 0x65, 0x72, 0x5f, 0x65,
    0x6e, 0x74, 0x72, 0x79, 0x00, 0x62, 0x6c, 0x6f, 0x63, 0x6b, 0x5f, 0x69, 0x6e, 0x64, 0x69, 0x72,
    0x65, 0x63, 0x74, 0x5f, 0x62, 0x72, 0x61, 0x6e, 0x63, 0x68, 0x00, 0x62, 0x6c, 0x6f, 0x63, 0x6b,
    0x5f, 0x69, 0x74, 0x63, 0x6d, 0x5f, 0x62, 0x72, 0x61, 0x6e, 0x63, 0x68, 0x5f, 0x61, 0x72, 0x6d,
    0x00, 0x62, 0x6c, 0x6f, 0x63, 0x6b, 0x5f, 0x69, 0x74, 0x63, 0x6d, 0x5f, 0x62, 0x72, 0x61, 0x6e,
    0x63, 0x68, 0x5f, 0x74, 0x68, 0x75, 0x6d, 0x62, 0x00, 0x62, 0x6c, 0x6f, 0x63, 0x6b, 0x5f, 0x68,
    0x61, 0x6c, 0x74, 0x00, 0x61, 0x72, 0x6d, 0x36, 0x34, 0x5f, 0x6c, 0x6f, 0x61, 0x64, 0x5f, 0x6d,
    0x65, 0x6d, 0x6f, 0x72, 0x79, 0x38, 0x5f, 0x75, 0x6e, 0x73, 0x69, 0x67, 0x6e, 0x65, 0x64, 0x00,
    0x61, 0x72, 0x6d, 0x36, 0x34, 0x5f, 0x6c, 0x6f, 0x61, 0x64, 0x5f, 0x6d, 0x65, 0x6d, 0x6f, 0x72,
    0x79, 0x38, 0x5f, 0x73, 0x69, 0x67, 0x6e, 0x65, 0x64, 0x00, 0x61, 0x72, 0x6d, 0x36, 0x34, 0x5f,
    0x6c, 0x6f, 0x61, 0x64, 0x5f, 0x6d, 0x65, 0x6d, 0x6f, 0x72, 0x79, 0x31, 0x36, 0x5f, 0x75, 0x6e,
    0x73, 0x69, 0x67, 0x6e, 0x65, 0x64, 0x00, 0x61, 0x72, 0x6d, 0x36, 0x34, 0x5f, 0x6c, 0x6f, 0x61,
    0x64, 0x5f, 0x6d, 0x65, 0x6d, 0x6f, 0x72, 0x79, 0x31, 0x36, 0x5f, 0x73, 0x69, 0x67, 0x6e, 0x65,
    0x64, 0x00, 0x61, 0x72, 0x6d, 0x36, 0x34, 0x5f, 0x6c, 0x6f, 0x61, 0x64, 0x5f, 0x6d, 0x65, 0x6d,
    0x6f, 0x72, 0x79, 0x33, 0x32, 0x5f, 0x75, 0x6e, 0x73, 0x69, 0x67, 0x6e, 0x65, 0x64, 0x00, 0x61,
    0x72, 0x6d, 0x36, 0x34, 0x5f, 0x6c, 0x6f, 0x61, 0x64, 0x5f, 0x6d, 0x65, 0x6d, 0x6f, 0x72, 0x79,
    0x36, 0x34, 0x00, 0x61, 0x72, 0x6d, 0x36, 0x34, 0x5f, 0x6c, 0x6f, 0x61, 0x64, 0x5f, 0x65, 0x78,
    0x74, 0x38, 0x5f, 0x75, 0x6e, 0x73, 0x69, 0x67, 0x6e, 0x65, 0x64, 0x00, 0x61, 0x72, 0x6d, 0x36,
    0x34, 0x5f, 0x6c, 0x6f, 0x61, 0x64, 0x5f, 0x65, 0x78, 0x74, 0x38, 0x5f, 0x73, 0x69, 0x67, 0x6e,
    0x65, 0x64, 0x00, 0x61, 0x72, 0x6d, 0x36, 0x34, 0x5f, 0x6c, 0x6f, 0x61, 0x64, 0x5f, 0x65, 0x78,
    0x74, 0x31, 0x36, 0x5f, 0x75, 0x6e, 0x73, 0x69, 0x67, 0x6e, 0x65, 0x64, 0x00, 0x61, 0x72, 0x6d,
    0x36, 0x34, 0x5f, 0x6c, 0x6f, 0x61, 0x64, 0x5f, 0x65, 0x78, 0x74, 0x31, 0x36, 0x5f, 0x73, 0x69,
    0x67, 0x6e, 0x65, 0x64, 0x00, 0x61, 0x72, 0x6d, 0x36, 0x34, 0x5f, 0x6c, 0x6f, 0x61, 0x64, 0x5f,
    0x65, 0x78, 0x74, 0x33, 0x32, 0x5f, 0x75, 0x6e, 0x73, 0x69, 0x67, 0x6e, 0x65, 0x64, 0x00, 0x61,
    0x72, 0x6d, 0x36, 0x34, 0x5f, 0x73, 0x74, 0x6f, 0x72, 0x65, 0x5f, 0x6d, 0x65, 0x6d, 0x6f, 0x72,
    0x79, 0x38, 0x5f, 0x61, 0x72, 0x6d, 0x39, 0x00, 0x61, 0x72, 0x6d, 0x36, 0x34, 0x5f, 0x73, 0x74,
    0x6f, 0x72, 0x65, 0x5f, 0x6d, 0x65, 0x6d, 0x6f, 0x72, 0x79, 0x31, 0x36, 0x5f, 0x61, 0x72, 0x6d,
    0x39, 0x00, 0x61, 0x72, 0x6d, 0x36, 0x34, 0x5f, 0x73, 0x74, 0x6f, 0x72, 0x65, 0x5f, 0x6d, 0x65,
    0x6d, 0x6f, 0x72, 0x79, 0x33, 0x32, 0x5f, 0x61, 0x72, 0x6d, 0x39, 0x00, 0x61, 0x72, 0x6d, 0x36,
    0x34, 0x5f, 0x73, 0x74, 0x6f, 0x72, 0x65, 0x5f, 0x6d, 0x65, 0x6d, 0x6f, 0x72, 0x79, 0x38, 0x5f,
    0x61, 0x72, 0x6d, 0x37, 0x00, 0x61, 0x72, 0x6d, 0x36, 0x34, 0x5f, 0x73, 0x74, 0x6f, 0x72, 0x65,
    0x5f, 0x6d, 0x65, 0x6d, 0x6f, 0x72, 0x79, 0x31, 0x36, 0x5f, 0x61, 0x72, 0x6d, 0x37, 0x00, 0x61,
    0x72, 0x6d, 0x36, 0x34, 0x5f, 0x73, 0x74, 0x6f, 0x72, 0x65, 0x5f, 0x6d, 0x65, 0x6d, 0x6f, 0x72,
    0x79, 0x33, 0x32, 0x5f, 0x61, 0x72, 0x6d, 0x37, 0x00, 0x61, 0x72, 0x6d, 0x36, 0x34, 0x5f, 0x6c,
    0x6f, 0x61, 0x64, 0x5f, 0x62, 0x6c, 0x6f, 0x63, 0x6b, 0x31, 0x00, 0x61, 0x72, 0x6d, 0x36, 0x34,
    0x5f, 0x6c, 0x6f, 0x61, 0x64, 0x5f, 0x62, 0x6c, 0x6f, 0x63, 0x6b, 0x32, 0x00, 0x61, 0x72, 0x6d,
    0x36, 0x34, 0x5f, 0x6c, 0x6f, 0x61, 0x64, 0x5f, 0x62, 0x6c, 0x6f, 0x63, 0x6b, 0x33, 0x00, 0x61,
    0x72, 0x6d, 0x36, 0x34, 0x5f, 0x6c, 0x6f, 0x61, 0x64, 0x5f, 0x62, 0x6c, 0x6f, 0x63, 0x6b, 0x34,
    0x00, 0x61, 0x72, 0x6d, 0x36, 0x34, 0x5f, 0x6c, 0x6f, 0x61, 0x64, 0x5f, 0x62, 0x6c, 0x6f, 0x63,
    0x6b, 0x35, 0x00, 0x61, 0x72, 0x6d, 0x36, 0x34, 0x5f, 0x6c, 0x6f, 0x61, 0x64, 0x5f, 0x62, 0x6c,
    0x6f, 0x63, 0x6b, 0x36, 0x00, 0x61, 0x72, 0x6d, 0x36, 0x34, 0x5f, 0x6c, 0x6f, 0x61, 0x64, 0x5f,
    0x62, 0x6c, 0x6f, 0x63, 0x6b, 0x37, 0x00, 0x61, 0x72, 0x6d, 0x36, 0x34, 0x5f, 0x6c, 0x6f, 0x61,
    0x64, 0x5f, 0x62, 0x6c, 0x6f, 0x63, 0x6b, 0x38, 0x00, 0x61, 0x72, 0x6d, 0x36, 0x34, 0x5f, 0x6c,
    0x6f, 0x61, 0x64, 0x5f, 0x62, 0x6c, 0x6f, 0x63, 0x6b, 0x39, 0x00, 0x61, 0x72, 0x6d, 0x36, 0x34,
    0x5f, 0x6c, 0x6f, 0x61, 0x64, 0x5f, 0x62, 0x6c, 0x6f, 0x63, 0x6b, 0x31, 0x30, 0x00, 0x61, 0x72,
    0x6d, 0x36, 0x34, 0x5f, 0x6c, 0x6f, 0x61, 0x64, 0x5f, 0x62, 0x6c, 0x6f, 0x63, 0x6b, 0x31, 0x31,
    0x00, 0x61, 0x72, 0x6d, 0x36, 0x34, 0x5f, 0x6c, 0x6f, 0x61, 0x64, 0x5f, 0x62, 0x6c, 0x6f, 0x63,
    0x6b, 0x31, 0x32, 0x00, 0x61, 0x72, 0x6d, 0x36, 0x34, 0x5f, 0x6c, 0x6f, 0x61, 0x64, 0x5f, 0x62,
    0x6c, 0x6f, 0x63, 0x6b, 0x31, 0x33, 0x00, 0x61, 0x72, 0x6d, 0x36, 0x34, 0x5f, 0x6c, 0x6f, 0x61,
    0x64, 0x5f, 0x62, 0x6c, 0x6f, 0x63, 0x6b, 0x31, 0x34, 0x00, 0x61, 0x72, 0x6d, 0x36, 0x34, 0x5f,
    0x6c, 0x6f, 0x61, 0x64, 0x5f, 0x62, 0x6c, 0x6f, 0x63, 0x6b, 0x31, 0x35, 0x00, 0x61, 0x72, 0x6d,
    0x36, 0x34, 0x5f, 0x6c, 0x6f, 0x61, 0x64, 0x5f, 0x62, 0x6c, 0x6f, 0x63, 0x6b, 0x31, 0x36, 0x00,
    0x61, 0x72, 0x6d, 0x36, 0x34, 0x5f, 0x73, 0x74, 0x6f, 0x72, 0x65, 0x5f, 0x62, 0x6c, 0x6f, 0x63,
    0x6b, 0x31, 0x00, 0x61, 0x72, 0x6d, 0x36, 0x34, 0x5f, 0x73, 0x74, 0x6f, 0x72, 0x65, 0x5f, 0x62,
    0x6c, 0x6f, 0x63, 0x6b, 0x32, 0x00, 0x61, 0x72, 0x6d, 0x36, 0x34, 0x5f, 0x73, 0x74, 0x6f, 0x72,
    0x65, 0x5f, 0x62, 0x6c, 0x6f, 0x63, 0x6b, 0x33, 0x00, 0x61, 0x72, 0x6d, 0x36, 0x34, 0x5f, 0x73,
    0x74, 0x6f, 0x72, 0x65, 0x5f, 0x62, 0x6c, 0x6f, 0x63, 0x6b, 0x34, 0x00, 0x61, 0x72, 0x6d, 0x36,
    0x34, 0x5f, 0x73, 0x74, 0x6f, 0x72, 0x65, 0x5f, 0x62, 0x6c, 0x6f, 0x63, 0x6b, 0x35, 0x00, 0x61,
    0x72, 0x6d, 0x36, 0x34, 0x5f, 0x73, 0x74, 0x6f, 0x72, 0x65, 0x5f, 0x62, 0x6c, 0x6f, 0x63, 0x6b,
    0x36, 0x00, 0x61, 0x72, 0x6d, 0x36, 0x34, 0x5f, 0x73, 0x74, 0x6f, 0x72, 0x65, 0x5f, 0x62, 0x6c,
    0x6f, 0x63, 0x6b, 0x37, 0x00, 0x61, 0x72, 0x6d, 0x36, 0x34, 0x5f, 0x73, 0x74, 0x6f, 0x72, 0x65,
    0x5f, 0x62, 0x6c, 0x6f, 0x63, 0x6b, 0x38, 0x00, 0x61, 0x72, 0x6d, 0x36, 0x34, 0x5f, 0x73, 0x74,
    0x6f, 0x72, 0x65, 0x5f, 0x62, 0x6c, 0x6f, 0x63, 0x6b, 0x39, 0x00, 0x61, 0x72, 0x6d, 0x36, 0x34,
    0x5f, 0x73, 0x74, 0x6f, 0x72, 0x65, 0x5f, 0x62, 0x6c, 0x6f, 0x63, 0x6b, 0x31, 0x30, 0x00, 0x61,
    0x72, 0x6d, 0x36, 0x34, 0x5f, 0x73, 0x74, 0x6f, 0x72, 0x65, 0x5f, 0x62, 0x6c, 0x6f, 0x63, 0x6b,
    0x31, 0x31, 0x00, 0x61, 0x72, 0x6d, 0x36, 0x34, 0x5f, 0x73, 0x74, 0x6f, 0x72, 0x65, 0x5f, 0x62,
    0x6c, 0x6f, 0x63, 0x6b, 0x31, 0x32, 0x00, 0x61, 0x72, 0x6d, 0x36, 0x34, 0x5f, 0x73, 0x74, 0x6f,
    0x72, 0x65, 0x5f, 0x62, 0x6c, 0x6f, 0x63, 0x6b, 0x31, 0x33, 0x00, 0x61, 0x72, 0x6d, 0x36, 0x34,
    0x5f, 0x73, 0x74, 0x6f, 0x72, 0x65, 0x5f, 0x62, 0x6c, 0x6f, 0x63, 0x6b, 0x31, 0x34, 0x00, 0x61,
    0x72, 0x6d, 0x36, 0x34, 0x5f, 0x73, 0x74, 0x6f, 0x72, 0x65, 0x5f, 0x62, 0x6c, 0x6f, 0x63, 0x6b,
    0x31, 0x35, 0x00, 0x61, 0x72, 0x6d, 0x36, 0x34, 0x5f, 0x73, 0x74, 0x6f, 0x72, 0x65, 0x5f, 0x62,
    0x6c, 0x6f, 0x63, 0x6b, 0x31, 0x36, 0x00, 0x61, 0x72, 0x6d, 0x36, 0x34, 0x5f, 0x6d, 0x73, 0x72,
    0x5f, 0x63, 0x70, 0x73, 0x72, 0x5f, 0x6c, 0x6f, 0x77, 0x00, 0x61, 0x72, 0x6d, 0x36, 0x34, 0x5f,
    0x6d, 0x73, 0x72, 0x5f, 0x73, 0x70, 0x73, 0x72, 0x00, 0x61, 0x72, 0x6d, 0x36, 0x34, 0x5f, 0x6d,
    0x72, 0x73, 0x5f, 0x63, 0x70, 0x73, 0x72, 0x00, 0x61, 0x72, 0x6d, 0x36, 0x34, 0x5f, 0x75, 0x70,
    0x64, 0x61, 0x74, 0x65, 0x5f, 0x63, 0x6f, 0x70, 0x72, 0x6f, 0x63, 0x65, 0x73, 0x73, 0x6f, 0x72,
    0x5f, 0x63, 0x6f, 0x6e, 0x74, 0x72, 0x6f, 0x6c, 0x00, 0x61, 0x72, 0x6d, 0x36, 0x34, 0x5f, 0x75,
    0x70, 0x64, 0x61, 0x74, 0x65, 0x5f, 0x63, 0x6f, 0x70, 0x72, 0x6f, 0x63, 0x65, 0x73, 0x73, 0x6f,
    0x72, 0x5f, 0x64, 0x74, 0x63, 0x6d, 0x5f, 0x63, 0x6f, 0x6e, 0x74, 0x72, 0x6f, 0x6c, 0x00, 0x61,
    0x72, 0x6d, 0x36, 0x34, 0x5f, 0x75, 0x70, 0x64, 0x61, 0x74, 0x65, 0x5f, 0x63, 0x6f, 0x70, 0x72,
    0x6f, 0x63, 0x65, 0x73, 0x73, 0x6f, 0x72, 0x5f, 0x69, 0x74, 0x63, 0x6d, 0x5f, 0x63, 0x6f, 0x6e,
    0x74, 0x72, 0x6f, 0x6c, 0x00, 0x61, 0x72, 0x6d, 0x36, 0x34, 0x5f, 0x73, 0x70, 0x73, 0x72, 0x5f,
    0x72, 0x65, 0x73, 0x74, 0x6f, 0x72, 0x65, 0x00, 0x61, 0x72, 0x6d, 0x36, 0x34, 0x5f, 0x73, 0x74,
    0x65, 0x70, 0x5f, 0x64, 0x65, 0x62, 0x75, 0x67, 0x00, 0x20, 0x25, 0x30, 0x38, 0x78, 0x3a, 0x20,
    0x25, 0x30, 0x38, 0x78, 0x20, 0x25, 0x73, 0x20, 0x28, 0x25, 0x30, 0x34, 0x78, 0x20, 0x25, 0x73,
    0x29, 0x00, 0x20, 0x25, 0x30, 0x38, 0x78, 0x3a, 0x20, 0x25, 0x30, 0x38, 0x78, 0x20, 0x25, 0x73,
    0x00, 0x0a, 0x20, 0x00, 0x20, 0x2d, 0x3e, 0x20, 0x28, 0x25, 0x78, 0x29, 0x00, 0x20, 0x20, 0x25,
    0x70, 0x3a, 0x20, 0x25, 0x30, 0x38, 0x78, 0x20, 0x20, 0x25, 0x73, 0x0a, 0x00, 0x41, 0x52, 0x4d,
    0x00, 0x54, 0x68, 0x75, 0x6d, 0x62, 0x00, 0x41, 0x52, 0x4d, 0x37, 0x00, 0x41, 0x52, 0x4d, 0x39,
    0x00, 0x25, 0x73, 0x20, 0x62, 0x6c, 0x6f, 0x63, 0x6b, 0x20, 0x28, 0x25, 0x73, 0x29, 0x20, 0x61,
    0x74, 0x20, 0x25, 0x78, 0x3a, 0x20, 0x25, 0x64, 0x20, 0x69, 0x6e, 0x73, 0x74, 0x72, 0x75, 0x63,
    0x74, 0x69, 0x6f, 0x6e, 0x73, 0x2c, 0x20, 0x25, 0x64, 0x20, 0x62, 0x79, 0x74, 0x65, 0x73, 0x20,
    0x74, 0x72, 0x61, 0x6e, 0x73, 0x6c, 0x61, 0x74, 0x65, 0x64, 0x0a, 0x00, 0x4c, 0x69, 0x76, 0x65,
    0x20, 0x66, 0x6c, 0x61, 0x67, 0x73, 0x3a, 0x20, 0x25, 0x78, 0x2c, 0x20, 0x6c, 0x69, 0x76, 0x65,
    0x20, 0x72, 0x65, 0x67, 0x69, 0x73, 0x74, 0x65, 0x72, 0x73, 0x3a, 0x20, 0x25, 0x30, 0x34, 0x78,
    0x0a, 0x00, 0x20, 0x20, 0x25, 0x30, 0x38, 0x78, 0x3a, 0x20, 0x25, 0x30, 0x34, 0x78, 0x20, 0x25,
    0x73, 0x0a, 0x00, 0x20, 0x20, 0x25, 0x30, 0x38, 0x78, 0x3a, 0x20, 0x25, 0x30, 0x38, 0x78, 0x20,
    0x25, 0x73, 0x0a, 0x00, 0x25, 0x30, 0x31, 0x58, 0x00, 0x31, 0x2e, 0x32, 0x2e, 0x37, 0x00, 0xc0,
    0xe0, 0xf0, 0xf8, 0xfc, 0x12, 0x17, 0x00, 0x3a, 0x00, 0x00, 0x52, 0x6b, 0x27, 0x06, 0x16, 0x06,
    0x16, 0x06, 0x16, 0x06, 0x16, 0x06, 0x16, 0x06, 0x00, 0x00, 0x2f, 0x00, 0x26, 0x00, 0x77, 0x62,
    0x2b, 0x00, 0x00, 0x00, 0x00, 0x00, 0x00, 0x00, 0x01, 0x00, 0x00, 0x00, 0x01, 0x00, 0x00, 0x00,
    0x01, 0x00, 0x00, 0x00, 0x00, 0x65, 0x58, 0x6d, 0x49, 0x74, 0x38, 0x52, 0x41, 0x52, 0x5f, 0x45,
    0x58, 0x49, 0x54, 0x00, 0x53, 0x74, 0x39, 0x62, 0x61, 0x64, 0x5f, 0x61, 0x6c, 0x6c, 0x6f, 0x63,
    0x00, 0x53, 0x74, 0x39, 0x65, 0x78, 0x63, 0x65, 0x70, 0x74, 0x69, 0x6f, 0x6e, 0x00, 0x00, 0x00,
    0x58, 0x00, 0x00, 0x00, 0x00, 0x00, 0x00, 0x00, 0x12, 0x00, 0x00, 0x00, 0x0c, 0x00, 0x00, 0x00,
    0x15, 0x00, 0x00, 0x00, 0x13, 0x00, 0x00, 0x00, 0x0f, 0x00, 0x00, 0x00, 0x15, 0x00, 0x00, 0x00,
    0x0b, 0x00, 0x00, 0x00, 0x10, 0x00, 0x00, 0x00, 0x15, 0x00, 0x00, 0x00, 0x18, 0x00, 0x00, 0x00,
    0x00, 0x00, 0x00, 0x00, 0x15, 0x00, 0x00, 0x00, 0x12, 0x00, 0x00, 0x00, 0x0c, 0x00, 0x00, 0x00,
    0x15, 0x00, 0x00, 0x00, 0x13, 0x00, 0x00, 0x00, 0x0f, 0x00, 0x00, 0x00, 0x15, 0x00, 0x00, 0x00,
    0x0b, 0x00, 0x00, 0x00, 0x10, 0x00, 0x00, 0x00, 0x15, 0x00, 0x00, 0x00, 0x18, 0x00, 0x00, 0x00,
    0x4d, 0x00, 0x00, 0x00, 0x61, 0x00, 0x00, 0x00, 0x78, 0x00, 0x00, 0x00, 0x69, 0x00, 0x00, 0x00,
    0x6d, 0x00, 0x00, 0x00, 0x75, 0x00, 0x00, 0x00, 0x6d, 0x00, 0x00, 0x00, 0x20, 0x00, 0x00, 0x00,
    0x61, 0x00, 0x00, 0x00, 0x6c, 0x00, 0x00, 0x00, 0x6c, 0x00, 0x00, 0x00, 0x6f, 0x00, 0x00, 0x00,
    0x77, 0x00, 0x00, 0x00, 0x65, 0x00, 0x00, 0x00, 0x64, 0x00, 0x00, 0x00, 0x20, 0x00, 0x00, 0x00,
    0x61, 0x00, 0x00, 0x00, 0x72, 0x00, 0x00, 0x00, 0x72, 0x00, 0x00, 0x00, 0x61, 0x00, 0x00, 0x00,
    0x79, 0x00, 0x00, 0x00, 0x20, 0x00, 0x00, 0x00, 0x73, 0x00, 0x00, 0x00, 0x69, 0x00, 0x00, 0x00,
    0x7a, 0x00, 0x00, 0x00, 0x65, 0x00, 0x00, 0x00, 0x20, 0x00, 0x00, 0x00, 0x28, 0x00, 0x00, 0x00,
    0x25, 0x00, 0x00, 0x00, 0x75, 0x00, 0x00, 0x00, 0x29, 0x00, 0x00, 0x00, 0x20, 0x00, 0x00, 0x00,
    0x69, 0x00, 0x00, 0x00, 0x73, 0x00, 0x00, 0x00, 0x20, 0x00, 0x00, 0x00, 0x65, 0x00, 0x00, 0x00,
    0x78, 0x00, 0x00, 0x00, 0x63, 0x00, 0x00, 0x00, 0x65, 0x00, 0x00, 0x00, 0x65, 0x00, 0x00, 0x00,
    0x64, 0x00, 0x00, 0x00, 0x65, 0x00, 0x00, 0x00, 0x64, 0x00, 0x00, 0x00, 0x00, 0x00, 0x00, 0x00,
    0x73, 0x00, 0x00, 0x00, 0x66, 0x00, 0x00, 0x00, 0x78, 0x00, 0x00, 0x00, 0x00, 0x00, 0x00, 0x00,
    0x2a, 0x00, 0x00, 0x00, 0x3f, 0x00, 0x00, 0x00, 0x00, 0x00, 0x00, 0x00, 0x2f, 0x00, 0x00, 0x00,
    0x00, 0x00, 0x00, 0x00, 0x2f, 0x00, 0x00, 0x00, 0x65, 0x00, 0x00, 0x00, 0x74, 0x00, 0x00, 0x00,
    0x63, 0x00, 0x00, 0x00, 0x2f, 0x00, 0x00, 0x00, 0x72, 0x00, 0x00, 0x00, 0x61, 0x00, 0x00, 0x00,
    0x72, 0x00, 0x00, 0x00, 0x00, 0x00, 0x00, 0x00, 0x2f, 0x00, 0x00, 0x00, 0x75, 0x00, 0x00, 0x00,
    0x73, 0x00, 0x00, 0x00, 0x72, 0x00, 0x00, 0x00, 0x2f, 0x00, 0x00, 0x00, 0x6c, 0x00, 0x00, 0x00,
    0x69, 0x00, 0x00, 0x00, 0x62, 0x00, 0x00, 0x00, 0x00, 0x00, 0x00, 0x00, 0x2f, 0x00, 0x00, 0x00,
    0x75, 0x00, 0x00, 0x00, 0x73, 0x00, 0x00, 0x00, 0x72, 0x00, 0x00, 0x00, 0x2f, 0x00, 0x00, 0x00,
    0x6c, 0x00, 0x00, 0x00, 0x6f, 0x00, 0x00, 0x00, 0x63, 0x00, 0x00, 0x00, 0x61, 0x00, 0x00, 0x00,
    0x6c, 0x00, 0x00, 0x00, 0x2f, 0x00, 0x00, 0x00, 0x6c, 0x00, 0x00, 0x00, 0x69, 0x00, 0x00, 0x00,
    0x62, 0x00, 0x00, 0x00, 0x00, 0x00, 0x00, 0x00, 0x2f, 0x00, 0x00, 0x00, 0x75, 0x00, 0x00, 0x00,
    0x73, 0x00, 0x00, 0x00, 0x72, 0x00, 0x00, 0x00, 0x2f, 0x00, 0x00, 0x00, 0x6c, 0x00, 0x00, 0x00,
    0x6f, 0x00, 0x00, 0x00, 0x63, 0x00, 0x00, 0x00, 0x61, 0x00, 0x00, 0x00, 0x6c, 0x00, 0x00, 0x00,
    0x2f, 0x00, 0x00, 0x00, 0x65, 0x00, 0x00, 0x00, 0x74, 0x00, 0x00, 0x00, 0x63, 0x00, 0x00, 0x00,
    0x00, 0x00, 0x00, 0x00, 0x2e, 0x00, 0x00, 0x00, 0x72, 0x00, 0x00, 0x00, 0x61, 0x00, 0x00, 0x00,
    0x72, 0x00, 0x00, 0x00, 0x00, 0x00, 0x00, 0x00, 0x65, 0x00, 0x00, 0x00, 0x78, 0x00, 0x00, 0x00,
    0x65, 0x00, 0x00, 0x00, 0x00, 0x00, 0x00, 0x00, 0x30, 0x00, 0x00, 0x00, 0x30, 0x00, 0x00, 0x00,
    0x00, 0x00, 0x00, 0x00, 0x3f, 0x00, 0x00, 0x00, 0x2a, 0x00, 0x00, 0x00, 0x3c, 0x00, 0x00, 0x00,
    0x3e, 0x00, 0x00, 0x00, 0x7c, 0x00, 0x00, 0x00, 0x22, 0x00, 0x00, 0x00, 0x00, 0x00, 0x00, 0x00,
    0x3f, 0x00, 0x00, 0x00, 0x2a, 0x00, 0x00, 0x00, 0x00, 0x00, 0x00, 0x00, 0x79, 0x00, 0x00, 0x00,
    0x79, 0x00, 0x00, 0x00, 0x79, 0x00, 0x00, 0x00, 0x79, 0x00, 0x00, 0x00, 0x6d, 0x00, 0x00, 0x00,
    0x6d, 0x00, 0x00, 0x00, 0x64, 0x00, 0x00, 0x00, 0x64, 0x00, 0x00, 0x00, 0x68, 0x00, 0x00, 0x00,
    0x68, 0x00, 0x00, 0x00, 0x6d, 0x00, 0x00, 0x00, 0x6d, 0x00, 0x00, 0x00, 0x73, 0x00, 0x00, 0x00,
    0x73, 0x00, 0x00, 0x00, 0x00, 0x00, 0x00, 0x00, 0x59, 0x00, 0x00, 0x00, 0x4d, 0x00, 0x00, 0x00,
    0x44, 0x00, 0x00, 0x00, 0x48, 0x00, 0x00, 0x00, 0x49, 0x00, 0x00, 0x00, 0x53, 0x00, 0x00, 0x00,
    0x57, 0x00, 0x00, 0x00, 0x41, 0x00, 0x00, 0x00, 0x45, 0x00, 0x00, 0x00, 0x4e, 0x00, 0x00, 0x00,
    0x00, 0x00, 0x00, 0x00, 0x48, 0x4f, 0x4d, 0x45, 0x00, 0x3f, 0x2a, 0x3c, 0x3e, 0x7c, 0x22, 0x00,
    0x3f, 0x2a, 0x00, 0x25, 0x30, 0x34, 0x64, 0x00, 0x25, 0x30, 0x32, 0x64, 0x00, 0x25, 0x30, 0x35,
    0x64, 0x00, 0x77, 0x2b, 0x00, 0x00, 0x00, 0x00, 0x43, 0x00, 0x00, 0x00, 0x4d, 0x00, 0x00, 0x00,
    0x54, 0x00, 0x00, 0x00, 0x00, 0x00, 0x00, 0x00, 0x00, 0x00, 0x00, 0x00, 0x01, 0x00, 0x00, 0x00,
    0x00, 0x00, 0x00, 0x00, 0x00, 0x1d, 0x70, 0x70, 0x70, 0x70, 0x70, 0x1a, 0x1c, 0x00, 0xec, 0x9b,
    0xcb, 0x8a, 0x00, 0x00, 0x6e, 0x02, 0xc0, 0x02, 0x00, 0x00, 0x00, 0x00, 0x9a, 0x02, 0x10, 0x0f,
    0x0d, 0x0f, 0x0f, 0x0f, 0x0f, 0x00, 0x0f, 0x0f, 0x0f, 0x0f, 0x0f, 0x00, 0x69, 0x00, 0x00, 0x83,
    0x91, 0x00, 0x41, 0x1e, 0x2d, 0x08, 0x4a, 0x7c, 0x3b, 0x00, 0x00, 0x00, 0x25, 0x00, 0x00, 0x00,
    0x75, 0x00, 0x00, 0x00, 0x00, 0x00, 0x00, 0x00, 0x00, 0x00, 0x00, 0x00, 0x65, 0x47, 0x21, 0x90,
    0x82, 0x73, 0x15, 0x52, 0x79, 0xb8, 0xa3, 0xd3, 0xf7, 0x12, 0x6d, 0x3f, 0x35, 0xa2, 0x15, 0x75,
    0x23, 0xf1, 0xe7, 0xa4, 0x0e, 0x00, 0x00, 0x00, 0x00, 0x00, 0x00, 0x00, 0x0f, 0x00, 0x00, 0x00,
    0x00, 0x00, 0x00, 0x00, 0x0c, 0x00, 0x00, 0x00, 0x00, 0x00, 0x00, 0x00, 0x0d, 0x00, 0x00, 0x00,
    0x00, 0x00, 0x00, 0x00, 0x0a, 0x00, 0x00, 0x00, 0x00, 0x00, 0x00, 0x00, 0x0b, 0x00, 0x00, 0x00,
    0x00, 0x00, 0x00, 0x00, 0x08, 0x00, 0x00, 0x00, 0x00, 0x00, 0x00, 0x00, 0x09, 0x00, 0x00, 0x00,
    0x00, 0x00, 0x00, 0x00, 0x06, 0x00, 0x00, 0x00, 0x00, 0x00, 0x00, 0x00, 0x07, 0x00, 0x00, 0x00,
    0x00, 0x00, 0x00, 0x00, 0x04, 0x00, 0x00, 0x00, 0x00, 0x00, 0x00, 0x00, 0x05, 0x00, 0x00, 0x00,
    0x00, 0x00, 0x00, 0x00, 0x02, 0x00, 0x00, 0x00, 0x00, 0x00, 0x00, 0x00, 0x03, 0x00, 0x00, 0x00,
    0x00, 0x00, 0x00, 0x00, 0x08, 0x16, 0x33, 0x00, 0x00, 0x00, 0x24, 0x20, 0x28, 0x14, 0x2f, 0x64,
    0x65, 0x76, 0x2f, 0x75, 0x72, 0x61, 0x6e, 0x64, 0x6f, 0x6d, 0x00, 0x00, 0x03, 0x0a, 0x12, 0x00,
    0x00, 0x00, 0x00, 0x00, 0x01, 0x00, 0x00, 0x00, 0x05, 0x00, 0x00, 0x00, 0x0b, 0x00, 0x00, 0x00,
    0x10, 0x00, 0x00, 0x00, 0x3e, 0x00, 0x00, 0x00, 0x3f, 0x00, 0x00, 0x00, 0x1f, 0x00, 0x00, 0x00,
    0x1f, 0x00, 0x00, 0x00, 0x11, 0x00, 0x00, 0x00, 0x19, 0x00, 0x00, 0x00, 0x00, 0x16, 0x00, 0x00,
    0x00, 0x00, 0x00, 0x1c, 0x25, 0x00, 0x00, 0x00, 0x75, 0x00, 0x00, 0x00, 0x2d, 0x00, 0x00, 0x00,
    0x25, 0x00, 0x00, 0x00, 0x30, 0x00, 0x00, 0x00, 0x32, 0x00, 0x00, 0x00, 0x75, 0x00, 0x00, 0x00,
    0x2d, 0x00, 0x00, 0x00, 0x25, 0x00, 0x00, 0x00, 0x30, 0x00, 0x00, 0x00, 0x32, 0x00, 0x00, 0x00,
    0x75, 0x00, 0x00, 0x00, 0x20, 0x00, 0x00, 0x00, 0x25, 0x00, 0x00, 0x00, 0x30, 0x00, 0x00, 0x00,
    0x32, 0x00, 0x00, 0x00, 0x75, 0x00, 0x00, 0x00, 0x3a, 0x00, 0x00, 0x00, 0x25, 0x00, 0x00, 0x00,
    0x30, 0x00, 0x00, 0x00, 0x32, 0x00, 0x00, 0x00, 0x75, 0x00, 0x00, 0x00, 0x2c, 0x00, 0x00, 0x00,
    0x25, 0x00, 0x00, 0x00, 0x30, 0x00, 0x00, 0x00, 0x33, 0x00, 0x00, 0x00, 0x75, 0x00, 0x00, 0x00,
    0x00, 0x00, 0x00, 0x00, 0x25, 0x00, 0x00, 0x00, 0x30, 0x00, 0x00, 0x00, 0x32, 0x00, 0x00, 0x00,
    0x75, 0x00, 0x00, 0x00, 0x2d, 0x00, 0x00, 0x00, 0x25, 0x00, 0x00, 0x00, 0x30, 0x00, 0x00, 0x00,
    0x32, 0x00, 0x00, 0x00, 0x75, 0x00, 0x00, 0x00, 0x2d, 0x00, 0x00, 0x00, 0x25, 0x00, 0x00, 0x00,
    0x75, 0x00, 0x00, 0x00, 0x20, 0x00, 0x00, 0x00, 0x25, 0x00, 0x00, 0x00, 0x30, 0x00, 0x00, 0x00,
    0x32, 0x00, 0x00, 0x00, 0x75, 0x00, 0x00, 0x00, 0x3a, 0x00, 0x00, 0x00, 0x25, 0x00, 0x00, 0x00,
    0x30, 0x00, 0x00, 0x00, 0x32, 0x00, 0x00, 0x00, 0x75, 0x00, 0x00, 0x00, 0x00, 0x00, 0x00, 0x00,
    0x25, 0x00, 0x00, 0x00, 0x30, 0x00, 0x00, 0x00, 0x32, 0x00, 0x00, 0x00, 0x75, 0x00, 0x00, 0x00,
    0x2d, 0x00, 0x00, 0x00, 0x25, 0x00, 0x00, 0x00, 0x30, 0x00, 0x00, 0x00, 0x32, 0x00, 0x00, 0x00,
    0x75, 0x00, 0x00, 0x00, 0x2d, 0x00, 0x00, 0x00, 0x25, 0x00, 0x00, 0x00, 0x30, 0x00, 0x00, 0x00,
    0x32, 0x00, 0x00, 0x00, 0x75, 0x00, 0x00, 0x00, 0x20, 0x00, 0x00, 0x00, 0x25, 0x00, 0x00, 0x00,
    0x30, 0x00, 0x00, 0x00, 0x32, 0x00, 0x00, 0x00, 0x75, 0x00, 0x00, 0x00, 0x3a, 0x00, 0x00, 0x00,
    0x25, 0x00, 0x00, 0x00, 0x30, 0x00, 0x00, 0x00, 0x32, 0x00, 0x00, 0x00, 0x75, 0x00, 0x00, 0x00,
    0x00, 0x00, 0x00, 0x00, 0x3f, 0x00, 0x00, 0x00, 0x3f, 0x00, 0x00, 0x00, 0x2d, 0x00, 0x00, 0x00,
    0x3f, 0x00, 0x00, 0x00, 0x3f, 0x00, 0x00, 0x00, 0x2d, 0x00, 0x00, 0x00, 0x3f, 0x00, 0x00, 0x00,
    0x3f, 0x00, 0x00, 0x00, 0x3f, 0x00, 0x00, 0x00, 0x3f, 0x00, 0x00, 0x00, 0x20, 0x00, 0x00, 0x00,
    0x3f, 0x00, 0x00, 0x00, 0x3f, 0x00, 0x00, 0x00, 0x3a, 0x00, 0x00, 0x00, 0x3f, 0x00, 0x00, 0x00,
    0x3f, 0x00, 0x00, 0x00, 0x00, 0x00, 0x00, 0x00, 0x3f, 0x00, 0x00, 0x00, 0x3f, 0x00, 0x00, 0x00,
    0x2d, 0x00, 0x00, 0x00, 0x3f, 0x00, 0x00, 0x00, 0x3f, 0x00, 0x00, 0x00, 0x2d, 0x00, 0x00, 0x00,
    0x3f, 0x00, 0x00, 0x00, 0x3f, 0x00, 0x00, 0x00, 0x20, 0x00, 0x00, 0x00, 0x3f, 0x00, 0x00, 0x00,
    0x3f, 0x00, 0x00, 0x00, 0x3a, 0x00, 0x00, 0x00, 0x3f, 0x00, 0x00, 0x00, 0x3f, 0x00, 0x00, 0x00,
    0x00, 0x00, 0x00, 0x00, 0x00, 0x00, 0x00, 0x00, 0x03, 0x00, 0x00, 0x00, 0x00, 0x00, 0x00, 0x00,
    0x00, 0x00, 0x00, 0x00, 0x01, 0x23, 0x45, 0x67, 0x89, 0xab, 0xcd, 0xef, 0xfe, 0xdc, 0xba, 0x98,
    0x76, 0x54, 0x32, 0x10, 0x67, 0xe6, 0x09, 0x6a, 0x85, 0xae, 0x67, 0xbb, 0x72, 0xf3, 0x6e, 0x3c,
    0x3a, 0xf5, 0x4f, 0xa5, 0x7f, 0x52, 0x0e, 0x51, 0x8c, 0x68, 0x05, 0x9b, 0xab, 0xd9, 0x83, 0x1f,
    0x19, 0xcd, 0xe0, 0x5b, 0x98, 0x2f, 0x8a, 0x42, 0x91, 0x44, 0x37, 0x71, 0xcf, 0xfb, 0xc0, 0xb5,
    0xa5, 0xdb, 0xb5, 0xe9, 0x5b, 0xc2, 0x56, 0x39, 0xf1, 0x11, 0xf1, 0x59, 0xa4, 0x82, 0x3f, 0x92,
    0xd5, 0x5e, 0x1c, 0xab, 0x98, 0xaa, 0x07, 0xd8, 0x01, 0x5b, 0x83, 0x12, 0xbe, 0x85, 0x31, 0x24,
    0xc3, 0x7d, 0x0c, 0x55, 0x74, 0x5d, 0xbe, 0x72, 0xfe, 0xb1, 0xde, 0x80, 0xa7, 0x06, 0xdc, 0x9b,
    0x74, 0xf1, 0x9b, 0xc1, 0xc1, 0x69, 0x9b, 0xe4, 0x86, 0x47, 0xbe, 0xef, 0xc6, 0x9d, 0xc1, 0x0f,
    0xcc, 0xa1, 0x0c, 0x24, 0x6f, 0x2c, 0xe9, 0x2d, 0xaa, 0x84, 0x74, 0x4a, 0xdc, 0xa9, 0xb0, 0x5c,
    0xda, 0x88, 0xf9, 0x76, 0x52, 0x51, 0x3e, 0x98, 0x6d, 0xc6, 0x31, 0xa8, 0xc8, 0x27, 0x03, 0xb0,
    0xc7, 0x7f, 0x59, 0xbf, 0xf3, 0x0b, 0xe0, 0xc6, 0x47, 0x91, 0xa7, 0xd5, 0x51, 0x63, 0xca, 0x06,
    0x67, 0x29, 0x29, 0x14, 0x85, 0x0a, 0xb7, 0x27, 0x38, 0x21, 0x1b, 0x2e, 0xfc, 0x6d, 0x2c, 0x4d,
    0x13, 0x0d, 0x38, 0x53, 0x54, 0x73, 0x0a, 0x65, 0xbb, 0x0a, 0x6a, 0x76, 0x2e, 0xc9, 0xc2, 0x81,
    0x85, 0x2c, 0x72, 0x92, 0xa1, 0xe8, 0xbf, 0xa2, 0x4b, 0x66, 0x1a, 0xa8, 0x70, 0x8b, 0x4b, 0xc2,
    0xa3, 0x51, 0x6c, 0xc7, 0x19, 0xe8, 0x92, 0xd1, 0x24, 0x06, 0x99, 0xd6, 0x85, 0x35, 0x0e, 0xf4,
    0x70, 0xa0, 0x6a, 0x10, 0x16, 0xc1, 0xa4, 0x19, 0x08, 0x6c, 0x37, 0x1e, 0x4c, 0x77, 0x48, 0x27,
    0xb5, 0xbc, 0xb0, 0x34, 0xb3, 0x0c, 0x1c, 0x39, 0x4a, 0xaa, 0xd8, 0x4e, 0x4f, 0xca, 0x9c, 0x5b,
    0xf3, 0x6f, 0x2e, 0x68, 0xee, 0x82, 0x8f, 0x74, 0x6f, 0x63, 0xa5, 0x78, 0x14, 0x78, 0xc8, 0x84,
    0x08, 0x02, 0xc7, 0x8c, 0xfa, 0xff, 0xbe, 0x90, 0xeb, 0x6c, 0x50, 0xa4, 0xf7, 0xa3, 0xf9, 0xbe,
    0xf2, 0x78, 0x71, 0xc6, 0x80, 0x00, 0x00, 0x00, 0x00, 0x00, 0x00, 0x00, 0xa0, 0x00, 0x00, 0x00,
    0x00, 0x00, 0x00, 0x00, 0x2e, 0x00, 0x00, 0x00, 0x2e, 0x00, 0x00, 0x00, 0x00, 0x00, 0x00, 0x00,
    0x00, 0x00, 0x00, 0x00, 0x01, 0x02, 0x03, 0x04, 0x06, 0x08, 0x0a, 0x0c, 0x0f, 0x12, 0x15, 0x18,
    0x00, 0x00, 0x00, 0x00, 0x00, 0x00, 0x00, 0x00, 0x00, 0x35, 0x00, 0x00, 0x00, 0x04, 0x08, 0x10,
    0x20, 0x40, 0x80, 0xc0, 0x02, 0x02, 0x03, 0x04, 0x05, 0x06, 0x06, 0x06, 0x00, 0x00, 0x00, 0x00,
    0x00, 0x00, 0x00, 0x00, 0x1c, 0x20, 0x24, 0x28, 0x2c, 0x30, 0x34, 0x38, 0x3c, 0x40, 0x44, 0x48,
    0x4c, 0x50, 0x54, 0x58, 0x00, 0x00, 0x00, 0x00, 0x01, 0x00, 0x00, 0x00, 0x00, 0x00, 0x00, 0x00,
    0x00, 0x00, 0x00, 0x00, 0x00, 0x00, 0x00, 0x00, 0x00, 0x00, 0x00, 0x00, 0x00, 0x00, 0x00, 0x00,
    0x80, 0x00, 0x00, 0x00, 0x04, 0x04, 0x06, 0x06, 0x00, 0x00, 0x07, 0x07, 0x04, 0x04, 0x00, 0x00,
    0x04, 0x04, 0x00, 0x00, 0x19, 0x0e, 0x09, 0x07, 0x05, 0x05, 0x04, 0x04, 0x04, 0x03, 0x03, 0x03,
    0x02, 0x02, 0x02, 0x02, 0x26, 0x00, 0x4a, 0x4e, 0x35, 0x00, 0x05, 0x0a, 0x0f, 0x14, 0x19, 0x1e,
    0x23, 0x28, 0x2c, 0x00, 0x61, 0x02, 0xd0, 0x00, 0x00, 0x00, 0x64, 0x02, 0x35, 0x00, 0xd4, 0x00,
    0xf8, 0x00, 0x2b, 0x00, 0x00, 0x38, 0x53, 0x60, 0x6e, 0x4e, 0x61, 0x6b, 0x76, 0x80, 0x00, 0x02,
    0x0a, 0x0a, 0x0a, 0x0a, 0x0a, 0x0a, 0x0a, 0x0a, 0x0a, 0x0a, 0x0a, 0x0a, 0x0a, 0x0a, 0x0b, 0x0a,
    0x0a, 0x0a, 0x0a, 0x00, 0x0a, 0x0a, 0x0a, 0x0a, 0x0a, 0x00, 0x0a, 0x0a, 0x0d, 0x00, 0x00, 0x00,
    0x01, 0x00, 0x00, 0x00, 0x03, 0x00, 0x00, 0x00, 0x04, 0x00, 0x00, 0x00, 0x04, 0x00, 0x00, 0x00,
    0x05, 0x00, 0x00, 0x00, 0x06, 0x00, 0x00, 0x00, 0x07, 0x00, 0x00, 0x00, 0x08, 0x00, 0x00, 0x00,
    0x08, 0x00, 0x00, 0x00, 0x04, 0x00, 0x00, 0x00, 0x04, 0x00, 0x00, 0x00, 0x05, 0x00, 0x00, 0x00,
    0x06, 0x00, 0x00, 0x00, 0x06, 0x00, 0x00, 0x00, 0x04, 0x00, 0x00, 0x00, 0x00, 0x00, 0x00, 0x00,
    0x02, 0x00, 0x00, 0x00, 0x03, 0x00, 0x00, 0x00, 0x03, 0x00, 0x00, 0x00, 0x03, 0x00, 0x00, 0x00,
    0x04, 0x00, 0x00, 0x00, 0x04, 0x00, 0x00, 0x00, 0x05, 0x00, 0x00, 0x00, 0x06, 0x00, 0x00, 0x00,
    0x06, 0x00, 0x00, 0x00, 0x04, 0x00, 0x00, 0x00, 0x04, 0x00, 0x00, 0x00, 0x05, 0x00, 0x00, 0x00,
    0x06, 0x00, 0x00, 0x00, 0x06, 0x00, 0x00, 0x00, 0x04, 0x00, 0x00, 0x00, 0x00, 0x00, 0x00, 0x00,
    0x00, 0x00, 0x00, 0x00, 0xa0, 0x00, 0x00, 0x00, 0xd0, 0x00, 0x00, 0x00, 0xe0, 0x00, 0x00, 0x00,
    0xf0, 0x00, 0x00, 0x00, 0xf8, 0x00, 0x00, 0x00, 0xfc, 0x00, 0x00, 0x00, 0xfe, 0x00, 0x00, 0x00,
    0xff, 0x00, 0x00, 0x00, 0xc0, 0x00, 0x00, 0x00, 0x80, 0x00, 0x00, 0x00, 0x90, 0x00, 0x00, 0x00,
    0x98, 0x00, 0x00, 0x00, 0x9c, 0x00, 0x00, 0x00, 0xb0, 0x00, 0x00, 0x00, 0x00, 0x00, 0x00, 0x00,
    0x40, 0x00, 0x00, 0x00, 0x60, 0x00, 0x00, 0x00, 0xa0, 0x00, 0x00, 0x00, 0xd0, 0x00, 0x00, 0x00,
    0xe0, 0x00, 0x00, 0x00, 0xf0, 0x00, 0x00, 0x00, 0xf8, 0x00, 0x00, 0x00, 0xfc, 0x00, 0x00, 0x00,
    0xc0, 0x00, 0x00, 0x00, 0x80, 0x00, 0x00, 0x00, 0x90, 0x00, 0x00, 0x00, 0x98, 0x00, 0x00, 0x00,
    0x9c, 0x00, 0x00, 0x00, 0xb0, 0x00, 0x00, 0x00, 0x00, 0xa0, 0x00, 0x00, 0x00, 0xc0, 0x00, 0x00,
    0x00, 0xd0, 0x00, 0x00, 0x00, 0xe0, 0x00, 0x00, 0x00, 0xea, 0x00, 0x00, 0x00, 0xee, 0x00, 0x00,
    0x00, 0xf0, 0x00, 0x00, 0x00, 0xf2, 0x00, 0x00, 0x40, 0xf2, 0x00, 0x00, 0xff, 0xff, 0x00, 0x00,
    0x00, 0x00, 0x00, 0x00, 0x00, 0x00, 0x00, 0x00, 0x00, 0x00, 0x00, 0x00, 0x00, 0x00, 0x00, 0x00,
    0x05, 0x00, 0x00, 0x00, 0x07, 0x00, 0x00, 0x00, 0x09, 0x00, 0x00, 0x00, 0x0d, 0x00, 0x00, 0x00,
    0x12, 0x00, 0x00, 0x00, 0x16, 0x00, 0x00, 0x00, 0x1a, 0x00, 0x00, 0x00, 0x22, 0x00, 0x00, 0x00,
    0x24, 0x00, 0x00, 0x00, 0x00, 0x80, 0x00, 0x00, 0x00, 0xa0, 0x00, 0x00, 0x00, 0xc0, 0x00, 0x00,
    0x00, 0xd0, 0x00, 0x00, 0x00, 0xe0, 0x00, 0x00, 0x00, 0xea, 0x00, 0x00, 0x00, 0xee, 0x00, 0x00,
    0x00, 0xf0, 0x00, 0x00, 0x00, 0xf2, 0x00, 0x00, 0x00, 0xf2, 0x00, 0x00, 0xff, 0xff, 0x00, 0x00,
    0x00, 0x00, 0x00, 0x00, 0x00, 0x00, 0x00, 0x00, 0x00, 0x00, 0x00, 0x00, 0x02, 0x00, 0x00, 0x00,
    0x03, 0x00, 0x00, 0x00, 0x05, 0x00, 0x00, 0x00, 0x07, 0x00, 0x00, 0x00, 0x0b, 0x00, 0x00, 0x00,
    0x10, 0x00, 0x00, 0x00, 0x14, 0x00, 0x00, 0x00, 0x18, 0x00, 0x00, 0x00, 0x20, 0x00, 0x00, 0x00,
    0x20, 0x00, 0x00, 0x00, 0x00, 0x10, 0x00, 0x00, 0x00, 0x24, 0x00, 0x00, 0x00, 0x80, 0x00, 0x00,
    0x00, 0xc0, 0x00, 0x00, 0x00, 0xfa, 0x00, 0x00, 0xff, 0xff, 0x00, 0x00, 0xff, 0xff, 0x00, 0x00,
    0xff, 0xff, 0x00, 0x00, 0x00, 0x20, 0x00, 0x00, 0x00, 0xc0, 0x00, 0x00, 0x00, 0xe0, 0x00, 0x00,
    0x00, 0xf0, 0x00, 0x00, 0x00, 0xf2, 0x00, 0x00, 0x00, 0xf2, 0x00, 0x00, 0xe0, 0xf7, 0x00, 0x00,
    0xff, 0xff, 0x00, 0x00, 0x00, 0x00, 0x00, 0x00, 0x00, 0x00, 0x00, 0x00, 0x00, 0x00, 0x00, 0x00,
    0x00, 0x00, 0x00, 0x00, 0x00, 0x00, 0x00, 0x00, 0x00, 0x00, 0x00, 0x00, 0x02, 0x00, 0x00, 0x00,
    0x07, 0x00, 0x00, 0x00, 0x35, 0x00, 0x00, 0x00, 0x75, 0x00, 0x00, 0x00, 0xe9, 0x00, 0x00, 0x00,
    0x00, 0x00, 0x00, 0x00, 0x00, 0x00, 0x00, 0x00, 0x00, 0x00, 0x00, 0x00, 0x00, 0x00, 0x00, 0x00,
    0x00, 0x00, 0x00, 0x00, 0x00, 0x00, 0x00, 0x00, 0x00, 0x00, 0x00, 0x00, 0x00, 0x00, 0x00, 0x00,
    0x04, 0x00, 0x00, 0x00, 0x2c, 0x00, 0x00, 0x00, 0x3c, 0x00, 0x00, 0x00, 0x4c, 0x00, 0x00, 0x00,
    0x50, 0x00, 0x00, 0x00, 0x50, 0x00, 0x00, 0x00, 0x7f, 0x00, 0x00, 0x00, 0x00, 0x80, 0x00, 0x00,
    0x00, 0xc0, 0x00, 0x00, 0x00, 0xe0, 0x00, 0x00, 0x00, 0xf2, 0x00, 0x00, 0x00, 0xf2, 0x00, 0x00,
    0x00, 0xf2, 0x00, 0x00, 0x00, 0xf2, 0x00, 0x00, 0x00, 0xf2, 0x00, 0x00, 0xff, 0xff, 0x00, 0x00,
    0x00, 0x00, 0x00, 0x00, 0x00, 0x00, 0x00, 0x00, 0x00, 0x00, 0x00, 0x00, 0x00, 0x00, 0x00, 0x00,
    0x00, 0x00, 0x00, 0x00, 0x08, 0x00, 0x00, 0x00, 0x10, 0x00, 0x00, 0x00, 0x18, 0x00, 0x00, 0x00,
    0x21, 0x00, 0x00, 0x00, 0x21, 0x00, 0x00, 0x00, 0x21, 0x00, 0x00, 0x00, 0x21, 0x00, 0x00, 0x00,
    0x21, 0x00, 0x00, 0x00, 0x00, 0xff, 0x00, 0x00, 0xff, 0xff, 0x00, 0x00, 0xff, 0xff, 0x00, 0x00,
    0xff, 0xff, 0x00, 0x00, 0xff, 0xff, 0x00, 0x00, 0xff, 0xff, 0x00, 0x00, 0x00, 0x00, 0x00, 0x00,
    0x00, 0x00, 0x00, 0x00, 0x00, 0x00, 0x00, 0x00, 0x00, 0x00, 0x00, 0x00, 0x00, 0x00, 0x00, 0x00,
    0x00, 0x00, 0x00, 0x00, 0x00, 0x00, 0x00, 0x00, 0x00, 0x00, 0x00, 0x00, 0x00, 0x00, 0x00, 0x00,
    0xff, 0x00, 0x00, 0x00, 0x00, 0x00, 0x00, 0x00, 0x00, 0x00, 0x00, 0x00, 0x00, 0x00, 0x00, 0x00,
    0x00, 0x08, 0x00, 0x00, 0x00, 0x24, 0x00, 0x00, 0x00, 0xee, 0x00, 0x00, 0x80, 0xfe, 0x00, 0x00,
    0xff, 0xff, 0x00, 0x00, 0xff, 0xff, 0x00, 0x00, 0xff, 0xff, 0x00, 0x00, 0x00, 0x00, 0x00, 0x00,
    0x00, 0x00, 0x00, 0x00, 0x00, 0x00, 0x00, 0x00, 0x00, 0x00, 0x00, 0x00, 0x00, 0x00, 0x00, 0x00,
    0x00, 0x00, 0x00, 0x00, 0x00, 0x00, 0x00, 0x00, 0x02, 0x00, 0x00, 0x00, 0x10, 0x00, 0x00, 0x00,
    0xda, 0x00, 0x00, 0x00, 0xfb, 0x00, 0x00, 0x00, 0x00, 0x00, 0x00, 0x00, 0x00, 0x00, 0x00, 0x00,
    0x00, 0x00, 0x00, 0x00, 0x01, 0x00, 0x00, 0x00, 0x02, 0x00, 0x00, 0x00, 0x03, 0x00, 0x00, 0x00,
    0x04, 0x00, 0x00, 0x00, 0x06, 0x00, 0x00, 0x00, 0x08, 0x00, 0x00, 0x00, 0x0c, 0x00, 0x00, 0x00,
    0x10, 0x00, 0x00, 0x00, 0x18, 0x00, 0x00, 0x00, 0x20, 0x00, 0x00, 0x00, 0x30, 0x00, 0x00, 0x00,
    0x40, 0x00, 0x00, 0x00, 0x60, 0x00, 0x00, 0x00, 0x80, 0x00, 0x00, 0x00, 0xc0, 0x00, 0x00, 0x00,
    0x00, 0x01, 0x00, 0x00, 0x80, 0x01, 0x00, 0x00, 0x00, 0x02, 0x00, 0x00, 0x00, 0x03, 0x00, 0x00,
    0x00, 0x04, 0x00, 0x00, 0x00, 0x06, 0x00, 0x00, 0x00, 0x08, 0x00, 0x00, 0x00, 0x0c, 0x00, 0x00,
    0x00, 0x10, 0x00, 0x00, 0x00, 0x18, 0x00, 0x00, 0x00, 0x20, 0x00, 0x00, 0x00, 0x30, 0x00, 0x00,
    0x00, 0x40, 0x00, 0x00, 0x00, 0x60, 0x00, 0x00, 0x00, 0x80, 0x00, 0x00, 0x00, 0xc0, 0x00, 0x00,
    0x00, 0x00, 0x01, 0x00, 0x00, 0x80, 0x01, 0x00, 0x00, 0x00, 0x02, 0x00, 0x00, 0x00, 0x03, 0x00,
    0x00, 0x00, 0x04, 0x00, 0x00, 0x00, 0x05, 0x00, 0x00, 0x00, 0x06, 0x00, 0x00, 0x00, 0x07, 0x00,
    0x00, 0x00, 0x08, 0x00, 0x00, 0x00, 0x09, 0x00, 0x00, 0x00, 0x0a, 0x00, 0x00, 0x00, 0x0b, 0x00,
    0x00, 0x00, 0x0c, 0x00, 0x00, 0x00, 0x0d, 0x00, 0x00, 0x00, 0x0e, 0x00, 0x00, 0x00, 0x0f, 0x00,
    0x00, 0x00, 0x00, 0x00, 0x01, 0x01, 0x02, 0x02, 0x03, 0x03, 0x04, 0x04, 0x05, 0x05, 0x06, 0x06,
    0x07, 0x07, 0x08, 0x08, 0x09, 0x09, 0x0a, 0x0a, 0x0b, 0x0b, 0x0c, 0x0c, 0x0d, 0x0d, 0x0e, 0x0e,
    0x0f, 0x0f, 0x10, 0x10, 0x10, 0x10, 0x10, 0x10, 0x10, 0x10, 0x10, 0x10, 0x10, 0x10, 0x10, 0x10,
    0x00, 0x01, 0x02, 0x03, 0x04, 0x05, 0x06, 0x07, 0x08, 0x0a, 0x0c, 0x0e, 0x10, 0x14, 0x18, 0x1c,
    0x20, 0x28, 0x30, 0x38, 0x40, 0x50, 0x60, 0x70, 0x80, 0xa0, 0xc0, 0xe0, 0x00, 0x00, 0x00, 0x00,
    0x00, 0x00, 0x00, 0x00, 0x01, 0x01, 0x01, 0x01, 0x02, 0x02, 0x02, 0x02, 0x03, 0x03, 0x03, 0x03,
    0x04, 0x04, 0x04, 0x04, 0x05, 0x05, 0x05, 0x05, 0x04, 0x00, 0x00, 0x00, 0x02, 0x00, 0x00, 0x00,
    0x02, 0x00, 0x00, 0x00, 0x02, 0x00, 0x00, 0x00, 0x02, 0x00, 0x00, 0x00, 0x02, 0x00, 0x00, 0x00,
    0x02, 0x00, 0x00, 0x00, 0x02, 0x00, 0x00, 0x00, 0x02, 0x00, 0x00, 0x00, 0x02, 0x00, 0x00, 0x00,
    0x02, 0x00, 0x00, 0x00, 0x02, 0x00, 0x00, 0x00, 0x02, 0x00, 0x00, 0x00, 0x02, 0x00, 0x00, 0x00,
    0x02, 0x00, 0x00, 0x00, 0x02, 0x00, 0x00, 0x00, 0x0e, 0x00, 0x00, 0x00, 0x00, 0x00, 0x00, 0x00,
    0x0c, 0x00, 0x00, 0x00, 0x0a, 0x00, 0x00, 0x00, 0x54, 0x00, 0x00, 0x00, 0x68, 0x00, 0x00, 0x00,
    0x72, 0x00, 0x00, 0x00, 0x65, 0x00, 0x00, 0x00, 0x61, 0x00, 0x00, 0x00, 0x64, 0x00, 0x00, 0x00,
    0x20, 0x00, 0x00, 0x00, 0x70, 0x00, 0x00, 0x00, 0x6f, 0x00, 0x00, 0x00, 0x6f, 0x00, 0x00, 0x00,
    0x6c, 0x00, 0x00, 0x00, 0x20, 0x00, 0x00, 0x00, 0x69, 0x00, 0x00, 0x00, 0x6e, 0x00, 0x00, 0x00,
    0x69, 0x00, 0x00, 0x00, 0x74, 0x00, 0x00, 0x00, 0x69, 0x00, 0x00, 0x00, 0x61, 0x00, 0x00, 0x00,
    0x6c, 0x00, 0x00, 0x00, 0x69, 0x00, 0x00, 0x00, 0x7a, 0x00, 0x00, 0x00, 0x61, 0x00, 0x00, 0x00,
    0x74, 0x00, 0x00, 0x00, 0x69, 0x00, 0x00, 0x00, 0x6f, 0x00, 0x00, 0x00, 0x6e, 0x00, 0x00, 0x00,
    0x20, 0x00, 0x00, 0x00, 0x66, 0x00, 0x00, 0x00, 0x61, 0x00, 0x00, 0x00, 0x69, 0x00, 0x00, 0x00,
    0x6c, 0x00, 0x00, 0x00, 0x65, 0x00, 0x00, 0x00, 0x64, 0x00, 0x00, 0x00, 0x2e, 0x00, 0x00, 0x00,
    0x00, 0x00, 0x00, 0x00, 0x0a, 0x00, 0x00, 0x00, 0x70, 0x00, 0x00, 0x00, 0x74, 0x00, 0x00, 0x00,
    0x68, 0x00, 0x00, 0x00, 0x72, 0x00, 0x00, 0x00, 0x65, 0x00, 0x00, 0x00, 0x61, 0x00, 0x00, 0x00,
    0x64, 0x00, 0x00, 0x00, 0x5f, 0x00, 0x00, 0x00, 0x63, 0x00, 0x00, 0x00, 0x72, 0x00, 0x00, 0x00,
    0x65, 0x00, 0x00, 0x00, 0x61, 0x00, 0x00, 0x00, 0x74, 0x00, 0x00, 0x00, 0x65, 0x00, 0x00, 0x00,
    0x20, 0x00, 0x00, 0x00, 0x66, 0x00, 0x00, 0x00, 0x61, 0x00, 0x00, 0x00, 0x69, 0x00, 0x00, 0x00,
    0x6c, 0x00, 0x00, 0x00, 0x65, 0x00, 0x00, 0x00, 0x64, 0x00, 0x00, 0x00, 0x2c, 0x00, 0x00, 0x00,
    0x20, 0x00, 0x00, 0x00, 0x63, 0x00, 0x00, 0x00, 0x6f, 0x00, 0x00, 0x00, 0x64, 0x00, 0x00, 0x00,
    0x65, 0x00, 0x00, 0x00, 0x20, 0x00, 0x00, 0x00, 0x25, 0x00, 0x00, 0x00, 0x64, 0x00, 0x00, 0x00,
    0x0a, 0x00, 0x00, 0x00, 0x00, 0x00, 0x00, 0x00, 0x0a, 0x00, 0x00, 0x00, 0x70, 0x00, 0x00, 0x00,
    0x74, 0x00, 0x00, 0x00, 0x68, 0x00, 0x00, 0x00, 0x72, 0x00, 0x00, 0x00, 0x65, 0x00, 0x00, 0x00,
    0x61, 0x00, 0x00, 0x00, 0x64, 0x00, 0x00, 0x00, 0x5f, 0x00, 0x00, 0x00, 0x63, 0x00, 0x00, 0x00,
    0x6f, 0x00, 0x00, 0x00, 0x6e, 0x00, 0x00, 0x00, 0x64, 0x00, 0x00, 0x00, 0x5f, 0x00, 0x00, 0x00,
    0x77, 0x00, 0x00, 0x00, 0x61, 0x00, 0x00, 0x00, 0x69, 0x00, 0x00, 0x00, 0x74, 0x00, 0x00, 0x00,
    0x20, 0x00, 0x00, 0x00, 0x65, 0x00, 0x00, 0x00, 0x72, 0x00, 0x00, 0x00, 0x72, 0x00, 0x00, 0x00,
    0x6f, 0x00, 0x00, 0x00, 0x72, 0x00, 0x00, 0x00, 0x20, 0x00, 0x00, 0x00, 0x25, 0x00, 0x00, 0x00,
    0x64, 0x00, 0x00, 0x00, 0x00, 0x00, 0x00, 0x00, 0xf7, 0x01, 0x8a, 0x00, 0x64, 0x00, 0xf3, 0x01,
    0x93, 0x00, 0xa0, 0x00, 0x72, 0x00, 0xad, 0x00, 0xf3, 0x01, 0xb2, 0x00, 0xdd, 0x00, 0xf3, 0x01,
    0x05, 0x01, 0xf3, 0x01, 0x3c, 0x00, 0x00, 0x00, 0x17, 0x00, 0xc0, 0x00, 0xcd, 0x00, 0x0d, 0x01,
    0x17, 0x01, 0x25, 0x00, 0x82, 0x00, 0x22, 0x01, 0x33, 0x00, 0x00, 0x00, 0x87, 0x00, 0x5d, 0x00,
    0x00, 0x00, 0xc3, 0x01, 0xc3, 0x01, 0xc3, 0x01, 0xc3, 0x01, 0xc3, 0x01, 0xc3, 0x01, 0xc3, 0x01,
    0xc3, 0x01, 0xc3, 0x01, 0xc3, 0x01, 0xc3, 0x01, 0xc3, 0x01, 0xc3, 0x01, 0xc3, 0x01, 0xc3, 0x01,
    0xc3, 0x01, 0xc3, 0x01, 0xc3, 0x01, 0xc3, 0x01, 0xc3, 0x01, 0xc3, 0x01, 0xc3, 0x01, 0xc3, 0x01,
    0xc3, 0x01, 0xc3, 0x01, 0xc3, 0x01, 0xc3, 0x01, 0xc3, 0x01, 0xc3, 0x01, 0xc3, 0x01, 0xc3, 0x01,
    0xc3, 0x01, 0xc3, 0x01, 0xc3, 0x01, 0xc3, 0x01, 0xc3, 0x01, 0xc3, 0x01, 0xc3, 0x01, 0xc3, 0x01,
    0xc3, 0x01, 0xc3, 0x01, 0xc3, 0x01, 0xc3, 0x01, 0xc3, 0x01, 0x18, 0x02, 0xc3, 0x01, 0xc3, 0x01,
    0xc3, 0x01, 0xc3, 0x01, 0xc3, 0x01, 0xc3, 0x01, 0xc3, 0x01, 0xc3, 0x01, 0xc3, 0x01, 0xc3, 0x01,
    0xc3, 0x01, 0xc3, 0x01, 0xc3, 0x01, 0xc3, 0x01, 0xc3, 0x01, 0xc3, 0x01, 0xc3, 0x01, 0xc3, 0x01,
    0xc3, 0x01, 0x1a, 0x02, 0x1c, 0x02, 0xc3, 0x01, 0xc3, 0x01, 0xc3, 0x01, 0xc3, 0x01, 0xc3, 0x01,
    0xc3, 0x01, 0xc3, 0x01, 0xc3, 0x01, 0x21, 0x02, 0x24, 0x02, 0xc3, 0x01, 0x27, 0x02, 0x29, 0x02,
    0xc3, 0x01, 0xc3, 0x01, 0xc3, 0x01, 0x2e, 0x02, 0x00, 0x00, 0x9f, 0x00, 0x9f, 0x00, 0x9f, 0x00,
    0x9f, 0x00, 0x9f, 0x00, 0x9f, 0x00, 0x9f, 0x00, 0x9f, 0x00, 0x9f, 0x00, 0x9f, 0x00, 0x9f, 0x00,
    0x9f, 0x00, 0x9f, 0x00, 0x9f, 0x00, 0x9f, 0x00, 0x9f, 0x00, 0x9f, 0x00, 0x9f, 0x00, 0x9f, 0x00,
    0x9f, 0x00, 0x9f, 0x00, 0x5b, 0x01, 0x69, 0x01, 0x6d, 0x01, 0x9f, 0x00, 0x9f, 0x00, 0x9f, 0x00,
    0x9f, 0x00, 0x9f, 0x00, 0x9f, 0x00, 0x71, 0x01, 0x78, 0x01, 0x9f, 0x00, 0x9f, 0x00, 0x9f, 0x00,
    0x9f, 0x00, 0x9f, 0x00, 0x9f, 0x00, 0x9f, 0x00, 0x9f, 0x00, 0x7f, 0x01, 0x00, 0x00, 0xd1, 0x01,
    0xf5, 0x01, 0xd1, 0x01, 0xd1, 0x01, 0xd1, 0x01, 0xd1, 0x01, 0xd1, 0x01, 0xd1, 0x01, 0xd1, 0x01,
    0xd1, 0x01, 0xd1, 0x01, 0xd1, 0x01, 0xd1, 0x01, 0xd1, 0x01, 0xd1, 0x01, 0xd1, 0x01, 0xd1, 0x01,
    0xd1, 0x01, 0xd1, 0x01, 0xd1, 0x01, 0xd1, 0x01, 0xd1, 0x01, 0xd1, 0x01, 0xd1, 0x01, 0xd1, 0x01,
    0xd1, 0x01, 0xd1, 0x01, 0xd1, 0x01, 0xf8, 0x01, 0xd1, 0x01, 0xd1, 0x01, 0xd1, 0x01, 0xfb, 0x01,
    0xd1, 0x01, 0xd1, 0x01, 0xd1, 0x01, 0xd1, 0x01, 0xd1, 0x01, 0xfe, 0x01, 0xd1, 0x01, 0xd1, 0x01,
    0xd1, 0x01, 0xd1, 0x01, 0x01, 0x02, 0x00, 0x00, 0xb0, 0x01, 0x6e, 0x01, 0x6e, 0x01, 0x6e, 0x01,
    0x6e, 0x01, 0x6e, 0x01, 0x6e, 0x01, 0x6e, 0x01, 0x6e, 0x01, 0xb0, 0x01, 0x6e, 0x01, 0x6e, 0x01,
    0x6e, 0x01, 0x6e, 0x01, 0x6e, 0x01, 0x74, 0x01, 0xa6, 0x01, 0x00, 0x0d, 0x02, 0x04, 0x06, 0x0d,
    0x0d, 0x0d, 0x08, 0x0d, 0x0d, 0x0d, 0x0d, 0x0d, 0x0d, 0x0d, 0x0d, 0x0a, 0x0d, 0x0c, 0x0c, 0x0e,
    0x01, 0x01, 0x01, 0x01, 0x01, 0x01, 0x01, 0x01, 0x01, 0x01, 0x01, 0x00, 0x10, 0x00, 0x00, 0x00,
    0xbc, 0x01, 0x84, 0x01, 0x84, 0x01, 0xbf, 0x01, 0x84, 0x01, 0xcb, 0x01, 0x84, 0x01, 0x84, 0x01,
    0x84, 0x01, 0x84, 0x01, 0x88, 0x01, 0xce, 0x01, 0xd1, 0x01, 0x84, 0x01, 0x84, 0x01, 0xd6, 0x01,
    0x00, 0x00, 0x00, 0x00, 0x2e, 0x00, 0x00, 0x00, 0x2f, 0x00, 0x00, 0x00, 0x41, 0x00, 0x00, 0x00,
    0x46, 0x00, 0x00, 0x00, 0x55, 0x00, 0x00, 0x00, 0x4d, 0x00, 0x00, 0x00, 0x00, 0x00, 0x00, 0x00,
    0x63, 0x00, 0x00, 0x00, 0x66, 0x00, 0x00, 0x00, 0x67, 0x00, 0x00, 0x00, 0x2d, 0x00, 0x00, 0x00,
    0x00, 0x00, 0x00, 0x00, 0x69, 0x00, 0x00, 0x00, 0x6c, 0x00, 0x00, 0x00, 0x6f, 0x00, 0x00, 0x00,
    0x67, 0x00, 0x00, 0x00, 0x00, 0x00, 0x00, 0x00, 0x73, 0x00, 0x00, 0x00, 0x63, 0x00, 0x00, 0x00,
    0x00, 0x00, 0x00, 0x00, 0x2e, 0x00, 0x00, 0x00, 0x72, 0x00, 0x00, 0x00, 0x61, 0x00, 0x00, 0x00,
    0x72, 0x00, 0x00, 0x00, 0x72, 0x00, 0x00, 0x00, 0x63, 0x00, 0x00, 0x00, 0x00, 0x00, 0x00, 0x00,
    0x73, 0x00, 0x00, 0x00, 0x77, 0x00, 0x00, 0x00, 0x69, 0x00, 0x00, 0x00, 0x74, 0x00, 0x00, 0x00,
    0x63, 0x00, 0x00, 0x00, 0x68, 0x00, 0x00, 0x00, 0x65, 0x00, 0x00, 0x00, 0x73, 0x00, 0x00, 0x00,
    0x3d, 0x00, 0x00, 0x00, 0x00, 0x00, 0x00, 0x00, 0x4c, 0x00, 0x00, 0x00, 0x4f, 0x00, 0x00, 0x00,
    0x47, 0x00, 0x00, 0x00, 0x00, 0x00, 0x00, 0x00, 0x2e, 0x00, 0x00, 0x00, 0x72, 0x00, 0x00, 0x00,
    0x61, 0x00, 0x00, 0x00, 0x72, 0x00, 0x00, 0x00, 0x6c, 0x00, 0x00, 0x00, 0x6f, 0x00, 0x00, 0x00,
    0x67, 0x00, 0x00, 0x00, 0x00, 0x00, 0x00, 0x00, 0x53, 0x00, 0x00, 0x00, 0x4e, 0x00, 0x00, 0x00,
    0x44, 0x00, 0x00, 0x00, 0x00, 0x00, 0x00, 0x00, 0x45, 0x00, 0x00, 0x00, 0x52, 0x00, 0x00, 0x00,
    0x52, 0x00, 0x00, 0x00, 0x00, 0x00, 0x00, 0x00, 0x45, 0x00, 0x00, 0x00, 0x4d, 0x00, 0x00, 0x00,
    0x4c, 0x00, 0x00, 0x00, 0x00, 0x00, 0x00, 0x00, 0x40, 0x00, 0x00, 0x00, 0x00, 0x00, 0x00, 0x00,
    0x4e, 0x00, 0x00, 0x00, 0x55, 0x00, 0x00, 0x00, 0x4c, 0x00, 0x00, 0x00, 0x00, 0x00, 0x00, 0x00,
    0x4f, 0x00, 0x00, 0x00, 0x46, 0x00, 0x00, 0x00, 0x46, 0x00, 0x00, 0x00, 0x00, 0x00, 0x00, 0x00,
    0x37, 0x00, 0x00, 0x00, 0x7a, 0x00, 0x00, 0x00, 0x3b, 0x00, 0x00, 0x00, 0x61, 0x00, 0x00, 0x00,
    0x63, 0x00, 0x00, 0x00, 0x65, 0x00, 0x00, 0x00, 0x3b, 0x00, 0x00, 0x00, 0x61, 0x00, 0x00, 0x00,
    0x72, 0x00, 0x00, 0x00, 0x6a, 0x00, 0x00, 0x00, 0x3b, 0x00, 0x00, 0x00, 0x62, 0x00, 0x00, 0x00,
    0x7a, 0x00, 0x00, 0x00, 0x32, 0x00, 0x00, 0x00, 0x3b, 0x00, 0x00, 0x00, 0x63, 0x00, 0x00, 0x00,
    0x61, 0x00, 0x00, 0x00, 0x62, 0x00, 0x00, 0x00, 0x3b, 0x00, 0x00, 0x00, 0x67, 0x00, 0x00, 0x00,
    0x7a, 0x00, 0x00, 0x00, 0x3b, 0x00, 0x00, 0x00, 0x6a, 0x00, 0x00, 0x00, 0x70, 0x00, 0x00, 0x00,
    0x65, 0x00, 0x00, 0x00, 0x67, 0x00, 0x00, 0x00, 0x3b, 0x00, 0x00, 0x00, 0x6a, 0x00, 0x00, 0x00,
    0x70, 0x00, 0x00, 0x00, 0x67, 0x00, 0x00, 0x00, 0x3b, 0x00, 0x00, 0x00, 0x6c, 0x00, 0x00, 0x00,
    0x68, 0x00, 0x00, 0x00, 0x61, 0x00, 0x00, 0x00, 0x3b, 0x00, 0x00, 0x00, 0x6c, 0x00, 0x00, 0x00,
    0x7a, 0x00, 0x00, 0x00, 0x68, 0x00, 0x00, 0x00, 0x3b, 0x00, 0x00, 0x00, 0x6d, 0x00, 0x00, 0x00,
    0x70, 0x00, 0x00, 0x00, 0x33, 0x00, 0x00, 0x00, 0x3b, 0x00, 0x00, 0x00, 0x72, 0x00, 0x00, 0x00,
    0x61, 0x00, 0x00, 0x00, 0x72, 0x00, 0x00, 0x00, 0x3b, 0x00, 0x00, 0x00, 0x74, 0x00, 0x00, 0x00,
    0x61, 0x00, 0x00, 0x00, 0x7a, 0x00, 0x00, 0x00, 0x3b, 0x00, 0x00, 0x00, 0x74, 0x00, 0x00, 0x00,
    0x67, 0x00, 0x00, 0x00, 0x7a, 0x00, 0x00, 0x00, 0x3b, 0x00, 0x00, 0x00, 0x78, 0x00, 0x00, 0x00,
    0x7a, 0x00, 0x00, 0x00, 0x3b, 0x00, 0x00, 0x00, 0x7a, 0x00, 0x00, 0x00, 0x3b, 0x00, 0x00, 0x00,
    0x7a, 0x00, 0x00, 0x00, 0x69, 0x00, 0x00, 0x00, 0x70, 0x00, 0x00, 0x00, 0x00, 0x00, 0x00, 0x00,
    0x2a, 0x00, 0x00, 0x00, 0x3f, 0x00, 0x00, 0x00, 0x2e, 0x00, 0x00, 0x00, 0x00, 0x00, 0x00, 0x00,
    0x2a, 0x00, 0x00, 0x00, 0x2e, 0x00, 0x00, 0x00, 0x25, 0x00, 0x00, 0x00, 0x73, 0x00, 0x00, 0x00,
    0x00, 0x00, 0x00, 0x00, 0x73, 0x00, 0x00, 0x00, 0x74, 0x00, 0x00, 0x00, 0x64, 0x00, 0x00, 0x00,
    0x69, 0x00, 0x00, 0x00, 0x6e, 0x00, 0x00, 0x00, 0x00, 0x00, 0x00, 0x00, 0x46, 0x00, 0x00, 0x00,
    0x55, 0x00, 0x00, 0x00, 0x41, 0x00, 0x00, 0x00, 0x44, 0x00, 0x00, 0x00, 0x50, 0x00, 0x00, 0x00,
    0x58, 0x00, 0x00, 0x00, 0x45, 0x00, 0x00, 0x00, 0x54, 0x00, 0x00, 0x00, 0x4b, 0x00, 0x00, 0x00,
    0x00, 0x00, 0x00, 0x00, 0x41, 0x00, 0x00, 0x00, 0x46, 0x00, 0x00, 0x00, 0x55, 0x00, 0x00, 0x00,
    0x4d, 0x00, 0x00, 0x00, 0x44, 0x00, 0x00, 0x00, 0x00, 0x00, 0x00, 0x00, 0x52, 0x41, 0x52, 0x00,
    0x03, 0x00, 0x00, 0x00, 0x02, 0x00, 0x00, 0x00, 0x00, 0x00, 0x00, 0x00, 0x01, 0x01, 0x01, 0x00,
    0x01, 0x00, 0x00, 0x00, 0x00, 0x01, 0x02, 0x02, 0x03, 0x03, 0x03, 0x03, 0x12, 0x17, 0x00, 0x03,
    0x51, 0x00, 0x00, 0x00, 0x4f, 0x00, 0x00, 0x00, 0x00, 0x00, 0x00, 0x00, 0x25, 0x00, 0x00, 0x00,
    0x2e, 0x00, 0x00, 0x00, 0x2a, 0x00, 0x00, 0x00, 0x6c, 0x00, 0x00, 0x00, 0x73, 0x00, 0x00, 0x00,
    0x28, 0x00, 0x00, 0x00, 0x25, 0x00, 0x00, 0x00, 0x75, 0x00, 0x00, 0x00, 0x29, 0x00, 0x00, 0x00,
    0x25, 0x00, 0x00, 0x00, 0x6c, 0x00, 0x00, 0x00, 0x73, 0x00, 0x00, 0x00, 0x00, 0x00, 0x00, 0x00,
    0x5f, 0x00, 0x00, 0x00, 0x5f, 0x00, 0x00, 0x00, 0x72, 0x00, 0x00, 0x00, 0x61, 0x00, 0x00, 0x00,
    0x72, 0x00, 0x00, 0x00, 0x5f, 0x00, 0x00, 0x00, 0x00, 0x00, 0x00, 0x00, 0x00, 0x00, 0x04, 0x00,
    0x00, 0x00, 0x00, 0x00, 0x00, 0x00, 0x00, 0x00, 0x39, 0x00, 0x95, 0x00, 0xc6, 0x00, 0x81, 0x01,
    0x4c, 0x5f, 0x69, 0x74, 0x7e, 0x00, 0x00, 0x00, 0x35, 0x00, 0x00, 0x00, 0x87, 0x68, 0x57, 0xad,
    0x01, 0x00, 0x00, 0x00, 0x39, 0x00, 0x00, 0x00, 0x7e, 0xe5, 0xd7, 0x3c, 0x02, 0x00, 0x00, 0x00,
    0x78, 0x00, 0x00, 0x00, 0x3f, 0x89, 0x69, 0x37, 0x03, 0x00, 0x00, 0x00, 0x1d, 0x00, 0x00, 0x00,
    0x7d, 0x07, 0x06, 0x0e, 0x06, 0x00, 0x00, 0x00, 0x95, 0x00, 0x00, 0x00, 0xc8, 0x5d, 0x2c, 0x1c,
    0x04, 0x00, 0x00, 0x00, 0xd8, 0x00, 0x00, 0x00, 0x01, 0xe7, 0x85, 0xbc, 0x05, 0x00, 0x00, 0x00,
    0x04, 0x04, 0x06, 0x06, 0x00, 0x00, 0x07, 0x07, 0x04, 0x04, 0x00, 0x00, 0x04, 0x04, 0x00, 0x00,
    0x67, 0xe6, 0x09, 0x6a, 0x85, 0xae, 0x67, 0xbb, 0x72, 0xf3, 0x6e, 0x3c, 0x3a, 0xf5, 0x4f, 0xa5,
    0x7f, 0x52, 0x0e, 0x51, 0x8c, 0x68, 0x05, 0x9b, 0xab, 0xd9, 0x83, 0x1f, 0x19, 0xcd, 0xe0, 0x5b,
    0x00, 0x01, 0x02, 0x03, 0x04, 0x05, 0x06, 0x07, 0x08, 0x09, 0x0a, 0x0b, 0x0c, 0x0d, 0x0e, 0x0f,
    0x0e, 0x0a, 0x04, 0x08, 0x09, 0x0f, 0x0d, 0x06, 0x01, 0x0c, 0x00, 0x02, 0x0b, 0x07, 0x05, 0x03,
    0x0b, 0x08, 0x0c, 0x00, 0x05, 0x02, 0x0f, 0x0d, 0x0a, 0x0e, 0x03, 0x06, 0x07, 0x01, 0x09, 0x04,
    0x07, 0x09, 0x03, 0x01, 0x0d, 0x0c, 0x0b, 0x0e, 0x02, 0x06, 0x05, 0x0a, 0x04, 0x00, 0x0f, 0x08,
    0x09, 0x00, 0x05, 0x07, 0x02, 0x04, 0x0a, 0x0f, 0x0e, 0x01, 0x0b, 0x0c, 0x06, 0x08, 0x03, 0x0d,
    0x02, 0x0c, 0x06, 0x0a, 0x00, 0x0b, 0x08, 0x03, 0x04, 0x0d, 0x07, 0x05, 0x0f, 0x0e, 0x01, 0x09,
    0x0c, 0x05, 0x01, 0x0f, 0x0e, 0x0d, 0x04, 0x0a, 0x00, 0x07, 0x06, 0x03, 0x09, 0x02, 0x08, 0x0b,
    0x0d, 0x0b, 0x07, 0x0e, 0x0c, 0x01, 0x03, 0x09, 0x05, 0x00, 0x0f, 0x04, 0x08, 0x06, 0x02, 0x0a,
    0x06, 0x0f, 0x0e, 0x09, 0x0b, 0x03, 0x00, 0x08, 0x0c, 0x02, 0x0d, 0x07, 0x01, 0x04, 0x0a, 0x05,
    0x0a, 0x02, 0x08, 0x04, 0x07, 0x06, 0x01, 0x05, 0x0f, 0x0b, 0x09, 0x0e, 0x03, 0x0c, 0x0d, 0x00,
    0x5c, 0x3f, 0x3f, 0x5c, 0x00, 0x00, 0x00, 0x00, 0x55, 0x00, 0x00, 0x00, 0x4f, 0x00, 0x00, 0x00,
    0x57, 0x00, 0x00, 0x00, 0x00, 0x00, 0x00, 0x00, 0x03, 0x31, 0x31, 0x00, 0x00, 0x03, 0x00, 0x31,
    0x31, 0x31, 0x31, 0x31, 0x31, 0x31, 0x31, 0x31, 0x31, 0x31, 0x31, 0x31, 0x00, 0x31, 0x31, 0x31,
    0x31, 0x31, 0x31, 0x31, 0x31, 0x31, 0x31, 0x31, 0x31, 0x31, 0x31, 0x31, 0x00, 0x00, 0x03, 0x0a,
    0x0f, 0x13, 0x18, 0x2d, 0x30, 0x37, 0x36, 0x24, 0x4c, 0x75, 0x61, 0x56, 0x65, 0x72, 0x73, 0x69,
    0x6f, 0x6e, 0x3a, 0x20, 0x4c, 0x75, 0x61, 0x20, 0x35, 0x2e, 0x33, 0x2e, 0x30, 0x20, 0x20, 0x43,
    0x6f, 0x70, 0x79, 0x72, 0x69, 0x67, 0x68, 0x74, 0x20, 0x28, 0x43, 0x29, 0x20, 0x31, 0x39, 0x39,
    0x34, 0x2d, 0x32, 0x30, 0x31, 0x35, 0x20, 0x4c, 0x75, 0x61, 0x2e, 0x6f, 0x72, 0x67, 0x2c, 0x20,
    0x50, 0x55, 0x43, 0x2d, 0x52, 0x69, 0x6f, 0x20, 0x24, 0x24, 0x4c, 0x75, 0x61, 0x41, 0x75, 0x74,
    0x68, 0x6f, 0x72, 0x73, 0x3a, 0x20, 0x52, 0x2e, 0x20, 0x49, 0x65, 0x72, 0x75, 0x73, 0x61, 0x6c,
    0x69, 0x6d, 0x73, 0x63, 0x68, 0x79, 0x2c, 0x20, 0x4c, 0x2e, 0x20, 0x48, 0x2e, 0x20, 0x64, 0x65,
    0x20, 0x46, 0x69, 0x67, 0x75, 0x65, 0x69, 0x72, 0x65, 0x64, 0x6f, 0x2c, 0x20, 0x57, 0x2e, 0x20,
    0x43, 0x65, 0x6c, 0x65, 0x73, 0x20, 0x24, 0x00, 0x00, 0x80, 0xfb, 0x43, 0x28, 0x2a, 0x6e, 0x6f,
    0x20, 0x6e, 0x61, 0x6d, 0x65, 0x29, 0x00, 0x00, 0x00, 0x00, 0x00, 0x00, 0x00, 0x00, 0x00, 0x00,
    0x00, 0x00, 0x00, 0x00, 0x00, 0x10, 0x00, 0x00, 0x00, 0x00, 0x00, 0x00, 0x00, 0x00, 0x00, 0x00,
    0x00, 0x00, 0x00, 0x00, 0x00, 0x06, 0x12, 0x23, 0x31, 0x73, 0x74, 0x61, 0x63, 0x6b, 0x20, 0x74,
    0x72, 0x61, 0x63, 0x65, 0x62, 0x61, 0x63, 0x6b, 0x3a, 0x00, 0x0a, 0x09, 0x2e, 0x2e, 0x2e, 0x00,
    0x53, 0x6c, 0x6e, 0x74, 0x00, 0x0a, 0x09, 0x25, 0x73, 0x3a, 0x00, 0x25, 0x64, 0x3a, 0x00, 0x0a,
    0x09, 0x28, 0x2e, 0x2e, 0x2e, 0x74, 0x61, 0x69, 0x6c, 0x20, 0x63, 0x61, 0x6c, 0x6c, 0x73, 0x2e,
    0x2e, 0x2e, 0x29, 0x00, 0x62, 0x61, 0x64, 0x20, 0x61, 0x72, 0x67, 0x75, 0x6d, 0x65, 0x6e, 0x74,
    0x20, 0x23, 0x25, 0x64, 0x20, 0x28, 0x25, 0x73, 0x29, 0x00, 0x63, 0x61, 0x6c, 0x6c, 0x69, 0x6e,
    0x67, 0x20, 0x27, 0x25, 0x73, 0x27, 0x20, 0x6f, 0x6e, 0x20, 0x62, 0x61, 0x64, 0x20, 0x73, 0x65,
    0x6c, 0x66, 0x20, 0x28, 0x25, 0x73, 0x29, 0x00, 0x62, 0x61, 0x64, 0x20, 0x61, 0x72, 0x67, 0x75,
    0x6d, 0x65, 0x6e, 0x74, 0x20, 0x23, 0x25, 0x64, 0x20, 0x74, 0x6f, 0x20, 0x27, 0x25, 0x73, 0x27,
    0x20, 0x28, 0x25, 0x73, 0x29, 0x00, 0x53, 0x6c, 0x00, 0x25, 0x73, 0x3a, 0x25, 0x64, 0x3a, 0x20,
    0x00, 0x65, 0x78, 0x69, 0x74, 0x00, 0x73, 0x69, 0x67, 0x6e, 0x61, 0x6c, 0x00, 0x5f, 0x5f, 0x6e,
    0x61, 0x6d, 0x65, 0x00, 0x69, 0x6e, 0x76, 0x61, 0x6c, 0x69, 0x64, 0x20, 0x6f, 0x70, 0x74, 0x69,
    0x6f, 0x6e, 0x20, 0x27, 0x25, 0x73, 0x27, 0x00, 0x73, 0x74, 0x61, 0x63, 0x6b, 0x20, 0x6f, 0x76,
    0x65, 0x72, 0x66, 0x6c, 0x6f, 0x77, 0x20, 0x28, 0x25, 0x73, 0x29, 0x00, 0x76, 0x61, 0x6c, 0x75,
    0x65, 0x20, 0x65, 0x78, 0x70, 0x65, 0x63, 0x74, 0x65, 0x64, 0x00, 0x62, 0x75, 0x66, 0x66, 0x65,
    0x72, 0x20, 0x74, 0x6f, 0x6f, 0x20, 0x6c, 0x61, 0x72, 0x67, 0x65, 0x00, 0x3d, 0x73, 0x74, 0x64,
    0x69, 0x6e, 0x00, 0x40, 0x25, 0x73, 0x00, 0x72, 0x65, 0x6f, 0x70, 0x65, 0x6e, 0x00, 0x6f, 0x62,
    0x6a, 0x65, 0x63, 0x74, 0x20, 0x6c, 0x65, 0x6e, 0x67, 0x74, 0x68, 0x20, 0x69, 0x73, 0x20, 0x6e,
    0x6f, 0x74, 0x20, 0x61, 0x6e, 0x20, 0x69, 0x6e, 0x74, 0x65, 0x67, 0x65, 0x72, 0x00, 0x5f, 0x5f,
    0x74, 0x6f, 0x73, 0x74, 0x72, 0x69, 0x6e, 0x67, 0x00, 0x25, 0x49, 0x00, 0x74, 0x72, 0x75, 0x65,
    0x00, 0x66, 0x61, 0x6c, 0x73, 0x65, 0x00, 0x25, 0x73, 0x3a, 0x20, 0x25, 0x70, 0x00, 0x74, 0x6f,
    0x6f, 0x20, 0x6d, 0x61, 0x6e, 0x79, 0x20, 0x75, 0x70, 0x76, 0x61, 0x6c, 0x75, 0x65, 0x73, 0x00,
    0x5f, 0x4c, 0x4f, 0x41, 0x44, 0x45, 0x44, 0x00, 0x63, 0x6f, 0x72, 0x65, 0x20, 0x61, 0x6e, 0x64,
    0x20, 0x6c, 0x69, 0x62, 0x72, 0x61, 0x72, 0x79, 0x20, 0x68, 0x61, 0x76, 0x65, 0x20, 0x69, 0x6e,
    0x63, 0x6f, 0x6d, 0x70, 0x61, 0x74, 0x69, 0x62, 0x6c, 0x65, 0x20, 0x6e, 0x75, 0x6d, 0x65, 0x72,
    0x69, 0x63, 0x20, 0x74, 0x79, 0x70, 0x65, 0x73, 0x00, 0x6d, 0x75, 0x6c, 0x74, 0x69, 0x70, 0x6c,
    0x65, 0x20, 0x4c, 0x75, 0x61, 0x20, 0x56, 0x4d, 0x73, 0x20, 0x64, 0x65, 0x74, 0x65, 0x63, 0x74,
    0x65, 0x64, 0x00, 0x76, 0x65, 0x72, 0x73, 0x69, 0x6f, 0x6e, 0x20, 0x6d, 0x69, 0x73, 0x6d, 0x61,
    0x74, 0x63, 0x68, 0x3a, 0x20, 0x61, 0x70, 0x70, 0x2e, 0x20, 0x6e, 0x65, 0x65, 0x64, 0x73, 0x20,
    0x25, 0x66, 0x2c, 0x20, 0x4c, 0x75, 0x61, 0x20, 0x63, 0x6f, 0x72, 0x65, 0x20, 0x70, 0x72, 0x6f,
    0x76, 0x69, 0x64, 0x65, 0x73, 0x20, 0x25, 0x66, 0x00, 0x66, 0x75, 0x6e, 0x63, 0x74, 0x69, 0x6f,
    0x6e, 0x20, 0x27, 0x25, 0x73, 0x27, 0x00, 0x25, 0x73, 0x20, 0x27, 0x25, 0x73, 0x27, 0x00, 0x6d,
    0x61, 0x69, 0x6e, 0x20, 0x63, 0x68, 0x75, 0x6e, 0x6b, 0x00, 0x66, 0x75, 0x6e, 0x63, 0x74, 0x69,
    0x6f, 0x6e, 0x20, 0x3c, 0x25, 0x73, 0x3a, 0x25, 0x64, 0x3e, 0x00, 0x5f, 0x47, 0x2e, 0x00, 0x6c,
    0x69, 0x67, 0x68, 0x74, 0x20, 0x75, 0x73, 0x65, 0x72, 0x64, 0x61, 0x74, 0x61, 0x00, 0x25, 0x73,
    0x20, 0x65, 0x78, 0x70, 0x65, 0x63, 0x74, 0x65, 0x64, 0x2c, 0x20, 0x67, 0x6f, 0x74, 0x20, 0x25,
    0x73, 0x00, 0x6e, 0x75, 0x6d, 0x62, 0x65, 0x72, 0x20, 0x68, 0x61, 0x73, 0x20, 0x6e, 0x6f, 0x20,
    0x69, 0x6e, 0x74, 0x65, 0x67, 0x65, 0x72, 0x20, 0x72, 0x65, 0x70, 0x72, 0x65, 0x73, 0x65, 0x6e,
    0x74, 0x61, 0x74, 0x69, 0x6f, 0x6e, 0x00, 0x63, 0x61, 0x6e, 0x6e, 0x6f, 0x74, 0x20, 0x25, 0x73,
    0x20, 0x25, 0x73, 0x3a, 0x20, 0x25, 0x73, 0x00, 0x50, 0x41, 0x4e, 0x49, 0x43, 0x3a, 0x20, 0x75,
    0x6e, 0x70, 0x72, 0x6f, 0x74, 0x65, 0x63, 0x74, 0x65, 0x64, 0x20, 0x65, 0x72, 0x72, 0x6f, 0x72,
    0x20, 0x69, 0x6e, 0x20, 0x63, 0x61, 0x6c, 0x6c, 0x20, 0x74, 0x6f, 0x20, 0x4c, 0x75, 0x61, 0x20,
    0x41, 0x50, 0x49, 0x20, 0x28, 0x25, 0x73, 0x29, 0x0a, 0x00, 0x4c, 0x75, 0x61, 0x20, 0x35, 0x2e,
    0x33, 0x00, 0x5f, 0x56, 0x45, 0x52, 0x53, 0x49, 0x4f, 0x4e, 0x00, 0x61, 0x73, 0x73, 0x65, 0x72,
    0x74, 0x00, 0x63, 0x6f, 0x6c, 0x6c, 0x65, 0x63, 0x74, 0x67, 0x61, 0x72, 0x62, 0x61, 0x67, 0x65,
    0x00, 0x64, 0x6f, 0x66, 0x69, 0x6c, 0x65, 0x00, 0x67, 0x65, 0x74, 0x6d, 0x65, 0x74, 0x61, 0x74,
    0x61, 0x62, 0x6c, 0x65, 0x00, 0x6c, 0x6f, 0x61, 0x64, 0x66, 0x69, 0x6c, 0x65, 0x00, 0x6e, 0x65,
    0x78, 0x74, 0x00, 0x70, 0x72, 0x69, 0x6e, 0x74, 0x00, 0x72, 0x61, 0x77, 0x65, 0x71, 0x75, 0x61,
    0x6c, 0x00, 0x72, 0x61, 0x77, 0x6c, 0x65, 0x6e, 0x00, 0x72, 0x61, 0x77, 0x67, 0x65, 0x74, 0x00,
    0x72, 0x61, 0x77, 0x73, 0x65, 0x74, 0x00, 0x73, 0x65, 0x6c, 0x65, 0x63, 0x74, 0x00, 0x73, 0x65,
    0x74, 0x6d, 0x65, 0x74, 0x61, 0x74, 0x61, 0x62, 0x6c, 0x65, 0x00, 0x74, 0x6f, 0x6e, 0x75, 0x6d,
    0x62, 0x65, 0x72, 0x00, 0x78, 0x70, 0x63, 0x61, 0x6c, 0x6c, 0x00, 0x61, 0x73, 0x73, 0x65, 0x72,
    0x74, 0x69, 0x6f, 0x6e, 0x20, 0x66, 0x61, 0x69, 0x6c, 0x65, 0x64, 0x21, 0x00, 0x73, 0x74, 0x6f,
    0x70, 0x00, 0x72, 0x65, 0x73, 0x74, 0x61, 0x72, 0x74, 0x00, 0x63, 0x6f, 0x6c, 0x6c, 0x65, 0x63,
    0x74, 0x00, 0x63, 0x6f, 0x75, 0x6e, 0x74, 0x00, 0x73, 0x74, 0x65, 0x70, 0x00, 0x73, 0x65, 0x74,
    0x70, 0x61, 0x75, 0x73, 0x65, 0x00, 0x73, 0x65, 0x74, 0x73, 0x74, 0x65, 0x70, 0x6d, 0x75, 0x6c,
    0x00, 0x69, 0x73, 0x72, 0x75, 0x6e, 0x6e, 0x69, 0x6e, 0x67, 0x00, 0x5f, 0x5f, 0x6d, 0x65, 0x74,
    0x61, 0x74, 0x61, 0x62, 0x6c, 0x65, 0x00, 0x5f, 0x5f, 0x69, 0x6e, 0x64, 0x65, 0x78, 0x00, 0x5f,
    0x5f, 0x69, 0x70, 0x61, 0x69, 0x72, 0x73, 0x00, 0x3d, 0x28, 0x6c, 0x6f, 0x61, 0x64, 0x29, 0x00,
    0x74, 0x6f, 0x6f, 0x20, 0x6d, 0x61, 0x6e, 0x79, 0x20, 0x6e, 0x65, 0x73, 0x74, 0x65, 0x64, 0x20,
    0x66, 0x75, 0x6e, 0x63, 0x74, 0x69, 0x6f, 0x6e, 0x73, 0x00, 0x72, 0x65, 0x61, 0x64, 0x65, 0x72,
    0x20, 0x66, 0x75, 0x6e, 0x63, 0x74, 0x69, 0x6f, 0x6e, 0x20, 0x6d, 0x75, 0x73, 0x74, 0x20, 0x72,
    0x65, 0x74, 0x75, 0x72, 0x6e, 0x20, 0x61, 0x20, 0x73, 0x74, 0x72, 0x69, 0x6e, 0x67, 0x00, 0x5f,
    0x5f, 0x70, 0x61, 0x69, 0x72, 0x73, 0x00, 0x27, 0x74, 0x6f, 0x73, 0x74, 0x72, 0x69, 0x6e, 0x67,
    0x27, 0x20, 0x6d, 0x75, 0x73, 0x74, 0x20, 0x72, 0x65, 0x74, 0x75, 0x72, 0x6e, 0x20, 0x61, 0x20,
    0x73, 0x74, 0x72, 0x69, 0x6e, 0x67, 0x20, 0x74, 0x6f, 0x20, 0x27, 0x70, 0x72, 0x69, 0x6e, 0x74,
    0x27, 0x00, 0x74, 0x61, 0x62, 0x6c, 0x65, 0x20, 0x6f, 0x72, 0x20, 0x73, 0x74, 0x72, 0x69, 0x6e,
    0x67, 0x20, 0x65, 0x78, 0x70, 0x65, 0x63, 0x74, 0x65, 0x64, 0x00, 0x69, 0x6e, 0x64, 0x65, 0x78,
    0x20, 0x6f, 0x75, 0x74, 0x20, 0x6f, 0x66, 0x20, 0x72, 0x61, 0x6e, 0x67, 0x65, 0x00, 0x6e, 0x69,
    0x6c, 0x20, 0x6f, 0x72, 0x20, 0x74, 0x61, 0x62, 0x6c, 0x65, 0x20, 0x65, 0x78, 0x70, 0x65, 0x63,
    0x74, 0x65, 0x64, 0x00, 0x63, 0x61, 0x6e, 0x6e, 0x6f, 0x74, 0x20, 0x63, 0x68, 0x61, 0x6e, 0x67,
    0x65, 0x20, 0x61, 0x20, 0x70, 0x72, 0x6f, 0x74, 0x65, 0x63, 0x74, 0x65, 0x64, 0x20, 0x6d, 0x65,
    0x74, 0x61, 0x74, 0x61, 0x62, 0x6c, 0x65, 0x00, 0x62, 0x61, 0x73, 0x65, 0x20, 0x6f, 0x75, 0x74,
    0x20, 0x6f, 0x66, 0x20, 0x72, 0x61, 0x6e, 0x67, 0x65, 0x00, 0x20, 0x0c, 0x0a, 0x0d, 0x09, 0x0b,
    0x00, 0x00, 0x00, 0x00, 0x00, 0x00, 0x00, 0x00, 0x01, 0x00, 0x00, 0x00, 0x02, 0x00, 0x00, 0x00,
    0x03, 0x00, 0x00, 0x00, 0x05, 0x00, 0x00, 0x00, 0x06, 0x00, 0x00, 0x00, 0x07, 0x00, 0x00, 0x00,
    0x09, 0x00, 0x00, 0x00, 0x61, 0x72, 0x73, 0x68, 0x69, 0x66, 0x74, 0x00, 0x62, 0x74, 0x65, 0x73,
    0x74, 0x00, 0x65, 0x78, 0x74, 0x72, 0x61, 0x63, 0x74, 0x00, 0x6c, 0x72, 0x6f, 0x74, 0x61, 0x74,
    0x65, 0x00, 0x6c, 0x73, 0x68, 0x69, 0x66, 0x74, 0x00, 0x72, 0x65, 0x70, 0x6c, 0x61, 0x63, 0x65,
    0x00, 0x72, 0x72, 0x6f, 0x74, 0x61, 0x74, 0x65, 0x00, 0x66, 0x69, 0x65, 0x6c, 0x64, 0x20, 0x63,
    0x61, 0x6e, 0x6e, 0x6f, 0x74, 0x20, 0x62, 0x65, 0x20, 0x6e, 0x65, 0x67, 0x61, 0x74, 0x69, 0x76,
    0x65, 0x00, 0x77, 0x69, 0x64, 0x74, 0x68, 0x20, 0x6d, 0x75, 0x73, 0x74, 0x20, 0x62, 0x65, 0x20,
    0x70, 0x6f, 0x73, 0x69, 0x74, 0x69, 0x76, 0x65, 0x00, 0x74, 0x72, 0x79, 0x69, 0x6e, 0x67, 0x20,
    0x74, 0x6f, 0x20, 0x61, 0x63, 0x63, 0x65, 0x73, 0x73, 0x20, 0x6e, 0x6f, 0x6e, 0x2d, 0x65, 0x78,
    0x69, 0x73, 0x74, 0x65, 0x6e, 0x74, 0x20, 0x62, 0x69, 0x74, 0x73, 0x00, 0x00, 0x56, 0x56, 0x56,
    0x56, 0x56, 0x56, 0x09, 0x56, 0x56, 0x56, 0x56, 0x56, 0x56, 0x56, 0x56, 0x56, 0x56, 0x56, 0x56,
    0x56, 0x56, 0x56, 0x56, 0x56, 0x56, 0x00, 0x56, 0x56, 0x56, 0x56, 0x56, 0x14, 0x56, 0x29, 0x56,
    0x56, 0x56, 0x56, 0x56, 0x4f, 0x1b, 0x50, 0x01, 0x50, 0x01, 0x01, 0x00, 0x00, 0x00, 0x00, 0x00,
    0x00, 0x00, 0x00, 0x00, 0x00, 0x00, 0x00, 0x62, 0x5a, 0x01, 0x64, 0x5c, 0x01, 0x60, 0x58, 0x5e,
    0x01, 0x01, 0x52, 0x52, 0x01, 0x01, 0x01, 0x4d, 0x03, 0x09, 0x09, 0x09, 0x09, 0x09, 0x09, 0x09,
    0x09, 0x09, 0x09, 0x09, 0x09, 0x09, 0x09, 0x09, 0x09, 0x09, 0x09, 0x09, 0x09, 0x09, 0x09, 0x09,
    0x09, 0x09, 0x0e, 0x09, 0x09, 0x09, 0x09, 0x09, 0x00, 0x00, 0x09, 0x09, 0x09, 0x15, 0x33, 0x35,
    0x00, 0x00, 0x26, 0x12, 0x12, 0x00, 0x00, 0x00, 0x00, 0x46, 0x61, 0x74, 0x74, 0x65, 0x6d, 0x70,
    0x74, 0x20, 0x74, 0x6f, 0x20, 0x25, 0x73, 0x20, 0x61, 0x20, 0x25, 0x73, 0x20, 0x76, 0x61, 0x6c,
    0x75, 0x65, 0x25, 0x73, 0x00, 0x63, 0x6f, 0x6e, 0x63, 0x61, 0x74, 0x65, 0x6e, 0x61, 0x74, 0x65,
    0x00, 0x6e, 0x75, 0x6d, 0x62, 0x65, 0x72, 0x25, 0x73, 0x20, 0x68, 0x61, 0x73, 0x20, 0x6e, 0x6f,
    0x20, 0x69, 0x6e, 0x74, 0x65, 0x67, 0x65, 0x72, 0x20, 0x72, 0x65, 0x70, 0x72, 0x65, 0x73, 0x65,
    0x6e, 0x74, 0x61, 0x74, 0x69, 0x6f, 0x6e, 0x00, 0x61, 0x74, 0x74, 0x65, 0x6d, 0x70, 0x74, 0x20,
    0x74, 0x6f, 0x20, 0x63, 0x6f, 0x6d, 0x70, 0x61, 0x72, 0x65, 0x20, 0x74, 0x77, 0x6f, 0x20, 0x25,
    0x73, 0x20, 0x76, 0x61, 0x6c, 0x75, 0x65, 0x73, 0x00, 0x61, 0x74, 0x74, 0x65, 0x6d, 0x70, 0x74,
    0x20, 0x74, 0x6f, 0x20, 0x63, 0x6f, 0x6d, 0x70, 0x61, 0x72, 0x65, 0x20, 0x25, 0x73, 0x20, 0x77,
    0x69, 0x74, 0x68, 0x20, 0x25, 0x73, 0x00, 0x28, 0x2a, 0x74, 0x65, 0x6d, 0x70, 0x6f, 0x72, 0x61,
    0x72, 0x79, 0x29, 0x00, 0x28, 0x2a, 0x76, 0x61, 0x72, 0x61, 0x72, 0x67, 0x29, 0x00, 0x3d, 0x5b,
    0x43, 0x5d, 0x00, 0x3d, 0x3f, 0x00, 0x6d, 0x61, 0x69, 0x6e, 0x00, 0x68, 0x6f, 0x6f, 0x6b, 0x00,
    0x66, 0x6f, 0x72, 0x20, 0x69, 0x74, 0x65, 0x72, 0x61, 0x74, 0x6f, 0x72, 0x00, 0x6d, 0x65, 0x74,
    0x61, 0x6d, 0x65, 0x74, 0x68, 0x6f, 0x64, 0x00, 0x6c, 0x6f, 0x63, 0x61, 0x6c, 0x00, 0x5f, 0x45,
    0x4e, 0x56, 0x00, 0x67, 0x6c, 0x6f, 0x62, 0x61, 0x6c, 0x00, 0x66, 0x69, 0x65, 0x6c, 0x64, 0x00,
    0x75, 0x70, 0x76, 0x61, 0x6c, 0x75, 0x65, 0x00, 0x63, 0x6f, 0x6e, 0x73, 0x74, 0x61, 0x6e, 0x74,
    0x00, 0x20, 0x28, 0x25, 0x73, 0x20, 0x27, 0x25, 0x73, 0x27, 0x29, 0x00, 0x25, 0x73, 0x3a, 0x25,
    0x64, 0x3a, 0x20, 0x25, 0x73, 0x00, 0x43, 0x20, 0x73, 0x74, 0x61, 0x63, 0x6b, 0x20, 0x6f, 0x76,
    0x65, 0x72, 0x66, 0x6c, 0x6f, 0x77, 0x00, 0x61, 0x74, 0x74, 0x65, 0x6d, 0x70, 0x74, 0x20, 0x74,
    0x6f, 0x20, 0x79, 0x69, 0x65, 0x6c, 0x64, 0x20, 0x61, 0x63, 0x72, 0x6f, 0x73, 0x73, 0x20, 0x61,
    0x20, 0x43, 0x2d, 0x63, 0x61, 0x6c, 0x6c, 0x20, 0x62, 0x6f, 0x75, 0x6e, 0x64, 0x61, 0x72, 0x79,
    0x00, 0x61, 0x74, 0x74, 0x65, 0x6d, 0x70, 0x74, 0x20, 0x74, 0x6f, 0x20, 0x79, 0x69, 0x65, 0x6c,
    0x64, 0x20, 0x66, 0x72, 0x6f, 0x6d, 0x20, 0x6f, 0x75, 0x74, 0x73, 0x69, 0x64, 0x65, 0x20, 0x61,
    0x20, 0x63, 0x6f, 0x72, 0x6f, 0x75, 0x74, 0x69, 0x6e, 0x65, 0x00, 0x65, 0x72, 0x72, 0x6f, 0x72,
    0x20, 0x69, 0x6e, 0x20, 0x65, 0x72, 0x72, 0x6f, 0x72, 0x20, 0x68, 0x61, 0x6e, 0x64, 0x6c, 0x69,
    0x6e, 0x67, 0x00, 0x63, 0x61, 0x6e, 0x6e, 0x6f, 0x74, 0x20, 0x72, 0x65, 0x73, 0x75, 0x6d, 0x65,
    0x20, 0x6e, 0x6f, 0x6e, 0x2d, 0x73, 0x75, 0x73, 0x70, 0x65, 0x6e, 0x64, 0x65, 0x64, 0x20, 0x63,
    0x6f, 0x72, 0x6f, 0x75, 0x74, 0x69, 0x6e, 0x65, 0x00, 0x63, 0x61, 0x6e, 0x6e, 0x6f, 0x74, 0x20,
    0x72, 0x65, 0x73, 0x75, 0x6d, 0x65, 0x20, 0x64, 0x65, 0x61, 0x64, 0x20, 0x63, 0x6f, 0x72, 0x6f,
    0x75, 0x74, 0x69, 0x6e, 0x65, 0x00, 0x62, 0x69, 0x6e, 0x61, 0x72, 0x79, 0x00, 0x74, 0x65, 0x78,
    0x74, 0x00, 0x61, 0x74, 0x74, 0x65, 0x6d, 0x70, 0x74, 0x20, 0x74, 0x6f, 0x20, 0x6c, 0x6f, 0x61,
    0x64, 0x20, 0x61, 0x20, 0x25, 0x73, 0x20, 0x63, 0x68, 0x75, 0x6e, 0x6b, 0x20, 0x28, 0x6d, 0x6f,
    0x64, 0x65, 0x20, 0x69, 0x73, 0x20, 0x27, 0x25, 0x73, 0x27, 0x29, 0x00, 0x31, 0x00, 0x29, 0x18,
    0x00, 0x00, 0x00, 0x00, 0x00, 0x00, 0x00, 0x00, 0x00, 0x00, 0x00, 0x00, 0x00, 0x00, 0x29, 0x18,
    0x1b, 0x4c, 0x75, 0x61, 0x00, 0x19, 0x93, 0x0d, 0x0a, 0x1a, 0x0a, 0x00, 0x00, 0x0b, 0x08, 0x14,
    0x0e, 0x11, 0x14, 0x14, 0x14, 0x14, 0x14, 0x14, 0x14, 0x14, 0x14, 0x14, 0x00, 0x14, 0x14, 0x14,
    0x14, 0x14, 0x14, 0x14, 0x14, 0x14, 0x14, 0x14, 0x14, 0x14, 0x14, 0x14, 0x14, 0x14, 0x08, 0x00,
    0x06, 0x0a, 0x23, 0x26, 0x2a, 0x39, 0x39, 0x39, 0x39, 0x39, 0x39, 0x39, 0x39, 0x39, 0x39, 0x03,
    0x39, 0x39, 0x39, 0x39, 0x39, 0x39, 0x39, 0x39, 0x39, 0x39, 0x39, 0x39, 0x39, 0x39, 0x39, 0x39,
    0x39, 0x2e, 0x00, 0x0b, 0x6a, 0x7b, 0x8e, 0x9d, 0xc1, 0xca, 0x00, 0x00, 0x0e, 0x00, 0xb8, 0x01,
    0x36, 0x00, 0x50, 0x00, 0xb8, 0x01, 0xb8, 0x01, 0xb8, 0x01, 0xb8, 0x01, 0xb8, 0x01, 0xb8, 0x01,
    0xb8, 0x01, 0xb8, 0x01, 0xb8, 0x01, 0xb8, 0x01, 0xb8, 0x01, 0xb8, 0x01, 0xb8, 0x01, 0xb8, 0x01,
    0xb8, 0x01, 0xb8, 0x01, 0xb8, 0x01, 0xb8, 0x01, 0xb8, 0x01, 0xb8, 0x01, 0xb8, 0x01, 0xb8, 0x01,
    0xb8, 0x01, 0xb8, 0x01, 0xb8, 0x01, 0xb8, 0x01, 0xb8, 0x01, 0xb8, 0x01, 0x75, 0x00, 0x6e, 0x6f,
    0x20, 0x6d, 0x65, 0x73, 0x73, 0x61, 0x67, 0x65, 0x00, 0x65, 0x72, 0x72, 0x6f, 0x72, 0x20, 0x69,
    0x6e, 0x20, 0x5f, 0x5f, 0x67, 0x63, 0x20, 0x6d, 0x65, 0x74, 0x61, 0x6d, 0x65, 0x74, 0x68, 0x6f,
    0x64, 0x20, 0x28, 0x25, 0x73, 0x29, 0x00, 0x00, 0x00, 0x00, 0x11, 0x01, 0x11, 0x01, 0x11, 0x01,
    0x11, 0x01, 0x11, 0x01, 0x11, 0x01, 0x11, 0x01, 0x11, 0x01, 0x11, 0x01, 0x11, 0x01, 0x11, 0x01,
    0x11, 0x01, 0x11, 0x01, 0x11, 0x01, 0x11, 0x01, 0x11, 0x01, 0x11, 0x01, 0x11, 0x01, 0x11, 0x01,
    0x11, 0x01, 0x16, 0x00, 0x11, 0x01, 0x11, 0x01, 0x11, 0x01, 0x11, 0x01, 0x11, 0x01, 0x11, 0x01,
    0x11, 0x01, 0x11, 0x01, 0x11, 0x01, 0x11, 0x01, 0x10, 0x00, 0x11, 0x01, 0x29, 0x00, 0x5f, 0x49,
    0x4f, 0x5f, 0x69, 0x6e, 0x70, 0x75,
};
